E01004613,Wandsworth,Theft and Handling,Theft/Taking Of Motor Vehicle,0,2011,2
E01000368,Bexley,Violence Against the Person,Assault with Injury,1,2013,1
E01003934,Southwark,Violence Against the Person,Offensive Weapon,0,2011,12
E01000830,Bromley,Criminal Damage,Criminal Damage To Other Building,0,2010,5
E01002249,Havering,Criminal Damage,Criminal Damage To Other Building,0,2012,11
E01002506,Hillingdon,Criminal Damage,Criminal Damage To Other Building,1,2009,6
E01002073,Haringey,Theft and Handling,Other Theft,3,2010,10
E01000827,Bromley,Criminal Damage,Criminal Damage To Other Building,0,2015,4
E01000046,Barking and Dagenham,Drugs,Possession Of Drugs,0,2011,2
E01003549,Newham,Other Notifiable Offences,Other Notifiable,0,2013,3
E01002509,Hillingdon,Violence Against the Person,Offensive Weapon,0,2014,5
E01002045,Haringey,Violence Against the Person,Offensive Weapon,0,2010,7
E01004712,Westminster,Robbery,Personal Property,0,2009,11
E01000369,Bexley,Criminal Damage,Criminal Damage To Motor Vehicle,0,2008,5
E01001825,Hackney,Drugs,Possession Of Drugs,0,2013,12
E01002775,Islington,Robbery,Business Property,0,2009,5
E01002839,Kensington and Chelsea,Theft and Handling,Theft From Motor Vehicle,0,2015,7
E01004388,Waltham Forest,Criminal Damage,Criminal Damage To Other Building,0,2008,1
E01001762,Hackney,Violence Against the Person,Wounding/GBH,1,2015,2
E01001996,Haringey,Drugs,Possession Of Drugs,0,2009,10
E01002227,Harrow,Burglary,Burglary in Other Buildings,0,2008,10
E01003095,Lambeth,Violence Against the Person,Offensive Weapon,0,2016,8
E01003788,Redbridge,Theft and Handling,Theft/Taking of Pedal Cycle,0,2009,8
E01003076,Lambeth,Theft and Handling,Handling Stolen Goods,0,2016,9
E01003235,Lewisham,Theft and Handling,Theft/Taking Of Motor Vehicle,1,2016,4
E01004003,Southwark,Theft and Handling,Handling Stolen Goods,0,2015,11
E01003119,Lambeth,Other Notifiable Offences,Other Notifiable,0,2012,1
E01002539,Hillingdon,Burglary,Burglary in Other Buildings,0,2011,9
E01002734,Islington,Other Notifiable Offences,Other Notifiable,1,2011,2
E01001545,Enfield,Theft and Handling,Other Theft Person,0,2012,7
E01003589,Newham,Violence Against the Person,Other violence,0,2012,7
E01000015,Barking and Dagenham,Violence Against the Person,Offensive Weapon,0,2015,1
E01001117,Croydon,Theft and Handling,Theft/Taking of Pedal Cycle,2,2009,10
E01001792,Hackney,Fraud or Forgery,Counted per Victim,0,2012,3
E01001319,Ealing,Criminal Damage,Criminal Damage To Dwelling,0,2016,5
E01000449,Bexley,Robbery,Personal Property,0,2008,4
E01003365,Merton,Other Notifiable Offences,Other Notifiable,0,2010,11
E01001650,Greenwich,Drugs,Drug Trafficking,0,2015,5
E01001311,Ealing,Other Notifiable Offences,Other Notifiable,0,2014,10
E01002176,Harrow,Criminal Damage,Criminal Damage To Dwelling,0,2015,6
E01000985,Croydon,Drugs,Possession Of Drugs,0,2012,5
E01000399,Bexley,Theft and Handling,Theft/Taking Of Motor Vehicle,0,2015,12
E01000565,Brent,Theft and Handling,Theft From Shops,0,2014,4
E01004720,Westminster,Criminal Damage,Criminal Damage To Other Building,0,2008,10
E01002831,Kensington and Chelsea,Theft and Handling,Handling Stolen Goods,1,2013,8
E01000848,Camden,Theft and Handling,Handling Stolen Goods,0,2014,1
E01003401,Merton,Criminal Damage,Criminal Damage To Motor Vehicle,0,2014,6
E01001555,Enfield,Theft and Handling,Theft From Shops,3,2016,5
E01032568,Bromley,Theft and Handling,Other Theft Person,0,2009,6
E01001826,Hackney,Theft and Handling,Other Theft Person,0,2010,5
E01002060,Haringey,Drugs,Possession Of Drugs,0,2010,7
E01001347,Ealing,Theft and Handling,Theft/Taking Of Motor Vehicle,1,2009,12
E01004135,Sutton,Theft and Handling,Other Theft Person,0,2010,3
E01004103,Sutton,Burglary,Burglary in a Dwelling,0,2011,3
E01001737,Hackney,Theft and Handling,Theft/Taking Of Motor Vehicle,0,2008,12
E01002423,Hillingdon,Burglary,Burglary in Other Buildings,1,2016,4
E01000833,Bromley,Violence Against the Person,Common Assault,0,2009,10
E01002708,Islington,Drugs,Possession Of Drugs,4,2009,11
E01001211,Ealing,Theft and Handling,Theft From Motor Vehicle,1,2013,9
E01033486,Islington,Criminal Damage,Other Criminal Damage,0,2015,12
E01001391,Enfield,Theft and Handling,Other Theft,0,2010,11
E01001435,Enfield,Theft and Handling,Other Theft Person,0,2011,11
E01002868,Kensington and Chelsea,Other Notifiable Offences,Other Notifiable,0,2012,10
E01032742,Havering,Drugs,Possession Of Drugs,1,2014,3
E01004392,Waltham Forest,Theft and Handling,Other Theft Person,10,2013,7
E01033153,Waltham Forest,Criminal Damage,Criminal Damage To Dwelling,0,2012,3
E01004605,Wandsworth,Other Notifiable Offences,Other Notifiable,0,2010,3
E01002119,Harrow,Violence Against the Person,Harassment,0,2012,11
E01003534,Newham,Violence Against the Person,Assault with Injury,0,2013,6
E01002909,Kensington and Chelsea,Violence Against the Person,Offensive Weapon,0,2010,3
E01002098,Haringey,Theft and Handling,Theft From Shops,0,2013,4
E01001012,Croydon,Criminal Damage,Other Criminal Damage,0,2015,3
E01033324,Lewisham,Violence Against the Person,Wounding/GBH,0,2008,8
E01003246,Lewisham,Robbery,Personal Property,3,2015,1
E01033570,Richmond upon Thames,Burglary,Burglary in a Dwelling,0,2011,4
E01000416,Bexley,Violence Against the Person,Common Assault,0,2008,5
E01001953,Hammersmith and Fulham,Criminal Damage,Criminal Damage To Other Building,0,2010,9
E01001442,Enfield,Criminal Damage,Criminal Damage To Other Building,0,2009,6
E01002596,Hounslow,Theft and Handling,Other Theft,2,2009,3
E01001158,Croydon,Robbery,Personal Property,0,2013,11
E01002092,Haringey,Robbery,Personal Property,0,2008,10
E01002676,Hounslow,Criminal Damage,Criminal Damage To Other Building,0,2013,3
E01000401,Bexley,Criminal Damage,Criminal Damage To Other Building,0,2016,11
E01002383,Havering,Criminal Damage,Other Criminal Damage,0,2008,8
E01004412,Waltham Forest,Violence Against the Person,Harassment,0,2011,2
E01003539,Newham,Criminal Damage,Criminal Damage To Motor Vehicle,1,2010,6
E01000502,Brent,Violence Against the Person,Common Assault,0,2009,10
E01002028,Haringey,Theft and Handling,Other Theft,1,2012,3
E01000942,Camden,Robbery,Personal Property,1,2008,4
E01001542,Enfield,Other Notifiable Offences,Other Notifiable,0,2014,9
E01004168,Sutton,Drugs,Drug Trafficking,0,2009,11
E01001512,Enfield,Violence Against the Person,Assault with Injury,0,2010,1
E01000315,Barnet,Theft and Handling,Handling Stolen Goods,0,2014,12
E01001834,Hackney,Robbery,Personal Property,0,2011,11
E01033100,Wandsworth,Criminal Damage,Criminal Damage To Motor Vehicle,0,2009,10
E01002831,Kensington and Chelsea,Criminal Damage,Criminal Damage To Motor Vehicle,1,2016,2
E01002555,Hounslow,Fraud or Forgery,Counted per Victim,0,2016,2
E01000185,Barnet,Fraud or Forgery,Other Fraud & Forgery,0,2013,5
E01004340,Waltham Forest,Theft and Handling,Theft/Taking of Pedal Cycle,0,2014,5
E01004027,Southwark,Criminal Damage,Criminal Damage To Dwelling,0,2015,3
E01000353,Bexley,Theft and Handling,Motor Vehicle Interference & Tampering,1,2009,10
E01001097,Croydon,Theft and Handling,Theft From Motor Vehicle,7,2014,7
E01004508,Wandsworth,Criminal Damage,Criminal Damage To Motor Vehicle,1,2015,5
E01000823,Bromley,Burglary,Burglary in a Dwelling,1,2010,8
E01002889,Kensington and Chelsea,Theft and Handling,Theft/Taking Of Motor Vehicle,0,2009,12
E01000252,Barnet,Criminal Damage,Criminal Damage To Dwelling,0,2008,10
E01000711,Bromley,Theft and Handling,Theft From Shops,0,2011,3
E01001584,Greenwich,Criminal Damage,Other Criminal Damage,0,2015,8
E01004511,Wandsworth,Theft and Handling,Other Theft,0,2010,6
E01001506,Enfield,Violence Against the Person,Other violence,0,2013,3
E01003077,Lambeth,Violence Against the Person,Murder,0,2010,5
E01001282,Ealing,Violence Against the Person,Other violence,0,2016,1
E01004214,Tower Hamlets,Theft and Handling,Theft From Motor Vehicle,1,2016,1
E01002646,Hounslow,Robbery,Business Property,0,2013,7
E01003004,Kingston upon Thames,Theft and Handling,Theft/Taking of Pedal Cycle,0,2009,12
E01004748,Westminster,Theft and Handling,Motor Vehicle Interference & Tampering,0,2015,10
E01001068,Croydon,Violence Against the Person,Harassment,1,2010,9
E01001722,Hackney,Criminal Damage,Criminal Damage To Dwelling,1,2011,10
E01003520,Newham,Theft and Handling,Theft/Taking of Pedal Cycle,0,2013,12
E01001848,Hackney,Robbery,Personal Property,0,2016,1
E01000456,Bexley,Drugs,Possession Of Drugs,0,2016,1
E01000896,Camden,Criminal Damage,Other Criminal Damage,0,2014,9
E01000415,Bexley,Burglary,Burglary in a Dwelling,1,2016,4
E01000051,Barking and Dagenham,Theft and Handling,Theft/Taking of Pedal Cycle,0,2009,12
E01003762,Redbridge,Drugs,Possession Of Drugs,0,2010,8
E01001179,Croydon,Theft and Handling,Other Theft,2,2011,5
E01002474,Hillingdon,Criminal Damage,Criminal Damage To Other Building,0,2014,11
E01004275,Tower Hamlets,Theft and Handling,Motor Vehicle Interference & Tampering,0,2011,12
E01004230,Tower Hamlets,Drugs,Drug Trafficking,0,2009,3
E01001207,Ealing,Drugs,Drug Trafficking,0,2011,3
E01000850,Camden,Theft and Handling,Theft From Shops,19,2015,9
E01002428,Hillingdon,Violence Against the Person,Other violence,0,2014,10
E01001010,Croydon,Fraud or Forgery,Counted per Victim,0,2012,3
E01002010,Haringey,Theft and Handling,Motor Vehicle Interference & Tampering,0,2011,4
E01001964,Haringey,Robbery,Personal Property,0,2009,12
E01004141,Sutton,Violence Against the Person,Wounding/GBH,0,2016,7
E01004259,Tower Hamlets,Drugs,Other Drugs,0,2011,7
E01001230,Ealing,Violence Against the Person,Offensive Weapon,0,2015,8
E01033490,Islington,Other Notifiable Offences,Other Notifiable,0,2014,8
E01003401,Merton,Theft and Handling,Theft/Taking of Pedal Cycle,0,2016,5
E01002038,Haringey,Criminal Damage,Criminal Damage To Other Building,0,2012,8
E01002249,Havering,Violence Against the Person,Assault with Injury,0,2008,5
E01003229,Lewisham,Theft and Handling,Theft From Shops,2,2012,6
E01002605,Hounslow,Theft and Handling,Other Theft Person,0,2008,4
E01000071,Barking and Dagenham,Criminal Damage,Other Criminal Damage,0,2014,8
E01003197,Lewisham,Other Notifiable Offences,Going Equipped,0,2008,6
E01001907,Hammersmith and Fulham,Other Notifiable Offences,Other Notifiable,0,2014,5
E01002320,Havering,Violence Against the Person,Wounding/GBH,0,2008,9
E01002146,Harrow,Criminal Damage,Criminal Damage To Dwelling,0,2009,9
E01002813,Kensington and Chelsea,Robbery,Personal Property,0,2008,5
E01001527,Enfield,Violence Against the Person,Assault with Injury,0,2012,8
E01002700,Islington,Violence Against the Person,Common Assault,0,2008,7
E01004295,Tower Hamlets,Robbery,Business Property,0,2011,8
E01001320,Ealing,Burglary,Burglary in Other Buildings,1,2013,2
E01000553,Brent,Criminal Damage,Criminal Damage To Dwelling,0,2013,9
E01003395,Merton,Robbery,Business Property,0,2012,9
E01001798,Hackney,Criminal Damage,Other Criminal Damage,1,2014,8
E01003460,Merton,Violence Against the Person,Assault with Injury,0,2016,9
E01002742,Islington,Theft and Handling,Theft/Taking of Pedal Cycle,0,2009,2
E01003413,Merton,Theft and Handling,Theft From Shops,0,2013,10
E01001654,Greenwich,Other Notifiable Offences,Other Notifiable,0,2014,4
E01000957,Camden,Criminal Damage,Other Criminal Damage,1,2009,11
E01033093,Wandsworth,Violence Against the Person,Harassment,0,2010,5
E01001979,Haringey,Burglary,Burglary in Other Buildings,1,2016,1
E01002262,Havering,Drugs,Drug Trafficking,0,2009,10
E01001387,Ealing,Theft and Handling,Motor Vehicle Interference & Tampering,0,2016,9
E01001820,Hackney,Theft and Handling,Handling Stolen Goods,0,2014,12
E01000728,Bromley,Theft and Handling,Other Theft,4,2012,8
E01004003,Southwark,Other Notifiable Offences,Other Notifiable,0,2011,5
E01003260,Lewisham,Other Notifiable Offences,Other Notifiable,0,2015,5
E01002665,Hounslow,Violence Against the Person,Assault with Injury,0,2016,11
E01002957,Kingston upon Thames,Drugs,Possession Of Drugs,0,2010,5
E01002100,Haringey,Violence Against the Person,Offensive Weapon,0,2016,5
E01002899,Kensington and Chelsea,Robbery,Business Property,0,2014,8
E01002607,Hounslow,Criminal Damage,Criminal Damage To Dwelling,0,2014,11
E01004427,Waltham Forest,Violence Against the Person,Other violence,2,2011,6
E01000193,Barnet,Violence Against the Person,Murder,0,2015,8
E01001827,Hackney,Theft and Handling,Theft/Taking of Pedal Cycle,0,2016,9
E01002264,Havering,Theft and Handling,Theft/Taking Of Motor Vehicle,2,2012,2
E01004584,Wandsworth,Violence Against the Person,Assault with Injury,0,2015,4
E01003292,Lewisham,Drugs,Possession Of Drugs,0,2013,5
E01003532,Newham,Fraud or Forgery,Counted per Victim,0,2016,7
E01003784,Redbridge,Violence Against the Person,Wounding/GBH,0,2016,4
E01003759,Redbridge,Violence Against the Person,Wounding/GBH,0,2013,4
E01004481,Wandsworth,Drugs,Drug Trafficking,0,2014,7
E01032740,City of London,Other Notifiable Offences,Other Notifiable,0,2014,11
E01001727,Hackney,Theft and Handling,Theft/Taking of Pedal Cycle,0,2008,9
E01001371,Ealing,Violence Against the Person,Assault with Injury,0,2013,9
E01001987,Haringey,Criminal Damage,Criminal Damage To Dwelling,0,2010,3
E01003960,Southwark,Robbery,Business Property,0,2013,7
E01002836,Kensington and Chelsea,Burglary,Burglary in Other Buildings,0,2008,12
E01004697,Westminster,Theft and Handling,Other Theft Person,0,2010,4
E01004572,Wandsworth,Theft and Handling,Handling Stolen Goods,0,2010,1
E01000980,Croydon,Burglary,Burglary in a Dwelling,1,2012,11
E01002822,Kensington and Chelsea,Theft and Handling,Other Theft,3,2016,6
E01000305,Barnet,Drugs,Drug Trafficking,0,2016,2
E01001410,Enfield,Fraud or Forgery,Other Fraud & Forgery,0,2016,3
E01004390,Waltham Forest,Robbery,Personal Property,0,2010,7
E01000693,Bromley,Robbery,Personal Property,0,2015,12
E01000476,Brent,Violence Against the Person,Wounding/GBH,0,2015,8
E01002511,Hillingdon,Criminal Damage,Criminal Damage To Other Building,0,2016,4
E01004080,Sutton,Violence Against the Person,Harassment,0,2014,12
E01000326,Bexley,Theft and Handling,Motor Vehicle Interference & Tampering,0,2012,6
E01002155,Harrow,Theft and Handling,Theft/Taking Of Motor Vehicle,0,2013,2
E01000790,Bromley,Fraud or Forgery,Counted per Victim,0,2011,9
E01002970,Kingston upon Thames,Burglary,Burglary in a Dwelling,0,2008,2
E01004027,Southwark,Theft and Handling,Theft From Shops,1,2009,12
E01003210,Lewisham,Theft and Handling,Other Theft,2,2012,1
E01002596,Hounslow,Violence Against the Person,Offensive Weapon,0,2014,2
E01002535,Hillingdon,Other Notifiable Offences,Other Notifiable,2,2016,10
E01004038,Southwark,Fraud or Forgery,Other Fraud & Forgery,0,2015,8
E01002139,Harrow,Theft and Handling,Motor Vehicle Interference & Tampering,0,2009,4
E01002694,Islington,Violence Against the Person,Common Assault,0,2012,11
E01004582,Wandsworth,Theft and Handling,Other Theft,5,2010,7
E01000699,Bromley,Violence Against the Person,Other violence,0,2012,9
E01002320,Havering,Theft and Handling,Theft From Shops,0,2014,10
E01000421,Bexley,Other Notifiable Offences,Other Notifiable,0,2011,7
E01003468,Merton,Criminal Damage,Other Criminal Damage,0,2010,10
E01001795,Hackney,Theft and Handling,Motor Vehicle Interference & Tampering,0,2012,2
E01000009,Barking and Dagenham,Criminal Damage,Criminal Damage To Motor Vehicle,1,2009,2
E01002857,Kensington and Chelsea,Theft and Handling,Theft/Taking Of Motor Vehicle,0,2012,9
E01004086,Sutton,Criminal Damage,Criminal Damage To Dwelling,0,2013,12
E01004530,Wandsworth,Theft and Handling,Theft/Taking Of Motor Vehicle,1,2010,8
E01001945,Hammersmith and Fulham,Theft and Handling,Theft/Taking Of Motor Vehicle,1,2008,6
E01002554,Hillingdon,Drugs,Possession Of Drugs,1,2010,2
E01002190,Harrow,Drugs,Drug Trafficking,0,2010,9
E01032834,Southwark,Theft and Handling,Theft/Taking Of Motor Vehicle,0,2011,2
E01000853,Camden,Robbery,Business Property,0,2013,3
E01000853,Camden,Theft and Handling,Handling Stolen Goods,0,2009,8
E01001173,Croydon,Burglary,Burglary in a Dwelling,0,2013,2
E01002095,Haringey,Criminal Damage,Criminal Damage To Other Building,0,2008,4
E01001127,Croydon,Violence Against the Person,Assault with Injury,1,2011,1
E01004403,Waltham Forest,Other Notifiable Offences,Other Notifiable,0,2011,9
E01000219,Barnet,Theft and Handling,Other Theft Person,0,2009,12
E01003868,Richmond upon Thames,Violence Against the Person,Offensive Weapon,0,2012,4
E01002243,Havering,Robbery,Personal Property,2,2016,10
E01000972,Camden,Violence Against the Person,Offensive Weapon,0,2014,11
E01003712,Redbridge,Drugs,Drug Trafficking,0,2015,3
E01003641,Redbridge,Criminal Damage,Criminal Damage To Dwelling,0,2014,4
E01000962,Camden,Robbery,Business Property,0,2009,1
E01004413,Waltham Forest,Violence Against the Person,Wounding/GBH,0,2012,3
E01002692,Hounslow,Other Notifiable Offences,Other Notifiable,0,2013,4
E01003909,Richmond upon Thames,Burglary,Burglary in a Dwelling,1,2013,2
E01002929,Kingston upon Thames,Robbery,Personal Property,0,2013,7
E01004619,Wandsworth,Other Notifiable Offences,Other Notifiable,0,2015,6
E01004661,Westminster,Violence Against the Person,Assault with Injury,3,2008,3
E01033578,Newham,Theft and Handling,Theft/Taking of Pedal Cycle,0,2009,3
E01004315,Tower Hamlets,Violence Against the Person,Wounding/GBH,1,2015,2
E01002314,Havering,Violence Against the Person,Harassment,1,2013,10
E01001604,Greenwich,Violence Against the Person,Assault with Injury,1,2010,9
E01001055,Croydon,Criminal Damage,Criminal Damage To Other Building,0,2008,4
E01002338,Havering,Other Notifiable Offences,Other Notifiable,0,2008,7
E01001108,Croydon,Violence Against the Person,Wounding/GBH,0,2010,7
E01004749,Westminster,Burglary,Burglary in a Dwelling,1,2010,11
E01001185,Croydon,Criminal Damage,Criminal Damage To Motor Vehicle,0,2013,1
E01003926,Southwark,Violence Against the Person,Wounding/GBH,0,2015,7
E01002924,Kingston upon Thames,Robbery,Personal Property,0,2014,3
E01000524,Brent,Drugs,Other Drugs,0,2012,7
E01032789,Hammersmith and Fulham,Violence Against the Person,Wounding/GBH,0,2009,3
E01001569,Enfield,Violence Against the Person,Assault with Injury,0,2015,6
E01000376,Bexley,Theft and Handling,Other Theft,0,2013,12
E01002213,Harrow,Theft and Handling,Motor Vehicle Interference & Tampering,0,2012,3
E01003013,Lambeth,Theft and Handling,Other Theft,30,2010,4
E01001128,Croydon,Other Notifiable Offences,Other Notifiable,1,2014,12
E01000241,Barnet,Burglary,Burglary in Other Buildings,0,2011,2
E01000213,Barnet,Theft and Handling,Handling Stolen Goods,0,2011,8
E01000607,Brent,Violence Against the Person,Common Assault,0,2013,1
E01004342,Waltham Forest,Violence Against the Person,Other violence,0,2011,7
E01003997,Southwark,Violence Against the Person,Other violence,0,2008,3
E01004012,Southwark,Theft and Handling,Theft From Shops,0,2012,3
E01000714,Bromley,Burglary,Burglary in a Dwelling,1,2008,8
E01004058,Southwark,Theft and Handling,Theft From Shops,0,2010,7
E01001608,Greenwich,Criminal Damage,Criminal Damage To Other Building,0,2012,6
E01004659,Westminster,Theft and Handling,Theft From Motor Vehicle,2,2016,5
E01002098,Haringey,Robbery,Business Property,0,2010,11
E01001462,Enfield,Violence Against the Person,Wounding/GBH,0,2011,9
E01003905,Richmond upon Thames,Violence Against the Person,Harassment,0,2011,7
E01002121,Harrow,Theft and Handling,Theft/Taking of Pedal Cycle,0,2015,1
E01001053,Croydon,Criminal Damage,Criminal Damage To Dwelling,0,2011,9
E01003467,Merton,Drugs,Possession Of Drugs,0,2011,4
E01000882,Camden,Violence Against the Person,Offensive Weapon,0,2011,2
E01003779,Redbridge,Criminal Damage,Criminal Damage To Dwelling,0,2015,5
E01002183,Harrow,Sexual Offences,Other Sexual,0,2013,11
E01003399,Merton,Criminal Damage,Criminal Damage To Dwelling,0,2010,9
E01000200,Barnet,Violence Against the Person,Offensive Weapon,0,2013,10
E01003217,Lewisham,Criminal Damage,Criminal Damage To Other Building,0,2013,10
E01001916,Hammersmith and Fulham,Theft and Handling,Handling Stolen Goods,0,2008,1
E01000955,Camden,Violence Against the Person,Murder,0,2012,4
E01001430,Enfield,Robbery,Personal Property,2,2016,7
E01003594,Newham,Theft and Handling,Motor Vehicle Interference & Tampering,0,2014,9
E01003640,Redbridge,Sexual Offences,Rape,0,2014,4
E01001587,Greenwich,Robbery,Personal Property,0,2013,11
E01033488,Islington,Violence Against the Person,Offensive Weapon,0,2012,8
E01001543,Enfield,Other Notifiable Offences,Other Notifiable,0,2016,7
E01003403,Merton,Criminal Damage,Other Criminal Damage,0,2009,5
E01001764,Hackney,Burglary,Burglary in a Dwelling,0,2011,6
E01002872,Kensington and Chelsea,Sexual Offences,Other Sexual,0,2012,1
E01000628,Brent,Criminal Damage,Criminal Damage To Dwelling,1,2011,6
E01002065,Haringey,Violence Against the Person,Wounding/GBH,0,2011,1
E01003923,Southwark,Criminal Damage,Other Criminal Damage,1,2012,7
E01000332,Bexley,Criminal Damage,Criminal Damage To Motor Vehicle,0,2015,6
E01001806,Hackney,Violence Against the Person,Common Assault,0,2013,4
E01000126,Barnet,Burglary,Burglary in a Dwelling,3,2008,12
E01002005,Haringey,Criminal Damage,Criminal Damage To Dwelling,0,2013,8
E01000019,Barking and Dagenham,Criminal Damage,Criminal Damage To Dwelling,0,2015,2
E01004290,Tower Hamlets,Robbery,Personal Property,1,2016,7
E01001595,Greenwich,Violence Against the Person,Harassment,2,2008,1
E01003854,Richmond upon Thames,Theft and Handling,Handling Stolen Goods,2,2011,11
E01004510,Wandsworth,Theft and Handling,Motor Vehicle Interference & Tampering,0,2016,10
E01002989,Kingston upon Thames,Criminal Damage,Criminal Damage To Other Building,0,2012,2
E01003057,Lambeth,Criminal Damage,Criminal Damage To Other Building,0,2016,9
E01002317,Havering,Violence Against the Person,Other violence,0,2011,12
E01001277,Ealing,Theft and Handling,Other Theft Person,0,2015,3
E01004638,Wandsworth,Robbery,Personal Property,0,2008,7
E01004576,Wandsworth,Burglary,Burglary in a Dwelling,0,2012,12
E01002498,Hillingdon,Criminal Damage,Criminal Damage To Other Building,1,2016,10
E01000492,Brent,Burglary,Burglary in a Dwelling,1,2011,3
E01003703,Redbridge,Drugs,Drug Trafficking,1,2014,6
E01003029,Lambeth,Criminal Damage,Other Criminal Damage,0,2014,9
E01004545,Wandsworth,Criminal Damage,Criminal Damage To Other Building,1,2009,7
E01004526,Wandsworth,Theft and Handling,Theft/Taking of Pedal Cycle,0,2009,1
E01003253,Lewisham,Violence Against the Person,Murder,1,2013,5
E01002293,Havering,Robbery,Personal Property,2,2008,9
E01004190,Sutton,Theft and Handling,Theft/Taking of Pedal Cycle,0,2016,10
E01033604,Westminster,Theft and Handling,Theft From Motor Vehicle,2,2013,2
E01003874,Richmond upon Thames,Robbery,Personal Property,0,2012,10
E01000393,Bexley,Drugs,Drug Trafficking,1,2016,1
E01000602,Brent,Other Notifiable Offences,Other Notifiable,0,2013,7
E01001439,Enfield,Theft and Handling,Other Theft Person,0,2011,7
E01001959,Hammersmith and Fulham,Robbery,Personal Property,0,2008,2
E01003347,Lewisham,Violence Against the Person,Common Assault,0,2010,4
E01002771,Islington,Criminal Damage,Criminal Damage To Other Building,0,2016,9
E01004417,Waltham Forest,Sexual Offences,Rape,0,2008,10
E01004527,Wandsworth,Other Notifiable Offences,Other Notifiable,0,2013,10
E01033000,Hounslow,Burglary,Burglary in a Dwelling,0,2010,12
E01032572,Ealing,Robbery,Personal Property,0,2011,6
E01004496,Wandsworth,Theft and Handling,Other Theft Person,0,2011,8
E01003833,Richmond upon Thames,Violence Against the Person,Common Assault,1,2013,11
E01003356,Merton,Violence Against the Person,Assault with Injury,0,2008,1
E01001750,Hackney,Criminal Damage,Criminal Damage To Other Building,0,2008,1
E01000599,Brent,Violence Against the Person,Assault with Injury,0,2013,5
E01004108,Sutton,Violence Against the Person,Offensive Weapon,0,2010,2
E01002878,Kensington and Chelsea,Criminal Damage,Criminal Damage To Dwelling,1,2012,11
E01002512,Hillingdon,Burglary,Burglary in Other Buildings,0,2008,10
E01002499,Hillingdon,Other Notifiable Offences,Going Equipped,0,2016,6
E01002039,Haringey,Violence Against the Person,Other violence,2,2014,1
E01003274,Lewisham,Violence Against the Person,Assault with Injury,1,2010,3
E01001954,Hammersmith and Fulham,Criminal Damage,Criminal Damage To Motor Vehicle,0,2010,3
E01001811,Hackney,Violence Against the Person,Other violence,0,2008,2
E01004496,Wandsworth,Burglary,Burglary in a Dwelling,1,2016,5
E01002160,Harrow,Violence Against the Person,Other violence,1,2015,2
E01004293,Tower Hamlets,Burglary,Burglary in a Dwelling,1,2012,12
E01002081,Haringey,Violence Against the Person,Other violence,0,2013,8
E01004228,Tower Hamlets,Theft and Handling,Theft/Taking Of Motor Vehicle,0,2009,3
E01000509,Brent,Theft and Handling,Theft From Shops,0,2013,7
E01002985,Kingston upon Thames,Theft and Handling,Other Theft,0,2011,12
E01002584,Hounslow,Drugs,Drug Trafficking,0,2016,12
E01002853,Kensington and Chelsea,Robbery,Business Property,0,2011,7
E01002358,Havering,Burglary,Burglary in Other Buildings,0,2014,6
E01004594,Wandsworth,Criminal Damage,Criminal Damage To Motor Vehicle,0,2008,3
E01001082,Croydon,Drugs,Possession Of Drugs,0,2016,10
E01003275,Lewisham,Drugs,Drug Trafficking,0,2011,3
E01002767,Islington,Violence Against the Person,Assault with Injury,0,2008,9
E01001059,Croydon,Theft and Handling,Other Theft Person,0,2012,12
E01003535,Newham,Theft and Handling,Other Theft,1,2015,6
E01003629,Newham,Drugs,Possession Of Drugs,1,2010,7
E01033608,Westminster,Criminal Damage,Criminal Damage To Dwelling,0,2010,12
E01004385,Waltham Forest,Criminal Damage,Other Criminal Damage,1,2008,5
E01004524,Wandsworth,Robbery,Personal Property,1,2010,6
E01001468,Enfield,Violence Against the Person,Harassment,1,2013,11
E01001351,Ealing,Drugs,Drug Trafficking,1,2009,6
E01001910,Hammersmith and Fulham,Violence Against the Person,Other violence,0,2015,4
E01003286,Lewisham,Theft and Handling,Other Theft Person,0,2014,2
E01003566,Newham,Violence Against the Person,Other violence,0,2016,2
E01004632,Wandsworth,Robbery,Business Property,0,2012,2
E01002875,Kensington and Chelsea,Violence Against the Person,Wounding/GBH,0,2010,12
E01002053,Haringey,Burglary,Burglary in a Dwelling,0,2016,4
E01003275,Lewisham,Theft and Handling,Other Theft Person,0,2012,7
E01003671,Redbridge,Criminal Damage,Criminal Damage To Dwelling,0,2014,6
E01002727,Islington,Violence Against the Person,Common Assault,0,2009,4
E01003580,Newham,Criminal Damage,Criminal Damage To Motor Vehicle,0,2013,11
E01002202,Harrow,Drugs,Drug Trafficking,0,2014,11
E01004716,Westminster,Burglary,Burglary in Other Buildings,0,2015,1
E01002486,Hillingdon,Violence Against the Person,Assault with Injury,0,2012,8
E01002173,Harrow,Violence Against the Person,Wounding/GBH,0,2009,1
E01001072,Croydon,Burglary,Burglary in a Dwelling,1,2011,9
E01004474,Wandsworth,Violence Against the Person,Offensive Weapon,0,2011,5
E01000143,Barnet,Burglary,Burglary in Other Buildings,0,2008,1
E01001903,Hammersmith and Fulham,Burglary,Burglary in Other Buildings,0,2015,11
E01000756,Bromley,Violence Against the Person,Harassment,0,2016,6
E01001471,Enfield,Theft and Handling,Handling Stolen Goods,0,2012,3
E01032720,Southwark,Burglary,Burglary in a Dwelling,0,2010,11
E01001237,Ealing,Drugs,Drug Trafficking,0,2011,7
E01000855,Camden,Robbery,Business Property,1,2013,1
E01003111,Lambeth,Violence Against the Person,Wounding/GBH,0,2016,1
E01003683,Redbridge,Violence Against the Person,Other violence,0,2015,6
E01001620,Greenwich,Violence Against the Person,Offensive Weapon,0,2010,4
E01003778,Redbridge,Theft and Handling,Theft/Taking Of Motor Vehicle,1,2012,4
E01000823,Bromley,Other Notifiable Offences,Other Notifiable,0,2009,6
E01004717,Westminster,Theft and Handling,Theft/Taking Of Motor Vehicle,0,2012,10
E01003737,Redbridge,Violence Against the Person,Harassment,0,2010,1
E01001920,Hammersmith and Fulham,Fraud or Forgery,Other Fraud & Forgery,0,2011,2
E01004370,Waltham Forest,Criminal Damage,Criminal Damage To Motor Vehicle,2,2016,2
E01000584,Brent,Other Notifiable Offences,Other Notifiable,0,2011,12
E01002539,Hillingdon,Theft and Handling,Motor Vehicle Interference & Tampering,0,2008,12
E01004535,Wandsworth,Robbery,Business Property,0,2008,8
E01002353,Havering,Theft and Handling,Other Theft,3,2014,11
E01004689,Westminster,Theft and Handling,Other Theft Person,4,2016,10
E01001287,Ealing,Theft and Handling,Other Theft,1,2014,8
E01000922,Camden,Robbery,Personal Property,0,2014,10
E01002990,Kingston upon Thames,Drugs,Drug Trafficking,1,2014,3
E01033485,Brent,Criminal Damage,Criminal Damage To Other Building,0,2009,1
E01002751,Islington,Drugs,Drug Trafficking,0,2014,4
E01002805,Islington,Criminal Damage,Criminal Damage To Motor Vehicle,0,2010,11
E01000532,Brent,Criminal Damage,Other Criminal Damage,0,2010,3
E01003762,Redbridge,Violence Against the Person,Wounding/GBH,0,2008,3
E01004637,Wandsworth,Violence Against the Person,Common Assault,0,2012,6
E01000204,Barnet,Burglary,Burglary in a Dwelling,1,2010,3
E01003937,Southwark,Burglary,Burglary in Other Buildings,0,2009,3
E01004067,Southwark,Violence Against the Person,Common Assault,6,2008,3
E01003925,Southwark,Theft and Handling,Motor Vehicle Interference & Tampering,0,2008,9
E01004662,Westminster,Drugs,Other Drugs,0,2012,12
E01000610,Brent,Criminal Damage,Other Criminal Damage,0,2010,6
E01033456,Brent,Theft and Handling,Other Theft,1,2013,10
E01004242,Tower Hamlets,Robbery,Business Property,0,2011,7
E01004613,Wandsworth,Theft and Handling,Other Theft Person,5,2009,10
E01003930,Southwark,Theft and Handling,Other Theft Person,1,2012,5
E01001669,Greenwich,Theft and Handling,Motor Vehicle Interference & Tampering,0,2012,4
E01001142,Croydon,Burglary,Burglary in a Dwelling,0,2013,2
E01003838,Richmond upon Thames,Burglary,Burglary in a Dwelling,0,2011,9
E01001411,Enfield,Theft and Handling,Other Theft Person,0,2008,11
E01000491,Brent,Criminal Damage,Criminal Damage To Dwelling,0,2016,8
E01001793,Hackney,Theft and Handling,Motor Vehicle Interference & Tampering,0,2010,10
E01004386,Waltham Forest,Violence Against the Person,Common Assault,0,2010,6
E01033575,Newham,Drugs,Possession Of Drugs,0,2013,7
E01033457,Brent,Other Notifiable Offences,Going Equipped,0,2009,10
E01003926,Southwark,Violence Against the Person,Offensive Weapon,0,2015,9
E01004115,Sutton,Robbery,Personal Property,2,2010,5
E01000780,Bromley,Burglary,Burglary in Other Buildings,0,2015,5
E01002194,Harrow,Violence Against the Person,Assault with Injury,1,2016,10
E01001211,Ealing,Violence Against the Person,Offensive Weapon,0,2013,1
E01004600,Wandsworth,Violence Against the Person,Offensive Weapon,1,2015,3
E01001273,Ealing,Theft and Handling,Other Theft,1,2014,7
E01032569,Croydon,Criminal Damage,Other Criminal Damage,0,2016,10
E01004189,Sutton,Theft and Handling,Theft From Motor Vehicle,0,2012,12
E01000443,Bexley,Other Notifiable Offences,Other Notifiable,0,2012,2
E01000400,Bexley,Theft and Handling,Theft From Shops,1,2016,2
E01001831,Hackney,Violence Against the Person,Other violence,1,2012,9
E01001700,Greenwich,Criminal Damage,Criminal Damage To Other Building,0,2015,5
E01000384,Bexley,Drugs,Possession Of Drugs,0,2010,11
E01004647,Westminster,Burglary,Burglary in a Dwelling,0,2011,2
E01002032,Haringey,Theft and Handling,Other Theft,0,2010,5
E01004597,Wandsworth,Theft and Handling,Theft From Motor Vehicle,1,2015,12
E01003170,Lambeth,Drugs,Possession Of Drugs,1,2016,3
E01000831,Bromley,Violence Against the Person,Harassment,0,2009,4
E01002937,Kingston upon Thames,Theft and Handling,Theft/Taking Of Motor Vehicle,0,2014,9
E01002068,Haringey,Theft and Handling,Theft/Taking Of Motor Vehicle,4,2015,2
E01003626,Newham,Violence Against the Person,Harassment,0,2011,7
E01003353,Lewisham,Fraud or Forgery,Counted per Victim,0,2009,9
E01002486,Hillingdon,Theft and Handling,Motor Vehicle Interference & Tampering,0,2015,10
E01004288,Tower Hamlets,Other Notifiable Offences,Going Equipped,0,2016,8
E01004707,Westminster,Other Notifiable Offences,Other Notifiable,0,2013,6
E01003461,Merton,Theft and Handling,Motor Vehicle Interference & Tampering,0,2014,9
E01000912,Camden,Robbery,Personal Property,2,2012,2
E01000421,Bexley,Theft and Handling,Theft From Motor Vehicle,0,2009,11
E01000706,Bromley,Burglary,Burglary in a Dwelling,0,2014,8
E01000036,Barking and Dagenham,Criminal Damage,Other Criminal Damage,0,2016,12
E01004480,Wandsworth,Theft and Handling,Theft From Motor Vehicle,2,2010,10
E01001405,Enfield,Violence Against the Person,Offensive Weapon,0,2009,11
E01000194,Barnet,Theft and Handling,Theft/Taking of Pedal Cycle,0,2011,12
E01003856,Richmond upon Thames,Theft and Handling,Other Theft Person,0,2012,3
E01002462,Hillingdon,Theft and Handling,Motor Vehicle Interference & Tampering,0,2008,1
E01004149,Sutton,Theft and Handling,Other Theft,0,2011,5
E01004384,Waltham Forest,Theft and Handling,Theft From Motor Vehicle,3,2011,8
E01002131,Harrow,Theft and Handling,Motor Vehicle Interference & Tampering,0,2009,12
E01000570,Brent,Theft and Handling,Other Theft,0,2008,4
E01003084,Lambeth,Burglary,Burglary in Other Buildings,0,2010,7
E01003361,Merton,Criminal Damage,Other Criminal Damage,0,2011,10
E01000693,Bromley,Violence Against the Person,Assault with Injury,0,2015,12
E01033746,Greenwich,Other Notifiable Offences,Other Notifiable,0,2012,6
E01003979,Southwark,Robbery,Personal Property,0,2011,6
E01001503,Enfield,Theft and Handling,Theft/Taking of Pedal Cycle,0,2011,5
E01002747,Islington,Drugs,Drug Trafficking,1,2015,12
E01001308,Ealing,Theft and Handling,Theft/Taking of Pedal Cycle,0,2013,9
E01001747,Hackney,Burglary,Burglary in Other Buildings,0,2010,1
E01003494,Newham,Drugs,Possession Of Drugs,1,2016,2
E01002410,Hillingdon,Criminal Damage,Criminal Damage To Other Building,0,2014,10
E01004053,Southwark,Violence Against the Person,Offensive Weapon,0,2009,6
E01003783,Redbridge,Burglary,Burglary in Other Buildings,4,2011,5
E01002574,Hounslow,Theft and Handling,Theft From Motor Vehicle,1,2013,10
E01002174,Harrow,Robbery,Business Property,0,2009,7
E01003826,Richmond upon Thames,Violence Against the Person,Offensive Weapon,0,2013,6
E01003016,Lambeth,Criminal Damage,Criminal Damage To Dwelling,0,2014,7
E01003036,Lambeth,Burglary,Burglary in a Dwelling,2,2014,11
E01003466,Merton,Other Notifiable Offences,Other Notifiable,0,2014,12
E01002144,Harrow,Criminal Damage,Criminal Damage To Dwelling,0,2012,4
E01001042,Croydon,Theft and Handling,Other Theft Person,1,2010,9
E01001413,Enfield,Burglary,Burglary in a Dwelling,0,2009,1
E01002190,Harrow,Criminal Damage,Other Criminal Damage,1,2009,9
E01032803,Southwark,Criminal Damage,Other Criminal Damage,0,2009,5
E01001599,Greenwich,Criminal Damage,Criminal Damage To Motor Vehicle,0,2016,11
E01000107,Barking and Dagenham,Violence Against the Person,Assault with Injury,0,2016,6
E01000924,Camden,Theft and Handling,Theft From Shops,0,2011,10
E01002370,Havering,Violence Against the Person,Harassment,0,2012,9
E01000003,City of London,Violence Against the Person,Wounding/GBH,0,2010,12
E01002086,Haringey,Criminal Damage,Criminal Damage To Dwelling,0,2014,7
E01000584,Brent,Robbery,Business Property,0,2014,10
E01003469,Merton,Drugs,Possession Of Drugs,0,2015,8
E01000246,Barnet,Drugs,Possession Of Drugs,1,2013,6
E01002318,Havering,Violence Against the Person,Assault with Injury,0,2013,11
E01003558,Newham,Violence Against the Person,Other violence,0,2012,4
E01000391,Bexley,Drugs,Drug Trafficking,0,2016,5
E01000921,Camden,Other Notifiable Offences,Going Equipped,0,2011,12
E01002053,Haringey,Burglary,Burglary in Other Buildings,0,2008,6
E01004492,Wandsworth,Theft and Handling,Theft From Motor Vehicle,0,2014,8
E01002627,Hounslow,Violence Against the Person,Other violence,0,2014,8
E01004228,Tower Hamlets,Theft and Handling,Theft/Taking of Pedal Cycle,4,2009,8
E01003815,Richmond upon Thames,Criminal Damage,Other Criminal Damage,0,2010,7
E01003013,Lambeth,Burglary,Burglary in a Dwelling,0,2016,9
E01000342,Bexley,Theft and Handling,Theft From Shops,0,2014,4
E01000571,Brent,Theft and Handling,Theft From Motor Vehicle,0,2008,2
E01003778,Redbridge,Drugs,Other Drugs,0,2011,10
E01000116,Barnet,Theft and Handling,Theft/Taking Of Motor Vehicle,0,2015,4
E01004333,Waltham Forest,Theft and Handling,Theft/Taking of Pedal Cycle,0,2011,2
E01004091,Sutton,Theft and Handling,Motor Vehicle Interference & Tampering,0,2010,11
E01001007,Croydon,Theft and Handling,Other Theft,0,2015,9
E01001446,Enfield,Criminal Damage,Criminal Damage To Motor Vehicle,0,2010,10
E01004621,Wandsworth,Criminal Damage,Other Criminal Damage,0,2009,10
E01032740,City of London,Drugs,Possession Of Drugs,0,2014,6
E01004428,Waltham Forest,Violence Against the Person,Harassment,0,2016,8
E01003898,Richmond upon Thames,Theft and Handling,Theft From Shops,0,2010,7
E01004127,Sutton,Robbery,Business Property,0,2009,11
E01004301,Tower Hamlets,Violence Against the Person,Wounding/GBH,0,2013,3
E01001034,Croydon,Violence Against the Person,Common Assault,1,2010,7
E01002666,Hounslow,Burglary,Burglary in Other Buildings,0,2008,9
E01002884,Kensington and Chelsea,Drugs,Drug Trafficking,0,2011,5
E01002235,Harrow,Burglary,Burglary in a Dwelling,2,2013,4
E01004688,Westminster,Criminal Damage,Criminal Damage To Other Building,0,2011,5
E01002397,Hillingdon,Drugs,Possession Of Drugs,1,2013,1
E01002821,Kensington and Chelsea,Violence Against the Person,Harassment,1,2015,5
E01001783,Hackney,Violence Against the Person,Common Assault,1,2013,3
E01002642,Hounslow,Other Notifiable Offences,Other Notifiable,3,2011,8
E01003389,Merton,Robbery,Business Property,1,2013,11
E01001451,Enfield,Drugs,Drug Trafficking,0,2014,1
E01004044,Southwark,Drugs,Possession Of Drugs,0,2008,2
E01004437,Waltham Forest,Violence Against the Person,Common Assault,1,2010,4
E01004158,Sutton,Violence Against the Person,Other violence,0,2014,6
E01000697,Bromley,Criminal Damage,Criminal Damage To Motor Vehicle,0,2011,1
E01002029,Haringey,Fraud or Forgery,Other Fraud & Forgery,0,2015,5
E01001229,Ealing,Violence Against the Person,Harassment,0,2013,11
E01004686,Westminster,Drugs,Drug Trafficking,0,2008,1
E01000633,Brent,Violence Against the Person,Common Assault,0,2015,8
E01000850,Camden,Violence Against the Person,Assault with Injury,1,2012,10
E01002776,Islington,Theft and Handling,Theft From Motor Vehicle,2,2009,4
E01000893,Camden,Fraud or Forgery,Counted per Victim,0,2010,2
E01001881,Hammersmith and Fulham,Theft and Handling,Other Theft,2,2010,4
E01000401,Bexley,Fraud or Forgery,Counted per Victim,0,2011,5
E01001720,Hackney,Drugs,Drug Trafficking,0,2008,11
E01001980,Haringey,Violence Against the Person,Offensive Weapon,0,2015,3
E01003739,Redbridge,Criminal Damage,Criminal Damage To Motor Vehicle,2,2014,5
E01003067,Lambeth,Robbery,Personal Property,0,2016,9
E01002748,Islington,Drugs,Possession Of Drugs,1,2013,1
E01002847,Kensington and Chelsea,Drugs,Drug Trafficking,0,2014,3
E01001294,Ealing,Theft and Handling,Theft From Shops,0,2010,9
E01004702,Westminster,Drugs,Drug Trafficking,0,2015,7
E01000250,Barnet,Theft and Handling,Theft/Taking Of Motor Vehicle,0,2014,8
E01002250,Havering,Burglary,Burglary in Other Buildings,0,2010,8
E01000789,Bromley,Theft and Handling,Theft/Taking of Pedal Cycle,0,2011,4
E01000517,Brent,Violence Against the Person,Common Assault,2,2012,3
E01003630,Newham,Violence Against the Person,Offensive Weapon,0,2009,2
E01003800,Richmond upon Thames,Violence Against the Person,Assault with Injury,2,2014,12
E01003039,Lambeth,Theft and Handling,Other Theft,1,2010,3
E01003989,Southwark,Theft and Handling,Motor Vehicle Interference & Tampering,0,2010,10
E01003905,Richmond upon Thames,Violence Against the Person,Harassment,0,2013,4
E01004395,Waltham Forest,Other Notifiable Offences,Other Notifiable,0,2008,1
E01002098,Haringey,Burglary,Burglary in Other Buildings,0,2013,2
E01000681,Bromley,Criminal Damage,Criminal Damage To Dwelling,0,2014,9
E01003586,Newham,Theft and Handling,Theft/Taking Of Motor Vehicle,0,2010,9
E01002171,Harrow,Drugs,Other Drugs,0,2012,9
E01002509,Hillingdon,Drugs,Drug Trafficking,0,2008,12
E01002002,Haringey,Violence Against the Person,Other violence,1,2012,5
E01000242,Barnet,Theft and Handling,Other Theft,1,2013,4
E01003466,Merton,Theft and Handling,Handling Stolen Goods,0,2010,11
E01002288,Havering,Theft and Handling,Handling Stolen Goods,0,2010,5
E01000726,Bromley,Theft and Handling,Other Theft,0,2011,5
E01002957,Kingston upon Thames,Theft and Handling,Motor Vehicle Interference & Tampering,0,2013,12
E01001529,Enfield,Robbery,Personal Property,0,2011,10
E01002264,Havering,Burglary,Burglary in a Dwelling,1,2012,9
E01004474,Wandsworth,Other Notifiable Offences,Other Notifiable,0,2014,9
E01000499,Brent,Theft and Handling,Theft/Taking of Pedal Cycle,0,2011,6
E01004179,Sutton,Violence Against the Person,Other violence,0,2012,4
E01004468,Waltham Forest,Theft and Handling,Motor Vehicle Interference & Tampering,0,2013,5
E01003969,Southwark,Theft and Handling,Theft From Motor Vehicle,5,2011,3
E01003240,Lewisham,Theft and Handling,Theft From Shops,0,2014,4
E01003532,Newham,Violence Against the Person,Other violence,0,2016,5
E01033710,Hackney,Burglary,Burglary in a Dwelling,0,2010,12
E01000388,Bexley,Violence Against the Person,Common Assault,0,2015,4
E01003686,Redbridge,Other Notifiable Offences,Other Notifiable,0,2013,11
E01001113,Croydon,Drugs,Possession Of Drugs,0,2011,9
E01003352,Lewisham,Violence Against the Person,Wounding/GBH,0,2010,11
E01004295,Tower Hamlets,Violence Against the Person,Offensive Weapon,2,2016,9
E01001546,Enfield,Drugs,Other Drugs,0,2016,10
E01002336,Havering,Criminal Damage,Criminal Damage To Motor Vehicle,0,2010,5
E01004505,Wandsworth,Robbery,Personal Property,0,2014,8
E01002689,Hounslow,Robbery,Business Property,0,2008,11
E01000081,Barking and Dagenham,Criminal Damage,Criminal Damage To Dwelling,0,2013,7
E01002283,Havering,Burglary,Burglary in a Dwelling,1,2009,5
E01000308,Barnet,Theft and Handling,Other Theft,0,2015,5
E01003201,Lewisham,Criminal Damage,Criminal Damage To Dwelling,0,2011,8
E01001305,Ealing,Theft and Handling,Theft/Taking Of Motor Vehicle,0,2015,9
E01003749,Redbridge,Burglary,Burglary in Other Buildings,0,2016,1
E01000622,Brent,Theft and Handling,Other Theft,0,2016,8
E01002588,Hounslow,Criminal Damage,Criminal Damage To Dwelling,1,2016,1
E01000384,Bexley,Violence Against the Person,Wounding/GBH,0,2010,10
E01001730,Hackney,Robbery,Business Property,0,2013,12
E01000497,Brent,Other Notifiable Offences,Going Equipped,0,2011,1
E01001702,Greenwich,Theft and Handling,Theft/Taking Of Motor Vehicle,0,2013,1
E01000081,Barking and Dagenham,Theft and Handling,Theft/Taking of Pedal Cycle,0,2010,2
E01004737,Westminster,Criminal Damage,Criminal Damage To Other Building,0,2010,11
E01003574,Newham,Theft and Handling,Handling Stolen Goods,0,2015,5
E01002638,Hounslow,Theft and Handling,Other Theft,0,2012,12
E01002821,Kensington and Chelsea,Violence Against the Person,Offensive Weapon,0,2015,5
E01004090,Sutton,Criminal Damage,Criminal Damage To Dwelling,0,2014,2
E01001259,Ealing,Criminal Damage,Criminal Damage To Other Building,0,2011,4
E01003525,Newham,Theft and Handling,Other Theft,2,2014,9
E01032766,Tower Hamlets,Theft and Handling,Handling Stolen Goods,0,2016,6
E01003955,Southwark,Robbery,Personal Property,0,2011,6
E01002812,Kensington and Chelsea,Theft and Handling,Motor Vehicle Interference & Tampering,0,2013,11
E01000639,Brent,Criminal Damage,Criminal Damage To Dwelling,0,2014,10
E01001356,Ealing,Criminal Damage,Criminal Damage To Motor Vehicle,0,2009,1
E01002700,Islington,Burglary,Burglary in a Dwelling,0,2015,2
E01003682,Redbridge,Violence Against the Person,Other violence,0,2012,11
E01002913,Kensington and Chelsea,Robbery,Personal Property,1,2014,10
E01001660,Greenwich,Robbery,Personal Property,0,2009,2
E01002378,Havering,Theft and Handling,Motor Vehicle Interference & Tampering,0,2010,9
E01033148,Enfield,Robbery,Business Property,0,2009,3
E01004706,Westminster,Robbery,Personal Property,0,2008,4
E01001266,Ealing,Theft and Handling,Other Theft Person,1,2012,12
E01000458,Bexley,Other Notifiable Offences,Other Notifiable,0,2016,8
E01001598,Greenwich,Theft and Handling,Theft/Taking Of Motor Vehicle,0,2010,5
E01000347,Bexley,Violence Against the Person,Assault with Injury,0,2014,9
E01003970,Southwark,Violence Against the Person,Murder,0,2014,5
E01002231,Harrow,Theft and Handling,Motor Vehicle Interference & Tampering,0,2016,3
E01002486,Hillingdon,Criminal Damage,Criminal Damage To Other Building,0,2015,10
E01003148,Lambeth,Violence Against the Person,Assault with Injury,1,2011,8
E01002270,Havering,Theft and Handling,Theft From Shops,0,2008,4
E01002221,Harrow,Violence Against the Person,Offensive Weapon,0,2008,10
E01002820,Kensington and Chelsea,Fraud or Forgery,Other Fraud & Forgery,0,2008,9
E01002532,Hillingdon,Violence Against the Person,Assault with Injury,2,2014,11
E01001976,Haringey,Burglary,Burglary in a Dwelling,1,2011,1
E01002514,Hillingdon,Theft and Handling,Theft/Taking of Pedal Cycle,0,2012,1
E01002011,Haringey,Theft and Handling,Theft From Motor Vehicle,1,2009,1
E01033486,Islington,Theft and Handling,Other Theft,1,2015,9
E01004391,Waltham Forest,Robbery,Business Property,0,2011,5
E01000088,Barking and Dagenham,Violence Against the Person,Assault with Injury,3,2010,4
E01003766,Redbridge,Other Notifiable Offences,Other Notifiable,0,2008,8
E01003454,Merton,Violence Against the Person,Wounding/GBH,0,2010,10
E01004736,Westminster,Drugs,Drug Trafficking,0,2016,1
E01004722,Westminster,Theft and Handling,Handling Stolen Goods,0,2015,8
E01001715,Hackney,Theft and Handling,Theft/Taking of Pedal Cycle,1,2011,5
E01001122,Croydon,Violence Against the Person,Assault with Injury,0,2013,1
E01004028,Southwark,Criminal Damage,Other Criminal Damage,0,2010,11
E01032739,City of London,Violence Against the Person,Wounding/GBH,0,2015,3
E01001045,Croydon,Robbery,Personal Property,1,2014,4
E01002091,Haringey,Criminal Damage,Criminal Damage To Motor Vehicle,2,2008,5
E01002809,Islington,Drugs,Other Drugs,0,2010,1
E01003609,Newham,Theft and Handling,Handling Stolen Goods,0,2013,10
E01000550,Brent,Drugs,Drug Trafficking,0,2016,10
E01004063,Southwark,Theft and Handling,Other Theft,2,2010,6
E01002295,Havering,Violence Against the Person,Other violence,0,2008,10
E01004218,Tower Hamlets,Criminal Damage,Criminal Damage To Motor Vehicle,0,2011,3
E01002550,Hillingdon,Sexual Offences,Other Sexual,0,2013,12
E01003107,Lambeth,Violence Against the Person,Wounding/GBH,0,2010,9
E01001377,Ealing,Violence Against the Person,Common Assault,0,2014,1
E01001173,Croydon,Sexual Offences,Other Sexual,0,2014,2
E01004728,Westminster,Theft and Handling,Theft/Taking Of Motor Vehicle,0,2011,12
E01001744,Hackney,Robbery,Business Property,0,2014,4
E01004703,Westminster,Drugs,Possession Of Drugs,0,2012,4
E01000475,Brent,Criminal Damage,Criminal Damage To Motor Vehicle,1,2009,6
E01000842,Camden,Theft and Handling,Theft/Taking of Pedal Cycle,1,2008,11
E01032770,Tower Hamlets,Theft and Handling,Theft From Motor Vehicle,0,2013,12
E01001646,Greenwich,Violence Against the Person,Common Assault,1,2015,4
E01002617,Hounslow,Drugs,Drug Trafficking,0,2011,6
E01004187,Sutton,Violence Against the Person,Harassment,0,2012,11
E01002266,Havering,Drugs,Possession Of Drugs,1,2016,2
E01000373,Bexley,Violence Against the Person,Common Assault,0,2014,2
E01001942,Hammersmith and Fulham,Drugs,Drug Trafficking,0,2015,5
E01001709,Greenwich,Violence Against the Person,Other violence,0,2010,5
E01002464,Hillingdon,Criminal Damage,Other Criminal Damage,0,2010,12
E01000420,Bexley,Violence Against the Person,Offensive Weapon,0,2012,9
E01004261,Tower Hamlets,Criminal Damage,Criminal Damage To Dwelling,0,2011,10
E01003196,Lewisham,Violence Against the Person,Harassment,1,2012,2
E01001289,Ealing,Theft and Handling,Other Theft Person,1,2013,1
E01000130,Barnet,Theft and Handling,Theft/Taking Of Motor Vehicle,0,2016,12
E01002995,Kingston upon Thames,Violence Against the Person,Other violence,0,2014,4
E01001731,Hackney,Theft and Handling,Handling Stolen Goods,0,2016,7
E01002726,Islington,Criminal Damage,Criminal Damage To Other Building,0,2008,1
E01000705,Bromley,Drugs,Possession Of Drugs,0,2011,7
E01002673,Hounslow,Violence Against the Person,Assault with Injury,2,2010,10
E01000411,Bexley,Theft and Handling,Theft From Shops,0,2014,2
E01000416,Bexley,Theft and Handling,Other Theft Person,0,2010,7
E01000653,Bromley,Criminal Damage,Criminal Damage To Dwelling,1,2011,3
E01000679,Bromley,Violence Against the Person,Harassment,0,2013,3
E01004056,Southwark,Theft and Handling,Handling Stolen Goods,1,2011,10
E01001392,Enfield,Violence Against the Person,Harassment,1,2016,11
E01004535,Wandsworth,Other Notifiable Offences,Going Equipped,0,2009,1
E01000171,Barnet,Theft and Handling,Theft From Shops,0,2010,9
E01000954,Camden,Theft and Handling,Other Theft,3,2016,6
E01003837,Richmond upon Thames,Theft and Handling,Theft/Taking Of Motor Vehicle,0,2015,4
E01033591,Redbridge,Violence Against the Person,Offensive Weapon,0,2010,2
E01001123,Croydon,Criminal Damage,Criminal Damage To Motor Vehicle,0,2011,2
E01001453,Enfield,Criminal Damage,Other Criminal Damage,0,2016,5
E01004636,Wandsworth,Criminal Damage,Criminal Damage To Other Building,0,2012,9
E01004085,Sutton,Theft and Handling,Theft/Taking Of Motor Vehicle,0,2010,9
E01002803,Islington,Fraud or Forgery,Other Fraud & Forgery,0,2014,9
E01001828,Hackney,Burglary,Burglary in a Dwelling,0,2013,1
E01003437,Merton,Criminal Damage,Other Criminal Damage,0,2012,4
E01003548,Newham,Fraud or Forgery,Counted per Victim,0,2016,2
E01002706,Islington,Theft and Handling,Theft From Motor Vehicle,0,2016,11
E01002918,Kingston upon Thames,Violence Against the Person,Wounding/GBH,0,2011,10
E01004158,Sutton,Other Notifiable Offences,Going Equipped,0,2012,2
E01004658,Westminster,Robbery,Personal Property,1,2008,5
E01002598,Hounslow,Theft and Handling,Theft From Shops,4,2011,9
E01002870,Kensington and Chelsea,Theft and Handling,Other Theft Person,0,2009,10
E01003100,Lambeth,Theft and Handling,Theft From Shops,0,2015,10
E01003484,Newham,Fraud or Forgery,Counted per Victim,0,2016,11
E01001804,Hackney,Violence Against the Person,Other violence,0,2014,9
E01002207,Harrow,Theft and Handling,Theft/Taking of Pedal Cycle,0,2016,4
E01003501,Newham,Criminal Damage,Criminal Damage To Dwelling,1,2016,8
E01000035,Barking and Dagenham,Robbery,Business Property,0,2009,1
E01000490,Brent,Robbery,Business Property,0,2010,7
E01004146,Sutton,Criminal Damage,Other Criminal Damage,1,2012,5
E01002775,Islington,Violence Against the Person,Harassment,2,2016,7
E01000241,Barnet,Burglary,Burglary in Other Buildings,0,2013,6
E01000344,Bexley,Criminal Damage,Criminal Damage To Motor Vehicle,0,2016,2
E01002384,Havering,Burglary,Burglary in Other Buildings,0,2012,1
E01000272,Barnet,Theft and Handling,Other Theft,0,2016,10
E01000241,Barnet,Criminal Damage,Criminal Damage To Dwelling,0,2013,9
E01001250,Ealing,Theft and Handling,Handling Stolen Goods,0,2014,9
E01033602,Westminster,Violence Against the Person,Offensive Weapon,0,2013,5
E01004344,Waltham Forest,Theft and Handling,Handling Stolen Goods,0,2015,1
E01004350,Waltham Forest,Burglary,Burglary in a Dwelling,2,2011,6
E01000969,Camden,Violence Against the Person,Other violence,0,2014,8
E01003681,Redbridge,Violence Against the Person,Harassment,1,2008,7
E01003950,Southwark,Theft and Handling,Theft From Motor Vehicle,0,2009,6
E01000416,Bexley,Violence Against the Person,Assault with Injury,1,2013,11
E01004446,Waltham Forest,Theft and Handling,Handling Stolen Goods,0,2015,1
E01000962,Camden,Burglary,Burglary in a Dwelling,0,2012,12
E01003329,Lewisham,Other Notifiable Offences,Other Notifiable,0,2008,9
E01003138,Lambeth,Drugs,Drug Trafficking,0,2016,8
E01001352,Ealing,Criminal Damage,Criminal Damage To Dwelling,0,2008,3
E01002313,Havering,Burglary,Burglary in Other Buildings,0,2012,5
E01001365,Ealing,Criminal Damage,Criminal Damage To Motor Vehicle,0,2016,1
E01003366,Merton,Robbery,Personal Property,0,2008,8
E01001727,Hackney,Drugs,Possession Of Drugs,0,2010,2
E01004717,Westminster,Drugs,Drug Trafficking,0,2014,2
E01004421,Waltham Forest,Other Notifiable Offences,Going Equipped,0,2015,6
E01000673,Bromley,Criminal Damage,Criminal Damage To Dwelling,1,2014,12
E01003301,Lewisham,Drugs,Possession Of Drugs,1,2010,11
E01002245,Havering,Robbery,Personal Property,0,2010,9
E01002821,Kensington and Chelsea,Burglary,Burglary in Other Buildings,1,2013,1
E01004369,Waltham Forest,Drugs,Drug Trafficking,1,2013,1
E01001694,Greenwich,Criminal Damage,Other Criminal Damage,0,2014,6
E01033579,Newham,Criminal Damage,Criminal Damage To Other Building,0,2015,12
E01000561,Brent,Other Notifiable Offences,Going Equipped,0,2013,8
E01000558,Brent,Drugs,Possession Of Drugs,1,2015,3
E01002397,Hillingdon,Violence Against the Person,Common Assault,1,2008,6
E01004472,Wandsworth,Robbery,Business Property,0,2012,10
E01001533,Enfield,Theft and Handling,Theft/Taking Of Motor Vehicle,0,2011,4
E01002702,Islington,Theft and Handling,Theft From Shops,0,2012,5
E01000737,Bromley,Criminal Damage,Criminal Damage To Other Building,0,2014,4
E01003483,Newham,Robbery,Business Property,0,2009,10
E01001418,Enfield,Burglary,Burglary in a Dwelling,2,2011,12
E01002838,Kensington and Chelsea,Theft and Handling,Theft From Shops,0,2011,1
E01004657,Westminster,Other Notifiable Offences,Going Equipped,0,2009,3
E01000117,Barnet,Violence Against the Person,Wounding/GBH,0,2014,4
E01003648,Redbridge,Theft and Handling,Theft/Taking Of Motor Vehicle,0,2008,3
E01002146,Harrow,Theft and Handling,Other Theft Person,0,2014,12
E01001330,Ealing,Violence Against the Person,Assault with Injury,2,2012,7
E01003481,Newham,Burglary,Burglary in Other Buildings,0,2013,8
E01003506,Newham,Other Notifiable Offences,Other Notifiable,0,2010,7
E01002120,Harrow,Theft and Handling,Other Theft,0,2008,6
E01001442,Enfield,Theft and Handling,Theft From Shops,0,2010,6
E01032739,City of London,Theft and Handling,Theft From Motor Vehicle,0,2014,7
E01001497,Enfield,Theft and Handling,Theft From Motor Vehicle,0,2016,10
E01001004,Croydon,Drugs,Drug Trafficking,0,2015,2
E01000078,Barking and Dagenham,Criminal Damage,Criminal Damage To Dwelling,0,2011,4
E01001275,Ealing,Burglary,Burglary in Other Buildings,0,2012,8
E01033744,Greenwich,Theft and Handling,Handling Stolen Goods,0,2014,2
E01002810,Islington,Violence Against the Person,Wounding/GBH,1,2011,6
E01002564,Hounslow,Violence Against the Person,Common Assault,0,2011,9
E01001462,Enfield,Burglary,Burglary in a Dwelling,3,2010,11
E01003797,Richmond upon Thames,Theft and Handling,Theft From Shops,0,2008,10
E01004131,Sutton,Criminal Damage,Criminal Damage To Motor Vehicle,1,2015,1
E01003197,Lewisham,Robbery,Business Property,0,2012,3
E01003896,Richmond upon Thames,Robbery,Business Property,0,2015,1
E01002076,Haringey,Burglary,Burglary in a Dwelling,0,2014,10
E01001236,Ealing,Criminal Damage,Other Criminal Damage,0,2011,5
E01003339,Lewisham,Criminal Damage,Criminal Damage To Other Building,0,2009,9
E01001111,Croydon,Violence Against the Person,Other violence,0,2014,2
E01003863,Richmond upon Thames,Criminal Damage,Criminal Damage To Dwelling,0,2013,6
E01003992,Southwark,Burglary,Burglary in a Dwelling,0,2012,3
E01002361,Havering,Theft and Handling,Other Theft Person,3,2008,12
E01003875,Richmond upon Thames,Theft and Handling,Motor Vehicle Interference & Tampering,0,2011,10
E01004414,Waltham Forest,Theft and Handling,Handling Stolen Goods,0,2015,5
E01000515,Brent,Violence Against the Person,Murder,0,2013,10
E01000806,Bromley,Theft and Handling,Other Theft Person,0,2015,8
E01000619,Brent,Robbery,Personal Property,0,2013,12
E01002531,Hillingdon,Drugs,Drug Trafficking,0,2009,12
E01001257,Ealing,Criminal Damage,Criminal Damage To Motor Vehicle,1,2010,5
E01003968,Southwark,Theft and Handling,Theft/Taking Of Motor Vehicle,1,2013,1
E01003623,Newham,Criminal Damage,Criminal Damage To Motor Vehicle,1,2008,4
E01002370,Havering,Robbery,Business Property,0,2016,10
E01000510,Brent,Drugs,Possession Of Drugs,2,2016,11
E01003839,Richmond upon Thames,Violence Against the Person,Offensive Weapon,0,2011,2
E01033320,Lewisham,Criminal Damage,Criminal Damage To Other Building,0,2013,9
E01004192,Sutton,Criminal Damage,Criminal Damage To Motor Vehicle,3,2010,11
E01001130,Croydon,Violence Against the Person,Wounding/GBH,0,2013,2
E01000303,Barnet,Theft and Handling,Motor Vehicle Interference & Tampering,0,2016,4
E01003604,Newham,Violence Against the Person,Offensive Weapon,0,2015,11
E01002756,Islington,Drugs,Drug Trafficking,0,2016,8
E01004469,Waltham Forest,Other Notifiable Offences,Going Equipped,0,2008,4
E01003673,Redbridge,Theft and Handling,Other Theft,0,2011,9
E01003295,Lewisham,Violence Against the Person,Other violence,0,2013,5
E01002983,Kingston upon Thames,Theft and Handling,Other Theft,0,2011,5
E01000888,Camden,Theft and Handling,Other Theft Person,0,2012,10
E01003726,Redbridge,Robbery,Personal Property,0,2014,12
E01000098,Barking and Dagenham,Theft and Handling,Theft/Taking Of Motor Vehicle,0,2013,12
E01004323,Tower Hamlets,Theft and Handling,Handling Stolen Goods,0,2016,3
E01003360,Merton,Drugs,Possession Of Drugs,0,2014,8
E01000262,Barnet,Violence Against the Person,Other violence,0,2013,3
E01003730,Redbridge,Robbery,Personal Property,0,2009,3
E01000147,Barnet,Violence Against the Person,Wounding/GBH,0,2013,1
E01001613,Greenwich,Theft and Handling,Theft From Motor Vehicle,0,2016,8
E01001212,Ealing,Violence Against the Person,Offensive Weapon,0,2009,4
E01003644,Redbridge,Theft and Handling,Theft/Taking of Pedal Cycle,0,2015,6
E01004533,Wandsworth,Theft and Handling,Other Theft Person,1,2015,11
E01004330,Waltham Forest,Robbery,Business Property,0,2016,8
E01003827,Richmond upon Thames,Theft and Handling,Other Theft,3,2009,11
E01000665,Bromley,Violence Against the Person,Assault with Injury,1,2008,7
E01004389,Waltham Forest,Violence Against the Person,Assault with Injury,0,2013,6
E01001658,Greenwich,Violence Against the Person,Common Assault,0,2012,2
E01000872,Camden,Theft and Handling,Other Theft Person,0,2012,6
E01000115,Barnet,Violence Against the Person,Other violence,0,2009,4
E01004580,Wandsworth,Violence Against the Person,Assault with Injury,1,2014,10
E01003313,Lewisham,Theft and Handling,Theft/Taking Of Motor Vehicle,0,2015,7
E01000161,Barnet,Robbery,Personal Property,0,2010,7
E01002827,Kensington and Chelsea,Burglary,Burglary in Other Buildings,1,2009,8
E01000583,Brent,Theft and Handling,Handling Stolen Goods,0,2015,1
E01003282,Lewisham,Violence Against the Person,Harassment,4,2015,8
E01001543,Enfield,Burglary,Burglary in Other Buildings,0,2016,9
E01004712,Westminster,Theft and Handling,Motor Vehicle Interference & Tampering,1,2008,6
E01003518,Newham,Other Notifiable Offences,Other Notifiable,0,2015,11
E01002716,Islington,Drugs,Drug Trafficking,1,2012,5
E01000881,Camden,Violence Against the Person,Other violence,0,2009,8
E01001110,Croydon,Burglary,Burglary in Other Buildings,1,2016,10
E01002718,Islington,Burglary,Burglary in a Dwelling,2,2011,3
E01004582,Wandsworth,Theft and Handling,Other Theft Person,1,2012,4
E01000113,Barking and Dagenham,Violence Against the Person,Murder,0,2011,5
E01001964,Haringey,Other Notifiable Offences,Going Equipped,0,2009,12
E01000293,Barnet,Violence Against the Person,Offensive Weapon,0,2015,5
E01000441,Bexley,Violence Against the Person,Harassment,1,2016,9
E01001786,Hackney,Violence Against the Person,Common Assault,0,2011,10
E01003914,Southwark,Theft and Handling,Theft/Taking Of Motor Vehicle,0,2012,1
E01004470,Waltham Forest,Violence Against the Person,Murder,0,2008,9
E01000211,Barnet,Theft and Handling,Handling Stolen Goods,0,2010,8
E01000261,Barnet,Violence Against the Person,Harassment,0,2014,12
E01004449,Waltham Forest,Criminal Damage,Criminal Damage To Other Building,0,2016,12
E01001710,Greenwich,Burglary,Burglary in Other Buildings,0,2015,9
E01000822,Bromley,Violence Against the Person,Wounding/GBH,0,2008,5
E01003402,Merton,Other Notifiable Offences,Other Notifiable,0,2015,5
E01002422,Hillingdon,Violence Against the Person,Wounding/GBH,0,2013,8
E01000110,Barking and Dagenham,Other Notifiable Offences,Other Notifiable,0,2013,5
E01003344,Lewisham,Theft and Handling,Theft From Motor Vehicle,0,2011,5
E01002840,Kensington and Chelsea,Drugs,Drug Trafficking,0,2016,5
E01003451,Merton,Theft and Handling,Motor Vehicle Interference & Tampering,0,2010,4
E01003493,Newham,Violence Against the Person,Wounding/GBH,0,2014,4
E01000138,Barnet,Other Notifiable Offences,Going Equipped,0,2015,5
E01000552,Brent,Criminal Damage,Criminal Damage To Dwelling,1,2013,2
E01004722,Westminster,Violence Against the Person,Offensive Weapon,0,2010,4
E01003261,Lewisham,Theft and Handling,Motor Vehicle Interference & Tampering,0,2013,9
E01001568,Enfield,Theft and Handling,Motor Vehicle Interference & Tampering,0,2014,8
E01003619,Newham,Other Notifiable Offences,Other Notifiable,0,2011,11
E01001971,Haringey,Burglary,Burglary in Other Buildings,1,2008,1
E01001428,Enfield,Violence Against the Person,Common Assault,0,2013,10
E01002758,Islington,Other Notifiable Offences,Other Notifiable,2,2010,5
E01004498,Wandsworth,Violence Against the Person,Wounding/GBH,0,2015,6
E01033574,Newham,Robbery,Personal Property,0,2011,10
E01003637,Newham,Theft and Handling,Theft From Motor Vehicle,0,2013,2
E01001404,Enfield,Violence Against the Person,Harassment,0,2011,7
E01004536,Wandsworth,Theft and Handling,Other Theft Person,1,2012,7
E01001873,Hammersmith and Fulham,Violence Against the Person,Common Assault,0,2008,2
E01000119,Barnet,Theft and Handling,Theft/Taking Of Motor Vehicle,0,2014,10
E01002673,Hounslow,Theft and Handling,Other Theft,1,2012,2
E01003262,Lewisham,Criminal Damage,Criminal Damage To Motor Vehicle,1,2013,10
E01004302,Tower Hamlets,Violence Against the Person,Other violence,0,2010,8
E01033743,Greenwich,Criminal Damage,Criminal Damage To Motor Vehicle,2,2015,6
E01001487,Enfield,Theft and Handling,Handling Stolen Goods,0,2012,10
E01002313,Havering,Drugs,Drug Trafficking,0,2015,10
E01001239,Ealing,Theft and Handling,Handling Stolen Goods,0,2012,6
E01000787,Bromley,Theft and Handling,Motor Vehicle Interference & Tampering,2,2014,9
E01000098,Barking and Dagenham,Burglary,Burglary in a Dwelling,2,2012,1
E01002492,Hillingdon,Violence Against the Person,Wounding/GBH,0,2015,1
E01003191,Lewisham,Drugs,Possession Of Drugs,1,2010,9
E01000668,Bromley,Criminal Damage,Criminal Damage To Motor Vehicle,0,2013,2
E01003799,Richmond upon Thames,Theft and Handling,Theft From Motor Vehicle,1,2016,12
E01004454,Waltham Forest,Other Notifiable Offences,Other Notifiable,0,2015,7
E01004370,Waltham Forest,Burglary,Burglary in Other Buildings,0,2014,12
E01002572,Hounslow,Criminal Damage,Other Criminal Damage,1,2012,5
E01002498,Hillingdon,Theft and Handling,Other Theft,3,2016,12
E01001002,Croydon,Theft and Handling,Other Theft,0,2015,9
E01000750,Bromley,Theft and Handling,Theft/Taking of Pedal Cycle,0,2015,7
E01000962,Camden,Violence Against the Person,Other violence,0,2014,12
E01004111,Sutton,Other Notifiable Offences,Other Notifiable,0,2010,5
E01003763,Redbridge,Other Notifiable Offences,Other Notifiable,0,2008,7
E01002412,Hillingdon,Drugs,Drug Trafficking,0,2015,7
E01003176,Lambeth,Drugs,Possession Of Drugs,1,2015,6
E01000632,Brent,Robbery,Business Property,0,2013,3
E01004190,Sutton,Theft and Handling,Other Theft,0,2010,1
E01002858,Kensington and Chelsea,Theft and Handling,Theft From Shops,1,2011,10
E01002719,Islington,Theft and Handling,Theft From Shops,0,2010,12
E01004313,Tower Hamlets,Sexual Offences,Other Sexual,0,2009,4
E01001963,Haringey,Theft and Handling,Other Theft Person,0,2016,12
E01002566,Hounslow,Theft and Handling,Handling Stolen Goods,0,2008,7
E01001659,Greenwich,Violence Against the Person,Wounding/GBH,0,2013,3
E01001268,Ealing,Theft and Handling,Handling Stolen Goods,0,2011,5
E01003498,Newham,Violence Against the Person,Harassment,1,2009,4
E01003395,Merton,Violence Against the Person,Assault with Injury,1,2008,10
E01000760,Bromley,Violence Against the Person,Wounding/GBH,0,2016,9
E01002111,Harrow,Violence Against the Person,Common Assault,0,2011,7
E01003869,Richmond upon Thames,Burglary,Burglary in a Dwelling,2,2016,5
E01000608,Brent,Drugs,Possession Of Drugs,0,2015,4
E01000640,Brent,Violence Against the Person,Other violence,0,2012,7
E01004747,Westminster,Violence Against the Person,Common Assault,1,2012,4
E01003702,Redbridge,Burglary,Burglary in Other Buildings,0,2010,6
E01000454,Bexley,Criminal Damage,Criminal Damage To Motor Vehicle,0,2008,6
E01001659,Greenwich,Criminal Damage,Criminal Damage To Other Building,0,2015,5
E01003261,Lewisham,Violence Against the Person,Common Assault,0,2010,11
E01000479,Brent,Theft and Handling,Handling Stolen Goods,0,2008,5
E01000773,Bromley,Other Notifiable Offences,Other Notifiable,0,2008,6
E01002721,Islington,Criminal Damage,Criminal Damage To Other Building,0,2011,4
E01003424,Merton,Violence Against the Person,Wounding/GBH,0,2009,5
E01001116,Croydon,Theft and Handling,Motor Vehicle Interference & Tampering,0,2011,8
E01000428,Bexley,Violence Against the Person,Other violence,0,2008,10
E01003353,Lewisham,Theft and Handling,Other Theft,5,2013,9
E01003882,Richmond upon Thames,Theft and Handling,Handling Stolen Goods,0,2014,3
E01000551,Brent,Theft and Handling,Other Theft Person,1,2013,10
E01001521,Enfield,Theft and Handling,Motor Vehicle Interference & Tampering,0,2010,9
E01002518,Hillingdon,Violence Against the Person,Other violence,0,2011,5
E01000778,Bromley,Violence Against the Person,Harassment,0,2010,12
E01004539,Wandsworth,Robbery,Business Property,0,2015,4
E01003432,Merton,Violence Against the Person,Harassment,0,2013,9
E01003451,Merton,Theft and Handling,Theft From Motor Vehicle,0,2016,2
E01004688,Westminster,Violence Against the Person,Wounding/GBH,0,2014,1
E01003262,Lewisham,Theft and Handling,Handling Stolen Goods,0,2009,8
E01003228,Lewisham,Violence Against the Person,Offensive Weapon,0,2012,3
E01000187,Barnet,Drugs,Drug Trafficking,0,2015,5
E01002707,Islington,Violence Against the Person,Wounding/GBH,1,2009,4
E01001875,Hammersmith and Fulham,Drugs,Possession Of Drugs,0,2011,9
E01002616,Hounslow,Drugs,Possession Of Drugs,0,2015,12
E01001258,Ealing,Violence Against the Person,Other violence,1,2008,8
E01004182,Sutton,Theft and Handling,Other Theft Person,0,2011,7
E01003970,Southwark,Theft and Handling,Theft/Taking Of Motor Vehicle,0,2009,11
E01002505,Hillingdon,Theft and Handling,Other Theft,6,2015,2
E01002630,Hounslow,Violence Against the Person,Common Assault,1,2011,2
E01004739,Westminster,Violence Against the Person,Other violence,0,2009,3
E01000385,Bexley,Fraud or Forgery,Other Fraud & Forgery,0,2016,3
E01001806,Hackney,Robbery,Business Property,0,2015,12
E01003266,Lewisham,Criminal Damage,Criminal Damage To Motor Vehicle,0,2010,4
E01000212,Barnet,Theft and Handling,Other Theft Person,0,2013,3
E01004684,Westminster,Criminal Damage,Criminal Damage To Other Building,0,2016,2
E01000084,Barking and Dagenham,Burglary,Burglary in a Dwelling,0,2009,10
E01003143,Lambeth,Violence Against the Person,Harassment,0,2013,10
E01003196,Lewisham,Drugs,Drug Trafficking,0,2015,8
E01000603,Brent,Theft and Handling,Motor Vehicle Interference & Tampering,0,2015,2
E01000470,Bexley,Violence Against the Person,Assault with Injury,1,2013,7
E01001554,Enfield,Theft and Handling,Handling Stolen Goods,0,2013,12
E01004467,Waltham Forest,Violence Against the Person,Offensive Weapon,0,2010,8
E01004406,Waltham Forest,Criminal Damage,Criminal Damage To Dwelling,2,2010,6
E01000903,Camden,Robbery,Personal Property,1,2013,2
E01000154,Barnet,Violence Against the Person,Other violence,0,2011,6
E01004386,Waltham Forest,Theft and Handling,Theft/Taking Of Motor Vehicle,0,2010,9
E01000367,Bexley,Robbery,Personal Property,0,2015,12
E01003742,Redbridge,Fraud or Forgery,Counted per Victim,0,2016,6
E01003357,Merton,Theft and Handling,Theft/Taking Of Motor Vehicle,0,2014,10
E01032512,Westminster,Robbery,Personal Property,0,2008,9
E01032638,Southwark,Theft and Handling,Other Theft,0,2014,9
E01003090,Lambeth,Theft and Handling,Motor Vehicle Interference & Tampering,0,2013,4
E01003071,Lambeth,Theft and Handling,Handling Stolen Goods,0,2012,12
E01001520,Enfield,Theft and Handling,Other Theft Person,0,2012,7
E01003797,Richmond upon Thames,Violence Against the Person,Offensive Weapon,0,2014,5
E01002493,Hillingdon,Theft and Handling,Theft/Taking Of Motor Vehicle,0,2010,2
E01001799,Hackney,Theft and Handling,Theft/Taking of Pedal Cycle,0,2013,3
E01003989,Southwark,Criminal Damage,Criminal Damage To Motor Vehicle,2,2011,1
E01004638,Wandsworth,Drugs,Possession Of Drugs,1,2008,11
E01002078,Haringey,Other Notifiable Offences,Going Equipped,0,2016,10
E01001249,Ealing,Theft and Handling,Handling Stolen Goods,1,2016,6
E01002446,Hillingdon,Violence Against the Person,Offensive Weapon,0,2008,11
E01002416,Hillingdon,Criminal Damage,Criminal Damage To Other Building,0,2009,2
E01004537,Wandsworth,Drugs,Drug Trafficking,0,2010,11
