E01002992,Kingston upon Thames,Fraud or Forgery,Counted per Victim,0,2008,7
E01003595,Newham,Violence Against the Person,Wounding/GBH,0,2012,8
E01001684,Greenwich,Drugs,Drug Trafficking,0,2008,5
E01001191,Croydon,Violence Against the Person,Harassment,2,2012,10
E01000693,Bromley,Drugs,Drug Trafficking,0,2011,7
E01001991,Haringey,Theft and Handling,Theft From Motor Vehicle,3,2010,11
E01001601,Greenwich,Theft and Handling,Other Theft Person,0,2016,8
E01001894,Hammersmith and Fulham,Theft and Handling,Theft/Taking of Pedal Cycle,1,2010,6
E01002878,Kensington and Chelsea,Fraud or Forgery,Counted per Victim,0,2016,6
E01000006,Barking and Dagenham,Burglary,Burglary in Other Buildings,0,2014,6
E01003396,Merton,Theft and Handling,Theft From Motor Vehicle,0,2012,3
E01000242,Barnet,Criminal Damage,Criminal Damage To Motor Vehicle,1,2008,6
E01032767,Tower Hamlets,Other Notifiable Offences,Other Notifiable,1,2013,3
E01001167,Croydon,Theft and Handling,Handling Stolen Goods,0,2013,5
E01033322,Lewisham,Violence Against the Person,Common Assault,0,2014,8
E01001484,Enfield,Drugs,Drug Trafficking,0,2009,3
E01004000,Southwark,Violence Against the Person,Harassment,1,2008,11
E01004525,Wandsworth,Criminal Damage,Criminal Damage To Dwelling,1,2011,4
E01000008,Barking and Dagenham,Criminal Damage,Other Criminal Damage,0,2013,10
E01004138,Sutton,Theft and Handling,Handling Stolen Goods,0,2013,6
E01004470,Waltham Forest,Criminal Damage,Criminal Damage To Motor Vehicle,1,2014,5
E01003043,Lambeth,Criminal Damage,Other Criminal Damage,0,2010,7
E01004619,Wandsworth,Theft and Handling,Theft/Taking of Pedal Cycle,2,2012,4
E01000342,Bexley,Violence Against the Person,Other violence,0,2013,7
E01004308,Tower Hamlets,Drugs,Possession Of Drugs,3,2014,11
E01002151,Harrow,Violence Against the Person,Assault with Injury,1,2009,10
E01000283,Barnet,Drugs,Drug Trafficking,0,2011,6
E01004131,Sutton,Theft and Handling,Theft/Taking Of Motor Vehicle,0,2012,6
E01032771,Tower Hamlets,Theft and Handling,Theft/Taking of Pedal Cycle,1,2012,12
E01004360,Waltham Forest,Drugs,Drug Trafficking,0,2014,12
E01003445,Merton,Theft and Handling,Theft From Motor Vehicle,1,2010,11
E01004745,Westminster,Other Notifiable Offences,Other Notifiable,0,2015,10
E01003293,Lewisham,Criminal Damage,Criminal Damage To Motor Vehicle,1,2011,2
E01003441,Merton,Violence Against the Person,Harassment,1,2009,12
E01004228,Tower Hamlets,Robbery,Personal Property,1,2011,1
E01000792,Bromley,Drugs,Other Drugs,0,2008,4
E01004608,Wandsworth,Burglary,Burglary in a Dwelling,1,2013,5
E01002925,Kingston upon Thames,Burglary,Burglary in a Dwelling,1,2014,10
E01004703,Westminster,Burglary,Burglary in a Dwelling,1,2016,12
E01003195,Lewisham,Violence Against the Person,Harassment,1,2012,3
E01004121,Sutton,Criminal Damage,Other Criminal Damage,0,2008,8
E01001377,Ealing,Drugs,Possession Of Drugs,0,2011,4
E01000570,Brent,Violence Against the Person,Murder,0,2010,11
E01004533,Wandsworth,Theft and Handling,Motor Vehicle Interference & Tampering,0,2014,8
E01002604,Hounslow,Violence Against the Person,Harassment,2,2013,2
E01002625,Hounslow,Criminal Damage,Criminal Damage To Motor Vehicle,1,2011,1
E01003768,Redbridge,Theft and Handling,Other Theft Person,1,2011,3
E01001700,Greenwich,Violence Against the Person,Wounding/GBH,0,2011,5
E01002697,Islington,Theft and Handling,Theft From Shops,0,2016,3
E01004252,Tower Hamlets,Burglary,Burglary in a Dwelling,0,2009,10
E01003339,Lewisham,Violence Against the Person,Offensive Weapon,0,2014,1
E01001888,Hammersmith and Fulham,Theft and Handling,Theft From Motor Vehicle,1,2010,6
E01003312,Lewisham,Criminal Damage,Criminal Damage To Motor Vehicle,0,2016,5
E01000717,Bromley,Robbery,Business Property,0,2009,2
E01004226,Tower Hamlets,Theft and Handling,Other Theft,0,2011,1
E01000505,Brent,Violence Against the Person,Harassment,0,2011,7
E01002396,Hillingdon,Burglary,Burglary in Other Buildings,3,2010,8
E01000888,Camden,Violence Against the Person,Offensive Weapon,0,2016,5
E01000939,Camden,Theft and Handling,Theft/Taking Of Motor Vehicle,1,2008,5
E01000730,Bromley,Theft and Handling,Other Theft Person,0,2015,10
E01000226,Barnet,Drugs,Possession Of Drugs,0,2010,1
E01000748,Bromley,Criminal Damage,Criminal Damage To Motor Vehicle,0,2010,7
E01004068,Southwark,Violence Against the Person,Assault with Injury,5,2010,10
E01004319,Tower Hamlets,Criminal Damage,Criminal Damage To Motor Vehicle,0,2015,6
E01002110,Harrow,Burglary,Burglary in Other Buildings,0,2011,12
E01000217,Barnet,Violence Against the Person,Harassment,1,2016,12
E01004333,Waltham Forest,Drugs,Possession Of Drugs,1,2011,4
E01001814,Hackney,Violence Against the Person,Harassment,2,2008,12
E01003080,Lambeth,Drugs,Other Drugs,0,2016,7
E01003791,Redbridge,Burglary,Burglary in a Dwelling,1,2010,11
E01004714,Westminster,Violence Against the Person,Offensive Weapon,0,2010,5
E01002633,Hounslow,Drugs,Other Drugs,0,2011,9
E01001050,Croydon,Criminal Damage,Criminal Damage To Other Building,0,2016,10
E01004414,Waltham Forest,Criminal Damage,Criminal Damage To Motor Vehicle,0,2012,1
E01004571,Wandsworth,Drugs,Drug Trafficking,0,2016,3
E01002185,Harrow,Criminal Damage,Other Criminal Damage,0,2011,3
E01002416,Hillingdon,Criminal Damage,Criminal Damage To Other Building,0,2009,3
E01033463,Brent,Violence Against the Person,Offensive Weapon,0,2008,7
E01000673,Bromley,Other Notifiable Offences,Going Equipped,0,2013,8
E01001934,Hammersmith and Fulham,Theft and Handling,Theft From Motor Vehicle,1,2011,6
E01000729,Bromley,Theft and Handling,Handling Stolen Goods,0,2014,1
E01001275,Ealing,Theft and Handling,Theft/Taking Of Motor Vehicle,0,2012,7
E01001417,Enfield,Violence Against the Person,Common Assault,1,2011,1
E01002734,Islington,Criminal Damage,Criminal Damage To Dwelling,2,2011,8
E01001433,Enfield,Other Notifiable Offences,Going Equipped,0,2015,8
E01004569,Wandsworth,Theft and Handling,Other Theft,0,2010,6
E01004637,Wandsworth,Theft and Handling,Theft/Taking of Pedal Cycle,0,2013,6
E01002696,Islington,Other Notifiable Offences,Going Equipped,0,2010,2
E01001952,Hammersmith and Fulham,Drugs,Possession Of Drugs,0,2008,5
E01000896,Camden,Theft and Handling,Theft From Motor Vehicle,2,2010,1
E01001197,Ealing,Robbery,Business Property,0,2016,7
E01001047,Croydon,Other Notifiable Offences,Going Equipped,0,2015,9
E01033710,Hackney,Theft and Handling,Theft/Taking Of Motor Vehicle,0,2008,2
E01004107,Sutton,Drugs,Possession Of Drugs,1,2008,7
E01000828,Bromley,Criminal Damage,Criminal Damage To Other Building,0,2016,7
E01004502,Wandsworth,Violence Against the Person,Common Assault,1,2015,5
E01003957,Southwark,Theft and Handling,Motor Vehicle Interference & Tampering,0,2011,9
E01004329,Waltham Forest,Theft and Handling,Other Theft Person,0,2016,7
E01004001,Southwark,Theft and Handling,Theft/Taking Of Motor Vehicle,1,2013,7
E01000587,Brent,Burglary,Burglary in Other Buildings,0,2010,8
E01003266,Lewisham,Violence Against the Person,Murder,0,2013,8
E01004439,Waltham Forest,Violence Against the Person,Assault with Injury,2,2013,5
E01003670,Redbridge,Theft and Handling,Theft/Taking Of Motor Vehicle,0,2013,4
E01002281,Havering,Violence Against the Person,Assault with Injury,2,2016,4
E01003148,Lambeth,Other Notifiable Offences,Other Notifiable,0,2012,12
E01004696,Westminster,Theft and Handling,Theft From Shops,0,2009,12
E01001278,Ealing,Criminal Damage,Criminal Damage To Motor Vehicle,0,2009,1
E01004306,Tower Hamlets,Theft and Handling,Theft From Shops,1,2015,2
E01001562,Enfield,Drugs,Possession Of Drugs,1,2015,1
E01003929,Southwark,Violence Against the Person,Wounding/GBH,0,2012,5
E01004592,Wandsworth,Criminal Damage,Criminal Damage To Dwelling,1,2011,12
E01003691,Redbridge,Violence Against the Person,Assault with Injury,0,2009,12
E01004080,Sutton,Drugs,Drug Trafficking,0,2009,12
E01003730,Redbridge,Violence Against the Person,Harassment,1,2015,8
E01002975,Kingston upon Thames,Violence Against the Person,Harassment,0,2013,12
E01000524,Brent,Other Notifiable Offences,Other Notifiable,0,2008,10
E01003288,Lewisham,Theft and Handling,Theft/Taking Of Motor Vehicle,0,2012,5
E01001916,Hammersmith and Fulham,Criminal Damage,Other Criminal Damage,0,2014,7
E01000977,Croydon,Violence Against the Person,Assault with Injury,0,2016,3
E01001866,Hammersmith and Fulham,Criminal Damage,Other Criminal Damage,0,2015,10
E01004182,Sutton,Theft and Handling,Other Theft,1,2015,5
E01003832,Richmond upon Thames,Theft and Handling,Other Theft Person,0,2013,1
E01004718,Westminster,Theft and Handling,Other Theft Person,0,2012,12
E01002528,Hillingdon,Theft and Handling,Handling Stolen Goods,0,2011,9
E01002481,Hillingdon,Criminal Damage,Criminal Damage To Other Building,0,2013,11
E01001035,Croydon,Criminal Damage,Other Criminal Damage,0,2016,9
E01032566,Bexley,Criminal Damage,Other Criminal Damage,0,2016,11
E01004648,Westminster,Criminal Damage,Criminal Damage To Motor Vehicle,0,2011,3
E01001888,Hammersmith and Fulham,Burglary,Burglary in a Dwelling,1,2010,4
E01004701,Westminster,Theft and Handling,Theft/Taking Of Motor Vehicle,0,2011,6
E01003609,Newham,Theft and Handling,Theft From Motor Vehicle,5,2015,1
E01001242,Ealing,Violence Against the Person,Wounding/GBH,0,2012,2
E01001395,Enfield,Violence Against the Person,Assault with Injury,0,2014,7
E01003111,Lambeth,Robbery,Business Property,0,2012,7
E01001311,Ealing,Burglary,Burglary in a Dwelling,5,2009,1
E01003846,Richmond upon Thames,Violence Against the Person,Harassment,0,2008,4
E01001395,Enfield,Other Notifiable Offences,Going Equipped,0,2009,10
E01000323,Barnet,Theft and Handling,Other Theft,4,2009,10
E01001051,Croydon,Theft and Handling,Motor Vehicle Interference & Tampering,0,2011,9
E01000067,Barking and Dagenham,Robbery,Personal Property,0,2011,1
E01003096,Lambeth,Theft and Handling,Other Theft Person,1,2014,6
E01001976,Haringey,Criminal Damage,Criminal Damage To Motor Vehicle,1,2012,1
E01000041,Barking and Dagenham,Theft and Handling,Other Theft,0,2011,10
E01004081,Sutton,Violence Against the Person,Common Assault,0,2010,5
E01002164,Harrow,Robbery,Personal Property,0,2011,8
E01002704,Islington,Drugs,Drug Trafficking,0,2009,10
E01003241,Lewisham,Theft and Handling,Theft From Shops,3,2013,4
E01000892,Camden,Theft and Handling,Motor Vehicle Interference & Tampering,1,2011,6
E01003914,Southwark,Drugs,Possession Of Drugs,1,2012,5
E01000213,Barnet,Violence Against the Person,Wounding/GBH,0,2011,9
E01002380,Havering,Violence Against the Person,Wounding/GBH,0,2016,10
E01002134,Harrow,Theft and Handling,Theft/Taking Of Motor Vehicle,0,2015,8
E01000433,Bexley,Drugs,Drug Trafficking,0,2010,1
E01000493,Brent,Theft and Handling,Theft/Taking Of Motor Vehicle,0,2010,12
E01004147,Sutton,Theft and Handling,Theft/Taking of Pedal Cycle,0,2011,8
E01002486,Hillingdon,Criminal Damage,Other Criminal Damage,0,2010,8
E01003553,Newham,Criminal Damage,Other Criminal Damage,0,2012,10
E01002311,Havering,Robbery,Personal Property,0,2014,6
E01000208,Barnet,Violence Against the Person,Common Assault,1,2015,12
E01004075,Southwark,Violence Against the Person,Assault with Injury,2,2008,12
E01003424,Merton,Violence Against the Person,Common Assault,0,2010,10
E01033704,Hackney,Theft and Handling,Other Theft Person,0,2010,4
E01033570,Richmond upon Thames,Drugs,Drug Trafficking,0,2009,11
E01000942,Camden,Burglary,Burglary in Other Buildings,2,2012,7
E01002135,Harrow,Violence Against the Person,Common Assault,3,2014,6
E01002085,Haringey,Theft and Handling,Theft From Motor Vehicle,1,2012,7
E01004063,Southwark,Fraud or Forgery,Other Fraud & Forgery,0,2010,12
E01000903,Camden,Theft and Handling,Theft From Motor Vehicle,1,2010,6
E01001658,Greenwich,Violence Against the Person,Wounding/GBH,0,2008,11
E01002754,Islington,Drugs,Possession Of Drugs,0,2008,2
E01003469,Merton,Criminal Damage,Other Criminal Damage,0,2011,5
E01000134,Barnet,Violence Against the Person,Wounding/GBH,0,2012,3
E01002555,Hounslow,Theft and Handling,Theft From Shops,0,2014,7
E01002846,Kensington and Chelsea,Violence Against the Person,Other violence,0,2014,2
E01001539,Enfield,Theft and Handling,Theft From Motor Vehicle,0,2016,8
E01004737,Westminster,Violence Against the Person,Harassment,0,2015,1
E01001051,Croydon,Theft and Handling,Theft/Taking of Pedal Cycle,1,2009,8
E01002519,Hillingdon,Theft and Handling,Other Theft Person,0,2010,6
E01000579,Brent,Theft and Handling,Theft From Motor Vehicle,2,2010,11
E01002636,Hounslow,Violence Against the Person,Assault with Injury,0,2012,10
E01004482,Wandsworth,Criminal Damage,Criminal Damage To Motor Vehicle,0,2015,1
E01002662,Hounslow,Drugs,Possession Of Drugs,1,2010,8
E01003920,Southwark,Criminal Damage,Criminal Damage To Dwelling,0,2009,11
E01002594,Hounslow,Theft and Handling,Theft/Taking of Pedal Cycle,0,2015,4
E01003898,Richmond upon Thames,Criminal Damage,Criminal Damage To Other Building,0,2010,7
E01004495,Wandsworth,Criminal Damage,Criminal Damage To Motor Vehicle,0,2010,12
E01002004,Haringey,Theft and Handling,Other Theft,1,2010,9
E01032570,Bromley,Criminal Damage,Criminal Damage To Dwelling,0,2013,3
E01000265,Barnet,Violence Against the Person,Harassment,0,2012,8
E01000778,Bromley,Criminal Damage,Other Criminal Damage,0,2014,4
E01001024,Croydon,Violence Against the Person,Common Assault,0,2016,8
E01001309,Ealing,Criminal Damage,Other Criminal Damage,1,2009,10
E01004581,Wandsworth,Theft and Handling,Handling Stolen Goods,0,2014,2
E01003049,Lambeth,Violence Against the Person,Wounding/GBH,0,2008,4
E01001861,Hammersmith and Fulham,Theft and Handling,Other Theft,0,2013,1
E01001349,Ealing,Drugs,Drug Trafficking,0,2011,3
E01001950,Hammersmith and Fulham,Criminal Damage,Criminal Damage To Other Building,0,2015,7
E01002104,Haringey,Robbery,Personal Property,1,2008,7
E01004468,Waltham Forest,Theft and Handling,Other Theft Person,2,2014,3
E01002102,Haringey,Criminal Damage,Criminal Damage To Motor Vehicle,0,2016,3
E01004287,Tower Hamlets,Theft and Handling,Handling Stolen Goods,0,2013,5
E01002968,Kingston upon Thames,Burglary,Burglary in Other Buildings,2,2014,7
E01000142,Barnet,Theft and Handling,Other Theft,0,2012,10
E01032562,Bromley,Burglary,Burglary in a Dwelling,1,2013,4
E01004686,Westminster,Fraud or Forgery,Other Fraud & Forgery,0,2013,9
E01002751,Islington,Theft and Handling,Theft/Taking of Pedal Cycle,1,2009,11
E01001554,Enfield,Violence Against the Person,Wounding/GBH,0,2012,3
E01002484,Hillingdon,Theft and Handling,Other Theft,0,2015,10
E01004497,Wandsworth,Criminal Damage,Other Criminal Damage,0,2011,3
E01001733,Hackney,Violence Against the Person,Offensive Weapon,0,2014,7
E01001535,Enfield,Fraud or Forgery,Counted per Victim,0,2009,9
E01002638,Hounslow,Violence Against the Person,Murder,0,2015,10
E01001024,Croydon,Theft and Handling,Other Theft,0,2013,3
E01001478,Enfield,Burglary,Burglary in a Dwelling,4,2009,1
E01033100,Wandsworth,Theft and Handling,Theft/Taking of Pedal Cycle,0,2009,3
E01001065,Croydon,Criminal Damage,Other Criminal Damage,0,2011,1
E01003335,Lewisham,Drugs,Possession Of Drugs,3,2016,1
E01000968,Camden,Violence Against the Person,Assault with Injury,0,2014,2
E01000854,Camden,Violence Against the Person,Offensive Weapon,0,2011,6
E01004591,Wandsworth,Drugs,Drug Trafficking,0,2012,6
E01000421,Bexley,Theft and Handling,Theft From Motor Vehicle,1,2011,9
E01033593,Westminster,Theft and Handling,Theft From Motor Vehicle,1,2016,7
E01004296,Tower Hamlets,Theft and Handling,Handling Stolen Goods,0,2013,7
E01003805,Richmond upon Thames,Theft and Handling,Theft/Taking Of Motor Vehicle,0,2011,12
E01003746,Redbridge,Drugs,Possession Of Drugs,1,2008,10
E01000091,Barking and Dagenham,Violence Against the Person,Offensive Weapon,2,2015,9
E01002732,Islington,Theft and Handling,Other Theft,4,2016,8
E01000744,Bromley,Violence Against the Person,Offensive Weapon,0,2016,2
E01002385,Havering,Theft and Handling,Theft/Taking Of Motor Vehicle,1,2008,6
E01002809,Islington,Violence Against the Person,Other violence,1,2008,12
E01001253,Ealing,Burglary,Burglary in a Dwelling,0,2015,12
E01001882,Hammersmith and Fulham,Robbery,Personal Property,0,2016,6
E01003316,Lewisham,Drugs,Possession Of Drugs,1,2014,1
E01003603,Newham,Criminal Damage,Criminal Damage To Dwelling,0,2012,3
E01003235,Lewisham,Theft and Handling,Other Theft Person,0,2012,4
E01001978,Haringey,Theft and Handling,Theft From Shops,2,2013,7
E01002780,Islington,Theft and Handling,Other Theft Person,1,2014,6
E01003593,Newham,Criminal Damage,Criminal Damage To Other Building,0,2008,8
E01004440,Waltham Forest,Criminal Damage,Criminal Damage To Other Building,0,2016,9
E01003432,Merton,Criminal Damage,Criminal Damage To Other Building,0,2012,7
E01001220,Ealing,Violence Against the Person,Harassment,1,2012,2
E01002342,Havering,Violence Against the Person,Wounding/GBH,0,2012,7
E01001984,Haringey,Theft and Handling,Other Theft Person,0,2011,8
E01003118,Lambeth,Theft and Handling,Other Theft,12,2014,2
E01003390,Merton,Violence Against the Person,Offensive Weapon,0,2009,9
E01004242,Tower Hamlets,Theft and Handling,Motor Vehicle Interference & Tampering,0,2013,9
E01001945,Hammersmith and Fulham,Criminal Damage,Other Criminal Damage,0,2013,10
E01003413,Merton,Criminal Damage,Criminal Damage To Motor Vehicle,1,2010,9
E01004356,Waltham Forest,Violence Against the Person,Other violence,0,2008,6
E01002088,Haringey,Violence Against the Person,Wounding/GBH,0,2012,8
E01004476,Wandsworth,Burglary,Burglary in a Dwelling,0,2008,8
E01000754,Bromley,Criminal Damage,Criminal Damage To Dwelling,0,2015,5
E01000234,Barnet,Theft and Handling,Theft From Motor Vehicle,3,2012,3
E01003099,Lambeth,Violence Against the Person,Harassment,1,2013,2
E01003166,Lambeth,Violence Against the Person,Assault with Injury,1,2010,9
E01033030,Hounslow,Violence Against the Person,Common Assault,0,2016,12
E01002369,Havering,Theft and Handling,Handling Stolen Goods,0,2013,7
E01002036,Haringey,Theft and Handling,Motor Vehicle Interference & Tampering,0,2010,12
E01002888,Kensington and Chelsea,Theft and Handling,Other Theft,3,2013,7
E01000352,Bexley,Theft and Handling,Theft/Taking of Pedal Cycle,0,2015,12
E01002028,Haringey,Other Notifiable Offences,Other Notifiable,0,2012,3
E01002104,Haringey,Other Notifiable Offences,Other Notifiable,0,2016,5
E01000610,Brent,Criminal Damage,Criminal Damage To Other Building,0,2016,10
E01004228,Tower Hamlets,Violence Against the Person,Wounding/GBH,0,2015,12
E01004063,Southwark,Criminal Damage,Criminal Damage To Motor Vehicle,1,2016,1
E01003131,Lambeth,Theft and Handling,Motor Vehicle Interference & Tampering,0,2016,12
E01033585,Newham,Violence Against the Person,Offensive Weapon,0,2013,11
E01002531,Hillingdon,Theft and Handling,Other Theft,1,2011,1
E01000990,Croydon,Theft and Handling,Theft From Shops,0,2012,3
E01004386,Waltham Forest,Burglary,Burglary in Other Buildings,0,2013,5
E01002187,Harrow,Drugs,Other Drugs,0,2010,2
E01004482,Wandsworth,Violence Against the Person,Harassment,2,2012,6
E01004231,Tower Hamlets,Theft and Handling,Other Theft Person,1,2009,4
E01000191,Barnet,Violence Against the Person,Common Assault,0,2014,5
E01001900,Hammersmith and Fulham,Burglary,Burglary in a Dwelling,1,2011,3
E01004384,Waltham Forest,Criminal Damage,Criminal Damage To Motor Vehicle,0,2014,10
E01002636,Hounslow,Other Notifiable Offences,Other Notifiable,0,2008,10
E01003080,Lambeth,Theft and Handling,Handling Stolen Goods,0,2008,7
E01000533,Brent,Criminal Damage,Other Criminal Damage,0,2008,3
E01002986,Kingston upon Thames,Other Notifiable Offences,Going Equipped,0,2008,8
E01002778,Islington,Burglary,Burglary in Other Buildings,1,2012,5
E01004111,Sutton,Theft and Handling,Motor Vehicle Interference & Tampering,0,2016,1
E01004446,Waltham Forest,Violence Against the Person,Common Assault,1,2013,10
E01001646,Greenwich,Drugs,Drug Trafficking,0,2014,2
E01004446,Waltham Forest,Violence Against the Person,Harassment,0,2010,6
E01004674,Westminster,Drugs,Other Drugs,1,2010,9
E01000389,Bexley,Criminal Damage,Other Criminal Damage,0,2010,2
E01003152,Lambeth,Robbery,Personal Property,0,2012,2
E01003977,Southwark,Violence Against the Person,Common Assault,1,2014,7
E01000530,Brent,Theft and Handling,Motor Vehicle Interference & Tampering,0,2008,6
E01003802,Richmond upon Thames,Burglary,Burglary in a Dwelling,1,2013,6
E01003889,Richmond upon Thames,Criminal Damage,Criminal Damage To Other Building,0,2008,4
E01004352,Waltham Forest,Theft and Handling,Theft/Taking of Pedal Cycle,0,2014,7
E01000315,Barnet,Theft and Handling,Theft From Shops,0,2009,3
E01001787,Hackney,Theft and Handling,Handling Stolen Goods,0,2009,10
E01004302,Tower Hamlets,Theft and Handling,Other Theft Person,0,2008,10
E01004238,Tower Hamlets,Violence Against the Person,Assault with Injury,2,2014,2
E01000804,Bromley,Robbery,Personal Property,0,2016,1
E01004473,Wandsworth,Violence Against the Person,Harassment,0,2008,2
E01003921,Southwark,Violence Against the Person,Common Assault,1,2011,10
E01002371,Havering,Theft and Handling,Other Theft Person,0,2015,6
E01003357,Merton,Violence Against the Person,Wounding/GBH,1,2014,4
E01001406,Enfield,Drugs,Drug Trafficking,1,2010,3
E01004261,Tower Hamlets,Theft and Handling,Other Theft,1,2016,8
E01003777,Redbridge,Theft and Handling,Handling Stolen Goods,0,2008,11
E01000754,Bromley,Burglary,Burglary in Other Buildings,1,2016,9
E01004419,Waltham Forest,Burglary,Burglary in a Dwelling,3,2012,4
E01003859,Richmond upon Thames,Criminal Damage,Criminal Damage To Other Building,0,2013,6
E01000020,Barking and Dagenham,Theft and Handling,Theft/Taking of Pedal Cycle,1,2010,11
E01004443,Waltham Forest,Criminal Damage,Criminal Damage To Dwelling,0,2016,9
E01004480,Wandsworth,Criminal Damage,Other Criminal Damage,0,2011,3
E01001951,Hammersmith and Fulham,Burglary,Burglary in Other Buildings,0,2016,12
E01000474,Brent,Theft and Handling,Theft/Taking Of Motor Vehicle,0,2013,8
E01001211,Ealing,Theft and Handling,Theft/Taking of Pedal Cycle,1,2008,10
E01002635,Hounslow,Violence Against the Person,Assault with Injury,0,2009,2
E01000708,Bromley,Violence Against the Person,Common Assault,0,2013,5
E01001553,Enfield,Violence Against the Person,Wounding/GBH,0,2012,6
E01004341,Waltham Forest,Robbery,Personal Property,1,2016,3
E01001506,Enfield,Violence Against the Person,Harassment,1,2012,7
E01004242,Tower Hamlets,Theft and Handling,Other Theft,2,2009,9
E01001154,Croydon,Violence Against the Person,Common Assault,2,2010,10
E01004467,Waltham Forest,Theft and Handling,Theft/Taking of Pedal Cycle,0,2014,4
E01002882,Kensington and Chelsea,Fraud or Forgery,Other Fraud & Forgery,0,2008,9
E01003361,Merton,Theft and Handling,Motor Vehicle Interference & Tampering,0,2014,1
E01000104,Barking and Dagenham,Theft and Handling,Other Theft,1,2016,7
E01000544,Brent,Theft and Handling,Theft From Shops,0,2010,12
E01000348,Bexley,Theft and Handling,Motor Vehicle Interference & Tampering,0,2011,9
E01002961,Kingston upon Thames,Burglary,Burglary in a Dwelling,0,2008,6
E01002542,Hillingdon,Violence Against the Person,Assault with Injury,2,2012,10
E01000063,Barking and Dagenham,Criminal Damage,Other Criminal Damage,0,2013,4
E01002100,Haringey,Violence Against the Person,Other violence,1,2016,12
E01004023,Southwark,Violence Against the Person,Other violence,0,2010,4
E01000904,Camden,Other Notifiable Offences,Other Notifiable,0,2015,1
E01003547,Newham,Violence Against the Person,Common Assault,0,2011,4
E01004056,Southwark,Robbery,Business Property,0,2010,12
E01033603,Westminster,Theft and Handling,Theft/Taking of Pedal Cycle,1,2013,6
E01002019,Haringey,Theft and Handling,Other Theft,1,2015,1
E01000027,Barking and Dagenham,Theft and Handling,Theft/Taking of Pedal Cycle,0,2010,12
E01002311,Havering,Other Notifiable Offences,Other Notifiable,0,2011,10
E01002419,Hillingdon,Violence Against the Person,Offensive Weapon,0,2011,6
E01004331,Waltham Forest,Theft and Handling,Theft/Taking Of Motor Vehicle,0,2015,12
E01002973,Kingston upon Thames,Violence Against the Person,Assault with Injury,1,2014,2
E01000739,Bromley,Violence Against the Person,Other violence,0,2014,6
E01000328,Bexley,Theft and Handling,Theft/Taking Of Motor Vehicle,0,2016,3
E01004102,Sutton,Criminal Damage,Criminal Damage To Other Building,0,2016,5
E01001183,Croydon,Violence Against the Person,Murder,0,2013,2
E01002356,Havering,Violence Against the Person,Common Assault,10,2011,10
E01003340,Lewisham,Theft and Handling,Theft From Motor Vehicle,0,2013,11
E01000494,Brent,Theft and Handling,Other Theft Person,0,2009,12
E01001854,Hammersmith and Fulham,Theft and Handling,Theft From Shops,3,2014,7
E01033135,Wandsworth,Theft and Handling,Other Theft Person,0,2012,7
E01002530,Hillingdon,Criminal Damage,Criminal Damage To Other Building,0,2012,7
E01002799,Islington,Criminal Damage,Criminal Damage To Dwelling,0,2013,8
E01001950,Hammersmith and Fulham,Theft and Handling,Handling Stolen Goods,0,2011,12
E01003335,Lewisham,Criminal Damage,Criminal Damage To Motor Vehicle,1,2012,5
E01002943,Kingston upon Thames,Robbery,Personal Property,0,2010,2
E01002460,Hillingdon,Theft and Handling,Theft From Shops,0,2011,1
E01003358,Merton,Violence Against the Person,Assault with Injury,2,2016,4
E01003122,Lambeth,Criminal Damage,Criminal Damage To Dwelling,1,2011,9
E01001784,Hackney,Violence Against the Person,Other violence,0,2016,12
E01002872,Kensington and Chelsea,Violence Against the Person,Common Assault,1,2013,10
E01004469,Waltham Forest,Theft and Handling,Motor Vehicle Interference & Tampering,0,2008,3
E01032744,Ealing,Drugs,Drug Trafficking,0,2014,8
E01002779,Islington,Theft and Handling,Theft From Motor Vehicle,1,2013,9
E01002161,Harrow,Other Notifiable Offences,Other Notifiable,0,2013,11
E01003483,Newham,Violence Against the Person,Common Assault,1,2011,9
E01004357,Waltham Forest,Criminal Damage,Criminal Damage To Other Building,0,2010,5
E01004267,Tower Hamlets,Theft and Handling,Theft From Shops,0,2011,11
E01002026,Haringey,Violence Against the Person,Common Assault,1,2012,9
E01001191,Croydon,Robbery,Business Property,0,2010,10
E01003997,Southwark,Theft and Handling,Handling Stolen Goods,0,2010,4
E01032743,Ealing,Violence Against the Person,Assault with Injury,0,2010,11
E01001387,Ealing,Theft and Handling,Other Theft Person,0,2008,11
E01003681,Redbridge,Sexual Offences,Other Sexual,0,2011,7
E01002554,Hillingdon,Drugs,Other Drugs,0,2015,7
E01001568,Enfield,Violence Against the Person,Offensive Weapon,0,2009,8
E01002935,Kingston upon Thames,Theft and Handling,Theft From Motor Vehicle,1,2008,8
E01000049,Barking and Dagenham,Theft and Handling,Theft From Shops,0,2013,8
E01002723,Islington,Criminal Damage,Other Criminal Damage,0,2010,9
E01004260,Tower Hamlets,Theft and Handling,Theft From Motor Vehicle,0,2014,10
E01001282,Ealing,Criminal Damage,Criminal Damage To Dwelling,1,2009,8
E01000685,Bromley,Violence Against the Person,Assault with Injury,0,2011,10
E01002507,Hillingdon,Violence Against the Person,Wounding/GBH,1,2010,7
E01002609,Hounslow,Theft and Handling,Motor Vehicle Interference & Tampering,0,2012,1
E01003179,Lambeth,Drugs,Possession Of Drugs,0,2014,11
E01003426,Merton,Burglary,Burglary in a Dwelling,1,2014,8
E01000574,Brent,Robbery,Personal Property,0,2011,9
E01000610,Brent,Theft and Handling,Theft/Taking Of Motor Vehicle,0,2010,5
E01000874,Camden,Drugs,Possession Of Drugs,0,2008,6
E01003938,Southwark,Violence Against the Person,Other violence,0,2010,10
E01003331,Lewisham,Theft and Handling,Theft From Motor Vehicle,1,2009,4
E01002405,Hillingdon,Theft and Handling,Theft From Motor Vehicle,1,2009,1
E01000100,Barking and Dagenham,Other Notifiable Offences,Going Equipped,0,2016,3
E01001407,Enfield,Robbery,Personal Property,1,2008,11
E01001611,Greenwich,Criminal Damage,Criminal Damage To Other Building,0,2011,1
E01004259,Tower Hamlets,Theft and Handling,Theft From Shops,1,2009,9
E01003948,Southwark,Theft and Handling,Theft/Taking of Pedal Cycle,0,2015,1
E01001085,Croydon,Criminal Damage,Criminal Damage To Other Building,0,2016,8
E01003140,Lambeth,Criminal Damage,Criminal Damage To Dwelling,1,2008,2
E01002164,Harrow,Criminal Damage,Other Criminal Damage,0,2013,11
E01033494,Islington,Violence Against the Person,Other violence,0,2012,3
E01003172,Lambeth,Theft and Handling,Other Theft Person,0,2014,11
E01002900,Kensington and Chelsea,Violence Against the Person,Assault with Injury,0,2008,5
E01002042,Haringey,Violence Against the Person,Other violence,0,2008,7
E01002945,Kingston upon Thames,Violence Against the Person,Harassment,0,2011,10
E01002789,Islington,Drugs,Possession Of Drugs,1,2010,8
E01000966,Camden,Burglary,Burglary in a Dwelling,0,2011,10
E01033207,Lambeth,Other Notifiable Offences,Other Notifiable,0,2008,10
E01000945,Camden,Drugs,Possession Of Drugs,4,2013,9
E01032581,Redbridge,Theft and Handling,Theft/Taking of Pedal Cycle,1,2011,11
E01002966,Kingston upon Thames,Burglary,Burglary in Other Buildings,1,2012,6
E01001164,Croydon,Drugs,Drug Trafficking,0,2010,4
E01002849,Kensington and Chelsea,Violence Against the Person,Wounding/GBH,0,2015,1
E01004175,Sutton,Burglary,Burglary in a Dwelling,1,2014,11
E01000908,Camden,Theft and Handling,Other Theft Person,0,2016,2
E01001811,Hackney,Violence Against the Person,Wounding/GBH,0,2012,8
E01001109,Croydon,Theft and Handling,Other Theft Person,0,2016,5
E01002466,Hillingdon,Theft and Handling,Theft/Taking Of Motor Vehicle,0,2013,2
E01001245,Ealing,Drugs,Other Drugs,0,2015,9
E01000966,Camden,Burglary,Burglary in Other Buildings,0,2009,1
E01000436,Bexley,Theft and Handling,Theft From Shops,0,2012,7
E01003873,Richmond upon Thames,Criminal Damage,Criminal Damage To Other Building,0,2011,2
E01002620,Hounslow,Theft and Handling,Theft From Shops,0,2014,5
E01001539,Enfield,Violence Against the Person,Harassment,0,2008,4
E01000578,Brent,Other Notifiable Offences,Other Notifiable,0,2015,12
E01004530,Wandsworth,Robbery,Personal Property,0,2008,2
E01003398,Merton,Theft and Handling,Theft From Motor Vehicle,0,2014,6
E01002772,Islington,Criminal Damage,Criminal Damage To Motor Vehicle,0,2010,5
E01000723,Bromley,Drugs,Possession Of Drugs,0,2010,11
E01002749,Islington,Criminal Damage,Criminal Damage To Other Building,0,2016,11
E01000211,Barnet,Other Notifiable Offences,Going Equipped,0,2015,1
E01033571,Richmond upon Thames,Burglary,Burglary in Other Buildings,0,2009,11
E01000526,Brent,Theft and Handling,Handling Stolen Goods,0,2010,6
E01003399,Merton,Criminal Damage,Criminal Damage To Dwelling,0,2014,11
E01002869,Kensington and Chelsea,Violence Against the Person,Other violence,3,2016,8
E01003233,Lewisham,Theft and Handling,Theft/Taking Of Motor Vehicle,0,2009,6
E01004316,Tower Hamlets,Criminal Damage,Other Criminal Damage,0,2015,7
E01003463,Merton,Theft and Handling,Theft/Taking Of Motor Vehicle,1,2012,5
E01001467,Enfield,Robbery,Personal Property,0,2012,12
E01000059,Barking and Dagenham,Theft and Handling,Other Theft,0,2012,4
E01002896,Kensington and Chelsea,Theft and Handling,Other Theft,2,2014,10
E01002276,Havering,Drugs,Drug Trafficking,0,2010,3
E01000493,Brent,Burglary,Burglary in a Dwelling,0,2008,10
E01001110,Croydon,Drugs,Other Drugs,0,2012,5
E01003513,Newham,Violence Against the Person,Wounding/GBH,0,2009,6
E01001733,Hackney,Burglary,Burglary in a Dwelling,3,2014,10
E01002186,Harrow,Criminal Damage,Criminal Damage To Motor Vehicle,0,2016,3
E01003402,Merton,Violence Against the Person,Harassment,1,2011,3
E01000165,Barnet,Robbery,Business Property,0,2013,3
E01001171,Croydon,Criminal Damage,Criminal Damage To Other Building,0,2008,2
E01000544,Brent,Theft and Handling,Theft/Taking of Pedal Cycle,0,2009,7
E01003308,Lewisham,Robbery,Business Property,2,2016,2
E01002191,Harrow,Violence Against the Person,Common Assault,0,2014,12
E01004514,Wandsworth,Criminal Damage,Criminal Damage To Motor Vehicle,0,2009,3
E01001249,Ealing,Robbery,Personal Property,1,2015,10
E01000943,Camden,Violence Against the Person,Wounding/GBH,1,2014,12
E01000019,Barking and Dagenham,Theft and Handling,Theft From Motor Vehicle,2,2011,2
E01002729,Islington,Drugs,Drug Trafficking,0,2010,8
E01004763,Westminster,Violence Against the Person,Wounding/GBH,3,2012,4
E01003135,Lambeth,Drugs,Drug Trafficking,0,2008,7
E01000323,Barnet,Violence Against the Person,Offensive Weapon,0,2016,12
E01003733,Redbridge,Criminal Damage,Other Criminal Damage,0,2013,5
E01003509,Newham,Criminal Damage,Criminal Damage To Other Building,0,2012,2
E01000257,Barnet,Criminal Damage,Criminal Damage To Dwelling,0,2013,12
E01003119,Lambeth,Criminal Damage,Other Criminal Damage,0,2013,4
E01001165,Croydon,Sexual Offences,Rape,0,2013,9
E01003768,Redbridge,Theft and Handling,Other Theft,2,2010,4
E01002288,Havering,Violence Against the Person,Common Assault,0,2016,3
E01000361,Bexley,Theft and Handling,Theft/Taking Of Motor Vehicle,0,2009,4
E01001610,Greenwich,Criminal Damage,Criminal Damage To Motor Vehicle,0,2015,10
E01002584,Hounslow,Theft and Handling,Motor Vehicle Interference & Tampering,0,2016,7
E01001662,Greenwich,Drugs,Other Drugs,0,2015,7
E01001288,Ealing,Sexual Offences,Other Sexual,0,2012,2
E01001991,Haringey,Violence Against the Person,Common Assault,0,2014,1
E01004407,Waltham Forest,Theft and Handling,Handling Stolen Goods,0,2011,11
E01002860,Kensington and Chelsea,Other Notifiable Offences,Other Notifiable,1,2013,10
E01003349,Lewisham,Theft and Handling,Motor Vehicle Interference & Tampering,0,2013,9
E01001454,Enfield,Fraud or Forgery,Counted per Victim,0,2013,1
E01001605,Greenwich,Criminal Damage,Criminal Damage To Other Building,0,2010,12
E01004739,Westminster,Theft and Handling,Other Theft,0,2011,7
E01003057,Lambeth,Burglary,Burglary in Other Buildings,0,2011,10
E01003193,Lewisham,Theft and Handling,Theft/Taking of Pedal Cycle,1,2009,10
E01003598,Newham,Violence Against the Person,Other violence,0,2008,6
E01004609,Wandsworth,Other Notifiable Offences,Other Notifiable,3,2011,10
E01002924,Kingston upon Thames,Drugs,Possession Of Drugs,0,2015,8
E01003708,Redbridge,Violence Against the Person,Offensive Weapon,0,2010,8
E01002860,Kensington and Chelsea,Violence Against the Person,Common Assault,0,2010,9
E01003304,Lewisham,Theft and Handling,Handling Stolen Goods,0,2011,6
E01000651,Bromley,Theft and Handling,Other Theft,1,2013,7
E01003698,Redbridge,Criminal Damage,Criminal Damage To Dwelling,0,2010,1
E01004733,Westminster,Drugs,Drug Trafficking,0,2015,3
E01004255,Tower Hamlets,Burglary,Burglary in a Dwelling,1,2010,4
E01003909,Richmond upon Thames,Other Notifiable Offences,Going Equipped,0,2010,2
E01004344,Waltham Forest,Violence Against the Person,Common Assault,0,2014,4
E01000100,Barking and Dagenham,Violence Against the Person,Wounding/GBH,0,2014,8
E01004409,Waltham Forest,Criminal Damage,Criminal Damage To Motor Vehicle,1,2012,5
E01004534,Wandsworth,Theft and Handling,Theft/Taking Of Motor Vehicle,2,2011,1
E01004283,Tower Hamlets,Theft and Handling,Theft/Taking of Pedal Cycle,1,2013,12
E01003197,Lewisham,Violence Against the Person,Assault with Injury,0,2015,2
E01004358,Waltham Forest,Criminal Damage,Criminal Damage To Other Building,0,2012,5
E01002890,Kensington and Chelsea,Violence Against the Person,Wounding/GBH,0,2010,12
E01002439,Hillingdon,Criminal Damage,Criminal Damage To Motor Vehicle,1,2014,9
E01000762,Bromley,Violence Against the Person,Wounding/GBH,0,2011,1
E01003318,Lewisham,Theft and Handling,Theft From Motor Vehicle,1,2016,10
E01003763,Redbridge,Robbery,Business Property,0,2009,6
E01003490,Newham,Violence Against the Person,Assault with Injury,3,2010,3
E01002163,Harrow,Burglary,Burglary in a Dwelling,1,2010,6
E01003035,Lambeth,Drugs,Possession Of Drugs,7,2016,8
E01004712,Westminster,Criminal Damage,Criminal Damage To Dwelling,0,2012,6
E01000510,Brent,Burglary,Burglary in Other Buildings,0,2008,2
E01003107,Lambeth,Burglary,Burglary in a Dwelling,1,2015,10
E01004233,Tower Hamlets,Theft and Handling,Handling Stolen Goods,0,2010,1
E01001869,Hammersmith and Fulham,Sexual Offences,Other Sexual,0,2009,2
E01002867,Kensington and Chelsea,Theft and Handling,Theft From Shops,0,2008,4
E01000897,Camden,Criminal Damage,Criminal Damage To Other Building,0,2011,9
E01002267,Havering,Theft and Handling,Other Theft,2,2012,3
E01004247,Tower Hamlets,Fraud or Forgery,Counted per Victim,0,2012,10
E01003814,Richmond upon Thames,Criminal Damage,Other Criminal Damage,0,2009,4
E01002990,Kingston upon Thames,Criminal Damage,Criminal Damage To Other Building,0,2011,6
E01001425,Enfield,Robbery,Business Property,0,2009,6
E01002621,Hounslow,Violence Against the Person,Harassment,1,2013,11
E01000179,Barnet,Criminal Damage,Other Criminal Damage,0,2010,3
E01004022,Southwark,Criminal Damage,Criminal Damage To Other Building,0,2014,2
E01000262,Barnet,Drugs,Drug Trafficking,0,2009,11
E01003149,Lambeth,Violence Against the Person,Other violence,0,2008,9
E01001781,Hackney,Violence Against the Person,Other violence,0,2012,10
E01002084,Haringey,Theft and Handling,Other Theft Person,1,2008,8
E01000208,Barnet,Violence Against the Person,Other violence,0,2014,6
E01000271,Barnet,Criminal Damage,Criminal Damage To Motor Vehicle,0,2008,2
E01004488,Wandsworth,Criminal Damage,Other Criminal Damage,0,2014,9
E01004232,Tower Hamlets,Sexual Offences,Other Sexual,0,2011,9
E01002332,Havering,Drugs,Drug Trafficking,0,2012,9
E01003506,Newham,Robbery,Personal Property,2,2016,12
E01000948,Camden,Violence Against the Person,Other violence,0,2008,2
E01002602,Hounslow,Robbery,Personal Property,0,2008,6
E01002508,Hillingdon,Theft and Handling,Other Theft Person,0,2009,10
E01001786,Hackney,Drugs,Drug Trafficking,1,2014,4
E01001057,Croydon,Violence Against the Person,Assault with Injury,3,2011,7
E01001180,Croydon,Violence Against the Person,Wounding/GBH,0,2009,4
E01001462,Enfield,Theft and Handling,Theft/Taking Of Motor Vehicle,1,2013,9
E01001719,Hackney,Burglary,Burglary in Other Buildings,0,2013,11
E01003409,Merton,Theft and Handling,Theft From Shops,1,2012,11
E01002577,Hounslow,Theft and Handling,Other Theft,2,2011,2
E01000467,Bexley,Criminal Damage,Criminal Damage To Motor Vehicle,1,2013,12
E01003892,Richmond upon Thames,Criminal Damage,Criminal Damage To Motor Vehicle,0,2014,10
E01003883,Richmond upon Thames,Criminal Damage,Criminal Damage To Dwelling,0,2016,12
E01004506,Wandsworth,Theft and Handling,Theft From Shops,0,2015,12
E01004709,Westminster,Robbery,Personal Property,0,2015,12
E01004708,Westminster,Violence Against the Person,Common Assault,2,2010,2
E01000018,Barking and Dagenham,Violence Against the Person,Wounding/GBH,0,2011,3
E01001925,Hammersmith and Fulham,Robbery,Personal Property,0,2013,4
E01001559,Enfield,Violence Against the Person,Murder,0,2010,2
E01002823,Kensington and Chelsea,Drugs,Other Drugs,0,2014,4
E01002851,Kensington and Chelsea,Violence Against the Person,Harassment,1,2011,1
E01003824,Richmond upon Thames,Violence Against the Person,Common Assault,0,2016,6
E01002974,Kingston upon Thames,Robbery,Personal Property,1,2009,5
E01004749,Westminster,Violence Against the Person,Wounding/GBH,1,2014,1
E01003960,Southwark,Drugs,Drug Trafficking,0,2008,4
E01000639,Brent,Drugs,Possession Of Drugs,0,2012,4
E01000877,Camden,Violence Against the Person,Offensive Weapon,0,2011,5
E01001607,Greenwich,Criminal Damage,Criminal Damage To Other Building,0,2012,1
E01003413,Merton,Theft and Handling,Theft/Taking of Pedal Cycle,0,2011,5
E01003199,Lewisham,Criminal Damage,Criminal Damage To Other Building,1,2016,4
E01004385,Waltham Forest,Criminal Damage,Criminal Damage To Other Building,0,2013,3
E01000524,Brent,Other Notifiable Offences,Going Equipped,0,2008,12
E01000070,Barking and Dagenham,Burglary,Burglary in Other Buildings,0,2008,7
E01000603,Brent,Theft and Handling,Handling Stolen Goods,0,2010,2
E01000626,Brent,Violence Against the Person,Harassment,2,2015,2
E01000673,Bromley,Theft and Handling,Other Theft,0,2015,9
E01001106,Croydon,Violence Against the Person,Other violence,0,2014,1
E01002376,Havering,Robbery,Personal Property,0,2009,10
E01002098,Haringey,Theft and Handling,Handling Stolen Goods,0,2015,10
E01003879,Richmond upon Thames,Other Notifiable Offences,Other Notifiable,0,2016,10
E01004524,Wandsworth,Theft and Handling,Other Theft,1,2009,10
E01003164,Lambeth,Theft and Handling,Theft/Taking of Pedal Cycle,1,2016,5
E01002678,Hounslow,Violence Against the Person,Offensive Weapon,0,2013,1
E01003410,Merton,Theft and Handling,Handling Stolen Goods,0,2016,10
E01000186,Barnet,Burglary,Burglary in Other Buildings,0,2011,6
E01002751,Islington,Theft and Handling,Theft/Taking Of Motor Vehicle,1,2012,10
E01003835,Richmond upon Thames,Other Notifiable Offences,Other Notifiable,0,2016,9
E01003783,Redbridge,Theft and Handling,Motor Vehicle Interference & Tampering,0,2012,12
E01002173,Harrow,Burglary,Burglary in a Dwelling,0,2012,8
E01004352,Waltham Forest,Other Notifiable Offences,Other Notifiable,0,2010,6
E01002289,Havering,Other Notifiable Offences,Other Notifiable,0,2009,9
E01001107,Croydon,Theft and Handling,Motor Vehicle Interference & Tampering,0,2015,2
E01003016,Lambeth,Theft and Handling,Other Theft,10,2011,9
E01001210,Ealing,Theft and Handling,Other Theft,0,2012,10
E01001813,Hackney,Theft and Handling,Theft From Shops,0,2015,11
E01001654,Greenwich,Theft and Handling,Other Theft Person,0,2012,3
E01003483,Newham,Other Notifiable Offences,Other Notifiable,0,2015,10
E01000048,Barking and Dagenham,Fraud or Forgery,Counted per Victim,0,2015,8
E01000865,Camden,Theft and Handling,Theft From Shops,0,2008,2
E01004554,Wandsworth,Violence Against the Person,Common Assault,0,2009,1
E01000489,Brent,Other Notifiable Offences,Other Notifiable,0,2015,1
E01001959,Hammersmith and Fulham,Sexual Offences,Rape,0,2010,9
E01002009,Haringey,Theft and Handling,Theft From Motor Vehicle,2,2015,6
E01004164,Sutton,Criminal Damage,Other Criminal Damage,0,2008,7
E01002866,Kensington and Chelsea,Violence Against the Person,Other violence,0,2010,12
E01001896,Hammersmith and Fulham,Theft and Handling,Other Theft Person,0,2014,2
E01002946,Kingston upon Thames,Violence Against the Person,Harassment,0,2009,4
E01001261,Ealing,Theft and Handling,Theft From Shops,6,2008,11
E01003608,Newham,Sexual Offences,Other Sexual,0,2016,6
E01002706,Islington,Theft and Handling,Theft/Taking Of Motor Vehicle,1,2010,5
E01000640,Brent,Theft and Handling,Other Theft Person,1,2016,1
E01003627,Newham,Criminal Damage,Criminal Damage To Dwelling,0,2008,7
E01003860,Richmond upon Thames,Theft and Handling,Other Theft,5,2011,3
E01001623,Greenwich,Burglary,Burglary in a Dwelling,0,2013,4
E01000035,Barking and Dagenham,Burglary,Burglary in a Dwelling,0,2010,8
E01002554,Hillingdon,Theft and Handling,Handling Stolen Goods,0,2014,2
E01002732,Islington,Theft and Handling,Theft/Taking of Pedal Cycle,0,2016,6
E01004732,Westminster,Theft and Handling,Motor Vehicle Interference & Tampering,0,2012,4
E01000759,Bromley,Violence Against the Person,Common Assault,0,2016,1
E01000573,Brent,Violence Against the Person,Other violence,0,2012,10
E01003662,Redbridge,Violence Against the Person,Common Assault,2,2015,6
E01003261,Lewisham,Theft and Handling,Motor Vehicle Interference & Tampering,0,2010,8
E01003196,Lewisham,Theft and Handling,Other Theft Person,0,2014,6
E01001421,Enfield,Theft and Handling,Handling Stolen Goods,0,2013,2
E01000404,Bexley,Violence Against the Person,Other violence,0,2009,7
E01000638,Brent,Drugs,Drug Trafficking,0,2016,11
E01004090,Sutton,Theft and Handling,Handling Stolen Goods,0,2009,4
E01001337,Ealing,Theft and Handling,Other Theft Person,0,2013,11
E01003534,Newham,Criminal Damage,Criminal Damage To Dwelling,0,2016,8
E01002143,Harrow,Theft and Handling,Theft/Taking of Pedal Cycle,0,2009,7
E01003228,Lewisham,Theft and Handling,Other Theft,0,2014,9
E01001384,Ealing,Violence Against the Person,Harassment,2,2016,4
E01004189,Sutton,Criminal Damage,Criminal Damage To Dwelling,1,2011,4
E01002509,Hillingdon,Theft and Handling,Theft From Motor Vehicle,0,2015,8
E01000297,Barnet,Criminal Damage,Criminal Damage To Motor Vehicle,0,2016,8
E01003893,Richmond upon Thames,Theft and Handling,Theft From Shops,0,2016,1
E01000753,Bromley,Violence Against the Person,Harassment,0,2013,7
E01001693,Greenwich,Theft and Handling,Theft/Taking of Pedal Cycle,0,2011,9
E01033744,Greenwich,Burglary,Burglary in Other Buildings,1,2013,11
E01001298,Ealing,Theft and Handling,Other Theft,1,2012,2
E01000197,Barnet,Burglary,Burglary in a Dwelling,4,2011,4
E01002505,Hillingdon,Violence Against the Person,Offensive Weapon,0,2014,3
E01003100,Lambeth,Criminal Damage,Criminal Damage To Other Building,0,2008,4
E01001740,Hackney,Criminal Damage,Other Criminal Damage,1,2011,6
E01000372,Bexley,Theft and Handling,Motor Vehicle Interference & Tampering,0,2011,4
E01000030,Barking and Dagenham,Violence Against the Person,Assault with Injury,1,2014,9
E01002227,Harrow,Violence Against the Person,Wounding/GBH,0,2009,4
E01003634,Newham,Fraud or Forgery,Other Fraud & Forgery,0,2013,5
E01001395,Enfield,Burglary,Burglary in Other Buildings,1,2015,8
E01004191,Sutton,Other Notifiable Offences,Other Notifiable,0,2009,6
E01003141,Lambeth,Drugs,Possession Of Drugs,1,2011,3
E01002404,Hillingdon,Robbery,Personal Property,1,2010,3
E01000179,Barnet,Burglary,Burglary in Other Buildings,0,2011,1
E01002619,Hounslow,Violence Against the Person,Common Assault,1,2013,6
E01004366,Waltham Forest,Violence Against the Person,Assault with Injury,2,2016,9
E01000742,Bromley,Drugs,Other Drugs,0,2011,3
E01001036,Croydon,Violence Against the Person,Assault with Injury,0,2016,3
E01004259,Tower Hamlets,Theft and Handling,Theft From Motor Vehicle,0,2010,12
E01001456,Enfield,Theft and Handling,Theft From Shops,0,2016,2
E01003445,Merton,Violence Against the Person,Common Assault,1,2014,7
E01003874,Richmond upon Thames,Burglary,Burglary in Other Buildings,0,2009,7
E01002448,Hillingdon,Robbery,Personal Property,0,2014,11
E01003466,Merton,Other Notifiable Offences,Other Notifiable,1,2010,2
E01001798,Hackney,Theft and Handling,Other Theft,1,2011,9
E01002431,Hillingdon,Criminal Damage,Other Criminal Damage,0,2016,10
E01003757,Redbridge,Burglary,Burglary in Other Buildings,0,2010,7
E01000156,Barnet,Theft and Handling,Theft/Taking Of Motor Vehicle,1,2010,7
E01003147,Lambeth,Theft and Handling,Theft From Shops,0,2015,10
E01004197,Tower Hamlets,Violence Against the Person,Common Assault,1,2013,2
E01004508,Wandsworth,Other Notifiable Offences,Other Notifiable,0,2013,3
E01001581,Greenwich,Theft and Handling,Other Theft,1,2016,9
E01004580,Wandsworth,Burglary,Burglary in a Dwelling,0,2011,6
E01004624,Wandsworth,Burglary,Burglary in a Dwelling,1,2012,8
E01004592,Wandsworth,Burglary,Burglary in a Dwelling,2,2013,5
E01002946,Kingston upon Thames,Theft and Handling,Theft/Taking of Pedal Cycle,0,2013,11
E01002910,Kensington and Chelsea,Violence Against the Person,Wounding/GBH,0,2014,4
E01001748,Hackney,Robbery,Business Property,0,2010,7
E01000811,Bromley,Drugs,Drug Trafficking,0,2014,7
E01003420,Merton,Theft and Handling,Theft/Taking Of Motor Vehicle,0,2008,3
E01003302,Lewisham,Drugs,Other Drugs,0,2016,2
E01001208,Ealing,Theft and Handling,Theft From Motor Vehicle,0,2008,6
E01004715,Westminster,Other Notifiable Offences,Going Equipped,0,2014,11
E01000963,Camden,Criminal Damage,Criminal Damage To Other Building,0,2011,4
E01001058,Croydon,Criminal Damage,Other Criminal Damage,0,2015,11
E01004333,Waltham Forest,Robbery,Personal Property,0,2012,11
E01003243,Lewisham,Theft and Handling,Handling Stolen Goods,0,2010,10
E01004657,Westminster,Criminal Damage,Other Criminal Damage,0,2010,2
E01001972,Haringey,Theft and Handling,Other Theft Person,0,2011,10
E01002374,Havering,Burglary,Burglary in Other Buildings,0,2012,1
E01003083,Lambeth,Violence Against the Person,Assault with Injury,0,2013,4
E01000595,Brent,Other Notifiable Offences,Other Notifiable,0,2008,8
E01001794,Hackney,Criminal Damage,Criminal Damage To Motor Vehicle,2,2010,6
E01000368,Bexley,Drugs,Possession Of Drugs,0,2011,4
E01002345,Havering,Burglary,Burglary in Other Buildings,2,2011,11
E01002777,Islington,Drugs,Other Drugs,0,2010,5
E01004292,Tower Hamlets,Violence Against the Person,Common Assault,0,2014,3
E01004090,Sutton,Theft and Handling,Theft From Motor Vehicle,2,2011,1
E01000082,Barking and Dagenham,Violence Against the Person,Common Assault,1,2012,4
E01001363,Ealing,Criminal Damage,Criminal Damage To Dwelling,0,2016,8
E01003125,Lambeth,Drugs,Other Drugs,0,2010,6
E01004338,Waltham Forest,Theft and Handling,Theft/Taking of Pedal Cycle,0,2008,6
E01000946,Camden,Violence Against the Person,Common Assault,0,2008,1
E01003184,Lambeth,Drugs,Other Drugs,0,2009,11
E01000479,Brent,Criminal Damage,Criminal Damage To Other Building,0,2015,4
E01001114,Croydon,Violence Against the Person,Offensive Weapon,0,2008,9
E01001431,Enfield,Violence Against the Person,Assault with Injury,0,2015,2
E01003733,Redbridge,Theft and Handling,Theft/Taking of Pedal Cycle,0,2009,8
E01001806,Hackney,Burglary,Burglary in a Dwelling,0,2012,3
E01004131,Sutton,Theft and Handling,Theft/Taking Of Motor Vehicle,1,2010,4
E01001112,Croydon,Other Notifiable Offences,Other Notifiable,0,2012,1
E01003120,Lambeth,Theft and Handling,Motor Vehicle Interference & Tampering,0,2010,3
E01001538,Enfield,Violence Against the Person,Offensive Weapon,0,2016,7
E01004154,Sutton,Criminal Damage,Criminal Damage To Motor Vehicle,0,2015,7
E01003605,Newham,Theft and Handling,Other Theft Person,0,2014,4
E01001264,Ealing,Other Notifiable Offences,Other Notifiable,0,2011,8
E01002633,Hounslow,Theft and Handling,Theft From Shops,0,2014,1
E01000666,Bromley,Violence Against the Person,Wounding/GBH,0,2014,6
E01000850,Camden,Theft and Handling,Motor Vehicle Interference & Tampering,0,2012,5
E01001496,Enfield,Violence Against the Person,Offensive Weapon,0,2011,6
E01000914,Camden,Fraud or Forgery,Other Fraud & Forgery,0,2013,3
E01001306,Ealing,Criminal Damage,Criminal Damage To Dwelling,0,2014,12
E01003395,Merton,Theft and Handling,Theft/Taking Of Motor Vehicle,0,2008,2
E01003958,Southwark,Violence Against the Person,Common Assault,0,2010,9
E01001446,Enfield,Drugs,Possession Of Drugs,0,2015,3
E01003517,Newham,Theft and Handling,Theft/Taking Of Motor Vehicle,0,2008,11
E01004740,Westminster,Theft and Handling,Motor Vehicle Interference & Tampering,0,2011,1
E01002977,Kingston upon Thames,Theft and Handling,Other Theft,0,2014,7
E01003523,Newham,Drugs,Other Drugs,0,2016,2
E01002085,Haringey,Criminal Damage,Criminal Damage To Motor Vehicle,0,2014,3
E01000983,Croydon,Violence Against the Person,Common Assault,1,2016,7
E01002311,Havering,Criminal Damage,Criminal Damage To Other Building,0,2009,6
E01000041,Barking and Dagenham,Drugs,Possession Of Drugs,0,2011,2
E01003938,Southwark,Theft and Handling,Theft From Shops,0,2012,11
E01002939,Kingston upon Thames,Violence Against the Person,Assault with Injury,2,2010,1
E01003143,Lambeth,Sexual Offences,Other Sexual,0,2016,3
E01004454,Waltham Forest,Theft and Handling,Theft/Taking Of Motor Vehicle,2,2011,9
E01003616,Newham,Violence Against the Person,Offensive Weapon,1,2008,5
E01001832,Hackney,Other Notifiable Offences,Going Equipped,0,2013,10
E01003971,Southwark,Theft and Handling,Other Theft Person,0,2014,4
E01003605,Newham,Criminal Damage,Other Criminal Damage,0,2011,8
E01001319,Ealing,Fraud or Forgery,Counted per Victim,0,2015,7
E01001009,Croydon,Theft and Handling,Other Theft Person,0,2014,9
E01004683,Westminster,Violence Against the Person,Common Assault,0,2013,10
E01004441,Waltham Forest,Violence Against the Person,Common Assault,0,2008,2
E01003049,Lambeth,Drugs,Possession Of Drugs,1,2010,9
E01004142,Sutton,Other Notifiable Offences,Going Equipped,0,2013,6
E01000586,Brent,Drugs,Possession Of Drugs,6,2010,12
E01000748,Bromley,Robbery,Personal Property,0,2013,6
E01002806,Islington,Criminal Damage,Criminal Damage To Dwelling,0,2009,11
E01002062,Haringey,Burglary,Burglary in a Dwelling,0,2016,11
E01001233,Ealing,Burglary,Burglary in a Dwelling,0,2010,1
E01001124,Croydon,Criminal Damage,Other Criminal Damage,0,2012,2
E01001767,Hackney,Theft and Handling,Theft From Shops,0,2015,1
E01002635,Hounslow,Burglary,Burglary in Other Buildings,0,2011,11
E01000360,Bexley,Theft and Handling,Theft From Shops,6,2014,11
E01001833,Hackney,Theft and Handling,Other Theft Person,0,2011,3
E01003924,Southwark,Theft and Handling,Theft From Shops,0,2014,10
E01004167,Sutton,Criminal Damage,Other Criminal Damage,0,2012,1
E01002314,Havering,Theft and Handling,Motor Vehicle Interference & Tampering,0,2009,11
E01000156,Barnet,Violence Against the Person,Harassment,1,2012,2
E01002461,Hillingdon,Criminal Damage,Criminal Damage To Other Building,0,2008,3
E01002455,Hillingdon,Theft and Handling,Other Theft,0,2010,2
E01000341,Bexley,Theft and Handling,Theft/Taking of Pedal Cycle,0,2011,9
E01001964,Haringey,Violence Against the Person,Harassment,0,2011,4
E01002619,Hounslow,Violence Against the Person,Harassment,1,2013,6
E01000840,Bromley,Criminal Damage,Other Criminal Damage,0,2016,5
E01003154,Lambeth,Violence Against the Person,Offensive Weapon,0,2012,2
E01003632,Newham,Violence Against the Person,Other violence,0,2012,12
E01000575,Brent,Criminal Damage,Criminal Damage To Dwelling,0,2012,6
E01003671,Redbridge,Drugs,Possession Of Drugs,0,2015,7
E01002255,Havering,Theft and Handling,Theft From Motor Vehicle,1,2008,3
E01002932,Kingston upon Thames,Theft and Handling,Motor Vehicle Interference & Tampering,0,2016,4
E01000199,Barnet,Drugs,Possession Of Drugs,1,2012,7
E01003142,Lambeth,Other Notifiable Offences,Going Equipped,0,2014,2
E01000053,Barking and Dagenham,Robbery,Personal Property,2,2012,2
E01001336,Ealing,Theft and Handling,Other Theft,0,2009,11
E01002043,Haringey,Drugs,Other Drugs,0,2016,10
E01004580,Wandsworth,Sexual Offences,Rape,0,2015,5
E01033709,Hackney,Criminal Damage,Other Criminal Damage,0,2016,2
E01001143,Croydon,Robbery,Business Property,0,2008,8
E01002945,Kingston upon Thames,Violence Against the Person,Wounding/GBH,0,2012,12
E01001135,Croydon,Theft and Handling,Other Theft,1,2008,10
E01001164,Croydon,Theft and Handling,Theft From Shops,0,2016,2
E01003102,Lambeth,Other Notifiable Offences,Going Equipped,0,2013,6
E01002149,Harrow,Criminal Damage,Other Criminal Damage,0,2009,8
E01001144,Croydon,Violence Against the Person,Common Assault,0,2015,12
E01004571,Wandsworth,Criminal Damage,Other Criminal Damage,0,2016,9
E01001222,Ealing,Violence Against the Person,Common Assault,3,2010,3
E01000107,Barking and Dagenham,Violence Against the Person,Assault with Injury,0,2011,11
E01003168,Lambeth,Theft and Handling,Handling Stolen Goods,0,2016,5
E01004153,Sutton,Theft and Handling,Theft From Motor Vehicle,2,2009,11
E01004252,Tower Hamlets,Violence Against the Person,Offensive Weapon,1,2009,9
E01003105,Lambeth,Other Notifiable Offences,Other Notifiable,0,2009,11
E01000497,Brent,Criminal Damage,Other Criminal Damage,0,2014,3
E01001472,Enfield,Violence Against the Person,Wounding/GBH,0,2009,1
E01002385,Havering,Robbery,Personal Property,0,2016,1
E01002220,Harrow,Criminal Damage,Criminal Damage To Dwelling,0,2015,8
E01002055,Haringey,Violence Against the Person,Wounding/GBH,1,2012,9
E01004389,Waltham Forest,Theft and Handling,Theft/Taking of Pedal Cycle,0,2014,5
E01002874,Kensington and Chelsea,Criminal Damage,Criminal Damage To Other Building,0,2011,11
E01001562,Enfield,Violence Against the Person,Other violence,0,2013,2
E01003238,Lewisham,Robbery,Personal Property,0,2008,1
E01001545,Enfield,Theft and Handling,Theft/Taking of Pedal Cycle,0,2008,12
E01002899,Kensington and Chelsea,Violence Against the Person,Common Assault,1,2015,11
E01001444,Enfield,Criminal Damage,Criminal Damage To Other Building,1,2011,3
E01003164,Lambeth,Violence Against the Person,Wounding/GBH,1,2011,1
E01001821,Hackney,Violence Against the Person,Common Assault,0,2011,5
E01002125,Harrow,Burglary,Burglary in Other Buildings,0,2016,8
E01000377,Bexley,Violence Against the Person,Assault with Injury,3,2015,11
E01002870,Kensington and Chelsea,Violence Against the Person,Wounding/GBH,0,2014,5
E01003126,Lambeth,Violence Against the Person,Harassment,0,2014,6
E01003723,Redbridge,Burglary,Burglary in Other Buildings,2,2009,1
E01004329,Waltham Forest,Violence Against the Person,Wounding/GBH,0,2008,1
E01002214,Harrow,Sexual Offences,Other Sexual,0,2013,9
E01004577,Wandsworth,Theft and Handling,Theft/Taking of Pedal Cycle,2,2012,10
E01000192,Barnet,Theft and Handling,Theft From Shops,2,2011,8
E01002972,Kingston upon Thames,Theft and Handling,Other Theft,0,2015,11
E01002710,Islington,Other Notifiable Offences,Other Notifiable,0,2014,11
E01003581,Newham,Theft and Handling,Motor Vehicle Interference & Tampering,0,2016,6
E01001784,Hackney,Robbery,Business Property,0,2016,7
E01001996,Haringey,Theft and Handling,Theft From Shops,0,2015,9
E01004066,Southwark,Fraud or Forgery,Other Fraud & Forgery,0,2012,6
E01002030,Haringey,Theft and Handling,Motor Vehicle Interference & Tampering,0,2009,10
E01032568,Bromley,Drugs,Possession Of Drugs,0,2010,9
E01002609,Hounslow,Criminal Damage,Other Criminal Damage,0,2010,11
E01002912,Kensington and Chelsea,Fraud or Forgery,Other Fraud & Forgery,0,2012,3
E01000519,Brent,Violence Against the Person,Other violence,0,2011,4
E01003427,Merton,Criminal Damage,Other Criminal Damage,1,2010,5
E01000633,Brent,Theft and Handling,Other Theft Person,1,2016,7
E01004393,Waltham Forest,Theft and Handling,Theft/Taking of Pedal Cycle,0,2014,12
E01001372,Ealing,Criminal Damage,Criminal Damage To Other Building,0,2010,7
E01002795,Islington,Theft and Handling,Other Theft Person,3,2015,4
E01000429,Bexley,Violence Against the Person,Murder,0,2015,9
E01000759,Bromley,Burglary,Burglary in a Dwelling,0,2013,7
E01002513,Hillingdon,Violence Against the Person,Assault with Injury,1,2015,1
E01003005,Kingston upon Thames,Drugs,Drug Trafficking,0,2014,1
E01000617,Brent,Violence Against the Person,Assault with Injury,0,2009,7
E01000075,Barking and Dagenham,Criminal Damage,Criminal Damage To Dwelling,0,2015,3
E01033601,Westminster,Drugs,Drug Trafficking,0,2016,10
E01000576,Brent,Drugs,Drug Trafficking,0,2016,4
E01001361,Ealing,Fraud or Forgery,Other Fraud & Forgery,0,2012,8
E01000181,Barnet,Violence Against the Person,Assault with Injury,1,2013,10
E01003847,Richmond upon Thames,Criminal Damage,Other Criminal Damage,0,2008,1
E01000011,Barking and Dagenham,Criminal Damage,Criminal Damage To Other Building,0,2015,7
E01001213,Ealing,Burglary,Burglary in a Dwelling,0,2016,4
E01033704,Hackney,Criminal Damage,Criminal Damage To Other Building,0,2012,1
E01001127,Croydon,Theft and Handling,Theft From Shops,0,2010,6
E01003161,Lambeth,Criminal Damage,Criminal Damage To Dwelling,0,2011,7
E01032764,Tower Hamlets,Other Notifiable Offences,Other Notifiable,0,2013,2
E01003877,Richmond upon Thames,Criminal Damage,Criminal Damage To Other Building,0,2011,8
E01000444,Bexley,Violence Against the Person,Other violence,0,2008,9
E01004147,Sutton,Drugs,Possession Of Drugs,1,2014,7
E01003167,Lambeth,Theft and Handling,Theft/Taking Of Motor Vehicle,0,2014,9
E01001349,Ealing,Violence Against the Person,Murder,0,2009,9
E01003638,Redbridge,Violence Against the Person,Offensive Weapon,0,2012,3
E01003288,Lewisham,Violence Against the Person,Harassment,5,2016,12
E01003072,Lambeth,Drugs,Other Drugs,0,2008,12
E01002496,Hillingdon,Criminal Damage,Criminal Damage To Other Building,0,2010,8
E01000310,Barnet,Burglary,Burglary in a Dwelling,3,2012,7
E01002781,Islington,Criminal Damage,Criminal Damage To Dwelling,1,2010,4
E01003122,Lambeth,Criminal Damage,Criminal Damage To Dwelling,0,2010,3
E01001774,Hackney,Violence Against the Person,Wounding/GBH,0,2011,3
E01003932,Southwark,Other Notifiable Offences,Other Notifiable,1,2008,7
E01002613,Hounslow,Theft and Handling,Other Theft,0,2015,6
E01002351,Havering,Theft and Handling,Theft From Motor Vehicle,3,2009,5
E01004081,Sutton,Theft and Handling,Theft From Shops,0,2011,2
E01002700,Islington,Criminal Damage,Criminal Damage To Other Building,0,2016,7
E01003643,Redbridge,Drugs,Possession Of Drugs,1,2015,7
E01001729,Hackney,Criminal Damage,Criminal Damage To Dwelling,0,2008,7
E01002443,Hillingdon,Theft and Handling,Theft From Shops,0,2008,10
E01003936,Southwark,Violence Against the Person,Wounding/GBH,0,2012,8
E01033099,Wandsworth,Burglary,Burglary in a Dwelling,0,2010,2
E01003910,Richmond upon Thames,Violence Against the Person,Wounding/GBH,0,2015,10
E01001173,Croydon,Theft and Handling,Other Theft,2,2015,12
E01002990,Kingston upon Thames,Criminal Damage,Other Criminal Damage,0,2011,1
E01003369,Merton,Theft and Handling,Theft From Shops,0,2010,7
E01001807,Hackney,Theft and Handling,Handling Stolen Goods,0,2015,1
E01003674,Redbridge,Fraud or Forgery,Counted per Victim,0,2008,3
E01001881,Hammersmith and Fulham,Criminal Damage,Other Criminal Damage,0,2016,4
E01003344,Lewisham,Drugs,Drug Trafficking,0,2016,5
E01001302,Ealing,Robbery,Personal Property,1,2008,11
E01003706,Redbridge,Theft and Handling,Motor Vehicle Interference & Tampering,0,2008,1
E01000943,Camden,Other Notifiable Offences,Other Notifiable,0,2011,8
E01003783,Redbridge,Violence Against the Person,Wounding/GBH,1,2008,12
E01004248,Tower Hamlets,Theft and Handling,Theft From Motor Vehicle,0,2012,2
E01001112,Croydon,Drugs,Drug Trafficking,0,2014,5
E01001617,Greenwich,Theft and Handling,Theft From Shops,0,2015,10
E01003968,Southwark,Theft and Handling,Theft/Taking Of Motor Vehicle,0,2016,8
E01001421,Enfield,Robbery,Business Property,0,2011,12
E01000178,Barnet,Criminal Damage,Criminal Damage To Motor Vehicle,0,2013,7
E01003227,Lewisham,Criminal Damage,Other Criminal Damage,1,2012,10
E01000089,Barking and Dagenham,Other Notifiable Offences,Going Equipped,0,2013,12
E01000226,Barnet,Burglary,Burglary in a Dwelling,0,2015,6
E01000882,Camden,Criminal Damage,Criminal Damage To Other Building,0,2015,10
E01032773,Tower Hamlets,Violence Against the Person,Other violence,0,2012,5
E01004005,Southwark,Burglary,Burglary in Other Buildings,2,2008,7
E01003326,Lewisham,Theft and Handling,Theft/Taking of Pedal Cycle,2,2011,11
E01000177,Barnet,Criminal Damage,Criminal Damage To Dwelling,0,2011,1
E01003362,Merton,Fraud or Forgery,Counted per Victim,0,2008,5
E01001910,Hammersmith and Fulham,Violence Against the Person,Assault with Injury,0,2015,9
E01001809,Hackney,Drugs,Possession Of Drugs,0,2010,4
E01001939,Hammersmith and Fulham,Theft and Handling,Other Theft Person,1,2014,11
E01002608,Hounslow,Theft and Handling,Other Theft Person,0,2008,2
E01003375,Merton,Theft and Handling,Theft/Taking of Pedal Cycle,1,2014,9
E01033731,Greenwich,Theft and Handling,Other Theft,0,2009,5
E01000332,Bexley,Burglary,Burglary in a Dwelling,0,2008,12
E01003796,Redbridge,Theft and Handling,Handling Stolen Goods,0,2014,4
E01002692,Hounslow,Robbery,Business Property,0,2016,6
E01003285,Lewisham,Criminal Damage,Criminal Damage To Dwelling,0,2010,10
E01004149,Sutton,Theft and Handling,Motor Vehicle Interference & Tampering,1,2010,3
E01002047,Haringey,Other Notifiable Offences,Going Equipped,0,2009,1
E01000458,Bexley,Burglary,Burglary in Other Buildings,0,2010,3
E01000814,Bromley,Criminal Damage,Criminal Damage To Motor Vehicle,0,2010,11
E01003084,Lambeth,Violence Against the Person,Common Assault,1,2016,12
E01002673,Hounslow,Violence Against the Person,Harassment,1,2015,7
E01000380,Bexley,Theft and Handling,Handling Stolen Goods,0,2012,6
E01001254,Ealing,Violence Against the Person,Other violence,0,2016,6
E01003008,Kingston upon Thames,Criminal Damage,Criminal Damage To Motor Vehicle,0,2012,5
E01000902,Camden,Criminal Damage,Criminal Damage To Dwelling,0,2016,7
E01000050,Barking and Dagenham,Drugs,Drug Trafficking,0,2013,4
E01002949,Kingston upon Thames,Violence Against the Person,Assault with Injury,0,2011,3
E01001559,Enfield,Theft and Handling,Other Theft,4,2008,8
E01002867,Kensington and Chelsea,Robbery,Personal Property,0,2015,5
E01004524,Wandsworth,Theft and Handling,Motor Vehicle Interference & Tampering,0,2012,1
E01004075,Southwark,Theft and Handling,Theft/Taking Of Motor Vehicle,0,2012,5
E01001779,Hackney,Fraud or Forgery,Counted per Victim,0,2014,3
E01002661,Hounslow,Burglary,Burglary in a Dwelling,1,2016,3
E01001601,Greenwich,Theft and Handling,Theft From Motor Vehicle,0,2009,10
E01001342,Ealing,Theft and Handling,Theft/Taking Of Motor Vehicle,0,2016,2
E01002200,Harrow,Criminal Damage,Other Criminal Damage,0,2009,1
E01001269,Ealing,Criminal Damage,Other Criminal Damage,0,2014,4
E01003270,Lewisham,Criminal Damage,Criminal Damage To Dwelling,0,2008,9
E01001910,Hammersmith and Fulham,Burglary,Burglary in Other Buildings,0,2016,4
E01001259,Ealing,Theft and Handling,Motor Vehicle Interference & Tampering,0,2010,9
E01001686,Greenwich,Violence Against the Person,Harassment,2,2015,6
E01032576,Harrow,Violence Against the Person,Common Assault,0,2009,4
E01003541,Newham,Drugs,Possession Of Drugs,1,2012,7
E01001449,Enfield,Theft and Handling,Theft/Taking Of Motor Vehicle,1,2015,12
E01003398,Merton,Robbery,Business Property,0,2012,8
E01001732,Hackney,Criminal Damage,Criminal Damage To Dwelling,1,2011,4
E01001381,Ealing,Theft and Handling,Theft From Motor Vehicle,3,2016,5
E01003345,Lewisham,Theft and Handling,Theft/Taking Of Motor Vehicle,2,2010,3
E01002219,Harrow,Violence Against the Person,Harassment,1,2010,6
E01000341,Bexley,Theft and Handling,Other Theft,0,2015,6
E01004085,Sutton,Theft and Handling,Other Theft,0,2015,9
E01002489,Hillingdon,Violence Against the Person,Murder,0,2015,5
E01000949,Camden,Theft and Handling,Theft/Taking Of Motor Vehicle,0,2012,4
E01001371,Ealing,Violence Against the Person,Other violence,0,2012,3
E01002351,Havering,Criminal Damage,Other Criminal Damage,0,2012,2
E01000329,Bexley,Theft and Handling,Theft/Taking of Pedal Cycle,0,2010,1
E01004374,Waltham Forest,Drugs,Possession Of Drugs,2,2011,1
E01003914,Southwark,Violence Against the Person,Harassment,1,2012,7
E01001182,Croydon,Violence Against the Person,Other violence,0,2014,11
E01003752,Redbridge,Burglary,Burglary in a Dwelling,0,2015,6
E01000013,Barking and Dagenham,Robbery,Business Property,0,2009,7
E01001814,Hackney,Burglary,Burglary in Other Buildings,1,2015,11
E01003100,Lambeth,Burglary,Burglary in a Dwelling,1,2013,4
E01002632,Hounslow,Theft and Handling,Handling Stolen Goods,0,2012,2
E01003551,Newham,Theft and Handling,Other Theft Person,1,2008,4
E01004436,Waltham Forest,Criminal Damage,Criminal Damage To Dwelling,0,2009,4
E01001423,Enfield,Theft and Handling,Theft From Motor Vehicle,1,2014,5
E01001386,Ealing,Criminal Damage,Criminal Damage To Other Building,0,2008,5
E01002898,Kensington and Chelsea,Robbery,Personal Property,0,2015,9
E01004631,Wandsworth,Theft and Handling,Theft/Taking Of Motor Vehicle,0,2011,12
E01004761,Westminster,Theft and Handling,Theft From Shops,9,2015,9
E01000337,Bexley,Robbery,Business Property,0,2014,4
E01004078,Sutton,Criminal Damage,Criminal Damage To Motor Vehicle,0,2016,9
E01002465,Hillingdon,Theft and Handling,Theft/Taking of Pedal Cycle,0,2016,3
E01003648,Redbridge,Violence Against the Person,Assault with Injury,0,2008,8
E01003777,Redbridge,Criminal Damage,Criminal Damage To Motor Vehicle,1,2009,12
E01002220,Harrow,Violence Against the Person,Assault with Injury,1,2009,10
E01002646,Hounslow,Drugs,Drug Trafficking,0,2012,3
E01001284,Ealing,Violence Against the Person,Other violence,0,2016,6
E01003415,Merton,Burglary,Burglary in Other Buildings,0,2008,8
E01004452,Waltham Forest,Theft and Handling,Other Theft,2,2014,12
E01001394,Enfield,Burglary,Burglary in a Dwelling,6,2008,11
E01001644,Greenwich,Theft and Handling,Other Theft Person,1,2011,4
E01004340,Waltham Forest,Theft and Handling,Motor Vehicle Interference & Tampering,0,2013,12
E01000228,Barnet,Theft and Handling,Theft/Taking Of Motor Vehicle,0,2012,11
E01000530,Brent,Theft and Handling,Other Theft Person,0,2012,9
E01002089,Haringey,Theft and Handling,Handling Stolen Goods,0,2014,3
E01002822,Kensington and Chelsea,Theft and Handling,Other Theft,11,2012,2
E01002385,Havering,Drugs,Possession Of Drugs,0,2016,3
E01000596,Brent,Violence Against the Person,Harassment,3,2015,6
E01033707,Hackney,Other Notifiable Offences,Other Notifiable,0,2011,1
E01001401,Enfield,Robbery,Personal Property,0,2013,3
E01003894,Richmond upon Thames,Burglary,Burglary in a Dwelling,0,2009,7
E01001672,Greenwich,Burglary,Burglary in Other Buildings,0,2015,4
E01004625,Wandsworth,Theft and Handling,Other Theft,0,2009,2
E01004056,Southwark,Violence Against the Person,Other violence,2,2012,8
E01033325,Lewisham,Violence Against the Person,Common Assault,0,2010,11
E01002669,Hounslow,Criminal Damage,Criminal Damage To Motor Vehicle,2,2013,3
E01002255,Havering,Theft and Handling,Theft From Motor Vehicle,0,2016,9
E01004564,Wandsworth,Violence Against the Person,Assault with Injury,1,2013,2
E01000417,Bexley,Theft and Handling,Theft/Taking of Pedal Cycle,0,2012,1
E01000051,Barking and Dagenham,Theft and Handling,Handling Stolen Goods,0,2012,6
E01001928,Hammersmith and Fulham,Theft and Handling,Handling Stolen Goods,0,2012,4
E01032770,Tower Hamlets,Burglary,Burglary in a Dwelling,0,2012,1
E01000239,Barnet,Violence Against the Person,Murder,0,2008,1
E01002189,Harrow,Fraud or Forgery,Counted per Victim,0,2011,7
E01001854,Hammersmith and Fulham,Violence Against the Person,Common Assault,1,2011,1
E01002702,Islington,Criminal Damage,Criminal Damage To Dwelling,1,2014,8
E01000921,Camden,Drugs,Drug Trafficking,0,2008,9
E01001996,Haringey,Robbery,Personal Property,0,2014,7
E01000583,Brent,Fraud or Forgery,Counted per Victim,0,2008,4
E01004394,Waltham Forest,Violence Against the Person,Common Assault,0,2016,11
E01003709,Redbridge,Criminal Damage,Criminal Damage To Dwelling,0,2015,2
