E01002921,Kingston upon Thames,Theft and Handling,Handling Stolen Goods,0,2014,3
E01001806,Hackney,Theft and Handling,Motor Vehicle Interference & Tampering,0,2011,12
E01000873,Camden,Criminal Damage,Other Criminal Damage,0,2012,10
E01001549,Enfield,Drugs,Possession Of Drugs,0,2016,9
E01003029,Lambeth,Violence Against the Person,Common Assault,1,2009,3
E01003099,Lambeth,Other Notifiable Offences,Going Equipped,0,2009,5
E01003523,Newham,Theft and Handling,Motor Vehicle Interference & Tampering,0,2014,4
E01000902,Camden,Violence Against the Person,Harassment,0,2010,8
E01002487,Hillingdon,Drugs,Possession Of Drugs,0,2008,6
E01001864,Hammersmith and Fulham,Violence Against the Person,Harassment,1,2016,8
E01000914,Camden,Violence Against the Person,Common Assault,3,2011,1
E01004181,Sutton,Theft and Handling,Other Theft Person,0,2016,4
E01004178,Sutton,Robbery,Personal Property,0,2015,7
E01000849,Camden,Violence Against the Person,Common Assault,0,2010,1
E01003751,Redbridge,Burglary,Burglary in a Dwelling,4,2013,5
E01003202,Lewisham,Violence Against the Person,Common Assault,0,2008,2
E01001890,Hammersmith and Fulham,Robbery,Business Property,0,2014,5
E01004524,Wandsworth,Violence Against the Person,Wounding/GBH,0,2016,6
E01003128,Lambeth,Drugs,Other Drugs,0,2016,12
E01004165,Sutton,Theft and Handling,Handling Stolen Goods,1,2008,4
E01002195,Harrow,Theft and Handling,Theft/Taking of Pedal Cycle,0,2013,10
E01002141,Harrow,Burglary,Burglary in a Dwelling,4,2014,10
E01003036,Lambeth,Theft and Handling,Handling Stolen Goods,0,2010,1
E01004094,Sutton,Drugs,Possession Of Drugs,0,2012,9
E01001427,Enfield,Violence Against the Person,Assault with Injury,3,2016,6
E01000653,Bromley,Criminal Damage,Other Criminal Damage,0,2014,8
E01000358,Bexley,Theft and Handling,Theft/Taking Of Motor Vehicle,0,2009,5
E01002559,Hounslow,Sexual Offences,Other Sexual,0,2010,8
E01003205,Lewisham,Criminal Damage,Other Criminal Damage,1,2012,4
E01000887,Camden,Theft and Handling,Handling Stolen Goods,0,2014,7
E01003857,Richmond upon Thames,Drugs,Drug Trafficking,0,2011,8
E01033485,Brent,Theft and Handling,Other Theft Person,0,2013,7
E01003372,Merton,Theft and Handling,Handling Stolen Goods,0,2013,3
E01004493,Wandsworth,Burglary,Burglary in Other Buildings,0,2010,12
E01004105,Sutton,Drugs,Possession Of Drugs,0,2010,9
E01000648,Bromley,Violence Against the Person,Murder,0,2014,10
E01002009,Haringey,Violence Against the Person,Assault with Injury,0,2013,1
E01000371,Bexley,Robbery,Business Property,0,2012,9
E01004193,Sutton,Violence Against the Person,Other violence,0,2014,11
E01000296,Barnet,Criminal Damage,Criminal Damage To Other Building,1,2011,7
E01002450,Hillingdon,Other Notifiable Offences,Other Notifiable,0,2012,9
E01001661,Greenwich,Theft and Handling,Theft From Shops,0,2014,8
E01002032,Haringey,Drugs,Drug Trafficking,0,2014,8
E01032563,Bromley,Theft and Handling,Motor Vehicle Interference & Tampering,0,2010,5
E01000077,Barking and Dagenham,Theft and Handling,Handling Stolen Goods,0,2016,11
E01001089,Croydon,Violence Against the Person,Wounding/GBH,0,2012,1
E01003048,Lambeth,Violence Against the Person,Murder,0,2014,1
E01032775,Tower Hamlets,Theft and Handling,Other Theft Person,0,2010,8
E01004738,Westminster,Violence Against the Person,Harassment,1,2010,6
E01004589,Wandsworth,Robbery,Personal Property,1,2008,9
E01000825,Bromley,Other Notifiable Offences,Other Notifiable,1,2016,5
E01000300,Barnet,Violence Against the Person,Other violence,0,2008,5
E01000647,Bromley,Other Notifiable Offences,Other Notifiable,0,2008,9
E01004237,Tower Hamlets,Theft and Handling,Motor Vehicle Interference & Tampering,0,2011,7
E01003716,Redbridge,Theft and Handling,Theft/Taking of Pedal Cycle,0,2010,3
E01001761,Hackney,Theft and Handling,Handling Stolen Goods,0,2011,12
E01003411,Merton,Criminal Damage,Criminal Damage To Motor Vehicle,0,2014,9
E01000348,Bexley,Theft and Handling,Motor Vehicle Interference & Tampering,0,2011,1
E01002612,Hounslow,Theft and Handling,Theft/Taking of Pedal Cycle,3,2015,3
E01004552,Wandsworth,Theft and Handling,Theft From Shops,8,2016,3
E01003450,Merton,Theft and Handling,Theft/Taking of Pedal Cycle,0,2014,7
E01003491,Newham,Violence Against the Person,Wounding/GBH,0,2010,3
E01003108,Lambeth,Other Notifiable Offences,Other Notifiable,0,2012,12
E01032790,Hammersmith and Fulham,Violence Against the Person,Wounding/GBH,0,2015,11
E01001833,Hackney,Theft and Handling,Other Theft,3,2010,6
E01001829,Hackney,Violence Against the Person,Wounding/GBH,0,2011,3
E01002269,Havering,Violence Against the Person,Murder,0,2011,3
E01001037,Croydon,Other Notifiable Offences,Other Notifiable,0,2016,4
E01002308,Havering,Drugs,Drug Trafficking,0,2010,12
E01001515,Enfield,Theft and Handling,Theft From Motor Vehicle,0,2014,7
E01001816,Hackney,Theft and Handling,Other Theft Person,2,2016,4
E01000591,Brent,Criminal Damage,Criminal Damage To Other Building,2,2011,10
E01001699,Greenwich,Criminal Damage,Criminal Damage To Motor Vehicle,0,2012,12
E01004738,Westminster,Violence Against the Person,Other violence,0,2009,5
E01004266,Tower Hamlets,Theft and Handling,Other Theft Person,1,2012,11
E01003268,Lewisham,Drugs,Possession Of Drugs,1,2014,3
E01001931,Hammersmith and Fulham,Violence Against the Person,Wounding/GBH,1,2013,2
E01002713,Islington,Robbery,Business Property,0,2015,12
E01001952,Hammersmith and Fulham,Violence Against the Person,Murder,0,2014,9
E01002584,Hounslow,Violence Against the Person,Other violence,0,2013,4
E01002433,Hillingdon,Burglary,Burglary in a Dwelling,0,2011,2
E01001327,Ealing,Violence Against the Person,Assault with Injury,0,2010,5
E01002726,Islington,Fraud or Forgery,Counted per Victim,0,2011,9
E01003929,Southwark,Violence Against the Person,Wounding/GBH,0,2012,9
E01000437,Bexley,Criminal Damage,Criminal Damage To Other Building,0,2016,7
E01004252,Tower Hamlets,Drugs,Drug Trafficking,0,2009,11
E01001732,Hackney,Drugs,Possession Of Drugs,0,2014,7
E01003035,Lambeth,Burglary,Burglary in a Dwelling,1,2014,12
E01003032,Lambeth,Theft and Handling,Theft From Motor Vehicle,1,2012,12
E01002125,Harrow,Criminal Damage,Criminal Damage To Dwelling,0,2010,2
E01000637,Brent,Theft and Handling,Motor Vehicle Interference & Tampering,0,2014,11
E01002372,Havering,Criminal Damage,Criminal Damage To Motor Vehicle,8,2008,3
E01002101,Haringey,Violence Against the Person,Common Assault,0,2013,10
E01004493,Wandsworth,Theft and Handling,Handling Stolen Goods,0,2012,3
E01001108,Croydon,Criminal Damage,Criminal Damage To Dwelling,1,2016,4
E01002218,Harrow,Violence Against the Person,Offensive Weapon,1,2008,4
E01002727,Islington,Violence Against the Person,Harassment,1,2008,3
E01003864,Richmond upon Thames,Fraud or Forgery,Counted per Victim,0,2009,6
E01002317,Havering,Violence Against the Person,Other violence,0,2011,8
E01001300,Ealing,Theft and Handling,Motor Vehicle Interference & Tampering,0,2008,4
E01003638,Redbridge,Drugs,Possession Of Drugs,6,2011,5
E01003119,Lambeth,Drugs,Other Drugs,0,2015,2
E01001364,Ealing,Theft and Handling,Motor Vehicle Interference & Tampering,0,2010,3
E01003034,Lambeth,Violence Against the Person,Wounding/GBH,1,2015,6
E01001451,Enfield,Other Notifiable Offences,Going Equipped,0,2015,5
E01003273,Lewisham,Theft and Handling,Other Theft,2,2014,7
E01002088,Haringey,Robbery,Business Property,0,2008,11
E01002243,Havering,Violence Against the Person,Offensive Weapon,0,2008,8
E01001436,Enfield,Theft and Handling,Theft From Motor Vehicle,2,2008,11
E01000006,Barking and Dagenham,Theft and Handling,Theft/Taking of Pedal Cycle,0,2015,7
E01004693,Westminster,Violence Against the Person,Common Assault,0,2010,12
E01003180,Lambeth,Theft and Handling,Handling Stolen Goods,0,2011,10
E01002072,Haringey,Violence Against the Person,Harassment,1,2008,12
E01003681,Redbridge,Burglary,Burglary in Other Buildings,0,2008,11
E01003063,Lambeth,Theft and Handling,Other Theft,2,2012,1
E01000084,Barking and Dagenham,Theft and Handling,Theft/Taking of Pedal Cycle,0,2008,4
E01000581,Brent,Violence Against the Person,Wounding/GBH,0,2010,4
E01004209,Tower Hamlets,Robbery,Business Property,0,2013,8
E01001667,Greenwich,Robbery,Personal Property,0,2008,4
E01003104,Lambeth,Criminal Damage,Other Criminal Damage,0,2013,4
E01001163,Croydon,Theft and Handling,Theft/Taking of Pedal Cycle,0,2009,2
E01000720,Bromley,Theft and Handling,Other Theft,2,2009,2
E01001768,Hackney,Theft and Handling,Theft/Taking Of Motor Vehicle,1,2016,6
E01003125,Lambeth,Robbery,Personal Property,1,2013,7
E01001897,Hammersmith and Fulham,Theft and Handling,Handling Stolen Goods,0,2013,10
E01004736,Westminster,Fraud or Forgery,Other Fraud & Forgery,0,2009,2
E01004394,Waltham Forest,Violence Against the Person,Wounding/GBH,0,2016,3
E01001546,Enfield,Theft and Handling,Theft/Taking Of Motor Vehicle,0,2013,1
E01003866,Richmond upon Thames,Theft and Handling,Theft From Motor Vehicle,0,2014,5
E01003602,Newham,Other Notifiable Offences,Other Notifiable,0,2009,5
E01003374,Merton,Violence Against the Person,Harassment,0,2015,10
E01000769,Bromley,Violence Against the Person,Assault with Injury,3,2012,9
E01003619,Newham,Robbery,Personal Property,4,2014,7
E01000991,Croydon,Criminal Damage,Criminal Damage To Dwelling,0,2013,11
E01000304,Barnet,Violence Against the Person,Other violence,0,2015,3
E01001969,Haringey,Burglary,Burglary in Other Buildings,0,2016,3
E01002057,Haringey,Violence Against the Person,Common Assault,0,2010,3
E01004099,Sutton,Robbery,Business Property,1,2009,3
E01003550,Newham,Theft and Handling,Theft/Taking Of Motor Vehicle,2,2010,4
E01000782,Bromley,Criminal Damage,Criminal Damage To Motor Vehicle,0,2011,5
E01001596,Greenwich,Violence Against the Person,Other violence,0,2016,8
E01001002,Croydon,Criminal Damage,Criminal Damage To Dwelling,0,2012,3
E01000192,Barnet,Theft and Handling,Other Theft Person,1,2009,10
E01001638,Greenwich,Violence Against the Person,Harassment,3,2008,9
E01000161,Barnet,Criminal Damage,Criminal Damage To Other Building,1,2010,3
E01003870,Richmond upon Thames,Violence Against the Person,Assault with Injury,1,2012,4
E01000260,Barnet,Burglary,Burglary in a Dwelling,0,2010,10
E01003669,Redbridge,Violence Against the Person,Other violence,0,2014,3
E01001006,Croydon,Violence Against the Person,Harassment,1,2016,11
E01002332,Havering,Criminal Damage,Criminal Damage To Other Building,0,2009,11
E01001819,Hackney,Violence Against the Person,Harassment,0,2011,8
E01000965,Camden,Violence Against the Person,Wounding/GBH,0,2008,9
E01001602,Greenwich,Robbery,Personal Property,1,2010,11
E01033601,Westminster,Burglary,Burglary in a Dwelling,0,2010,4
E01004310,Tower Hamlets,Theft and Handling,Theft/Taking of Pedal Cycle,2,2015,11
E01002504,Hillingdon,Theft and Handling,Other Theft Person,0,2014,12
E01002687,Hounslow,Burglary,Burglary in a Dwelling,7,2011,2
E01002469,Hillingdon,Theft and Handling,Theft From Motor Vehicle,0,2008,7
E01002177,Harrow,Other Notifiable Offences,Other Notifiable,0,2008,10
E01004153,Sutton,Other Notifiable Offences,Other Notifiable,0,2009,12
E01002573,Hounslow,Violence Against the Person,Wounding/GBH,0,2012,3
E01001264,Ealing,Criminal Damage,Criminal Damage To Other Building,0,2008,3
E01000068,Barking and Dagenham,Criminal Damage,Criminal Damage To Dwelling,0,2014,5
E01003413,Merton,Violence Against the Person,Harassment,0,2015,9
E01000352,Bexley,Theft and Handling,Theft From Shops,1,2008,6
E01004004,Southwark,Violence Against the Person,Harassment,2,2016,4
E01000209,Barnet,Robbery,Personal Property,0,2011,6
E01004402,Waltham Forest,Violence Against the Person,Assault with Injury,0,2013,8
E01003162,Lambeth,Theft and Handling,Theft/Taking Of Motor Vehicle,0,2014,10
E01002046,Haringey,Violence Against the Person,Assault with Injury,2,2012,8
E01003913,Southwark,Burglary,Burglary in a Dwelling,0,2015,1
E01001082,Croydon,Burglary,Burglary in Other Buildings,1,2016,10
E01004657,Westminster,Theft and Handling,Handling Stolen Goods,0,2013,7
E01000846,Camden,Violence Against the Person,Harassment,1,2009,9
E01004193,Sutton,Theft and Handling,Motor Vehicle Interference & Tampering,0,2008,10
E01002732,Islington,Violence Against the Person,Common Assault,1,2008,1
E01000572,Brent,Violence Against the Person,Other violence,0,2015,12
E01003381,Merton,Theft and Handling,Theft/Taking Of Motor Vehicle,0,2008,1
E01001982,Haringey,Theft and Handling,Handling Stolen Goods,0,2013,7
E01003546,Newham,Criminal Damage,Criminal Damage To Dwelling,1,2014,11
E01004290,Tower Hamlets,Theft and Handling,Theft/Taking Of Motor Vehicle,1,2014,7
E01002144,Harrow,Violence Against the Person,Other violence,0,2015,1
E01004514,Wandsworth,Theft and Handling,Motor Vehicle Interference & Tampering,0,2011,2
E01004660,Westminster,Theft and Handling,Theft From Motor Vehicle,2,2012,9
E01000327,Bexley,Other Notifiable Offences,Going Equipped,0,2008,9
E01001119,Croydon,Criminal Damage,Other Criminal Damage,0,2011,1
E01004701,Westminster,Theft and Handling,Theft From Motor Vehicle,0,2009,10
E01002753,Islington,Burglary,Burglary in Other Buildings,0,2011,2
E01001783,Hackney,Drugs,Possession Of Drugs,1,2009,12
E01001611,Greenwich,Theft and Handling,Handling Stolen Goods,0,2009,10
E01002851,Kensington and Chelsea,Robbery,Personal Property,0,2010,8
E01004466,Waltham Forest,Violence Against the Person,Assault with Injury,1,2013,7
E01001200,Ealing,Theft and Handling,Motor Vehicle Interference & Tampering,1,2015,3
E01004106,Sutton,Drugs,Possession Of Drugs,0,2012,9
E01001700,Greenwich,Violence Against the Person,Harassment,2,2014,7
E01003709,Redbridge,Drugs,Possession Of Drugs,0,2012,2
E01001432,Enfield,Theft and Handling,Theft/Taking Of Motor Vehicle,1,2014,7
E01004056,Southwark,Theft and Handling,Theft/Taking of Pedal Cycle,0,2008,12
E01002470,Hillingdon,Violence Against the Person,Wounding/GBH,0,2014,3
E01004141,Sutton,Criminal Damage,Criminal Damage To Motor Vehicle,0,2014,8
E01001266,Ealing,Criminal Damage,Criminal Damage To Other Building,0,2012,6
E01000721,Bromley,Theft and Handling,Theft From Motor Vehicle,0,2016,6
E01003846,Richmond upon Thames,Other Notifiable Offences,Other Notifiable,0,2016,11
E01003255,Lewisham,Robbery,Business Property,0,2013,9
E01000284,Barnet,Violence Against the Person,Harassment,0,2015,12
E01002966,Kingston upon Thames,Criminal Damage,Other Criminal Damage,0,2015,12
E01001843,Hackney,Theft and Handling,Theft From Motor Vehicle,3,2015,7
E01004332,Waltham Forest,Violence Against the Person,Assault with Injury,1,2016,10
E01000514,Brent,Drugs,Other Drugs,0,2014,8
E01004181,Sutton,Theft and Handling,Other Theft,1,2014,7
E01000731,Bromley,Theft and Handling,Theft/Taking of Pedal Cycle,0,2008,2
E01003072,Lambeth,Drugs,Possession Of Drugs,0,2012,5
E01003518,Newham,Theft and Handling,Theft/Taking Of Motor Vehicle,1,2008,3
E01000370,Bexley,Violence Against the Person,Other violence,0,2008,1
E01002207,Harrow,Theft and Handling,Motor Vehicle Interference & Tampering,0,2013,9
E01001265,Ealing,Robbery,Business Property,0,2009,7
E01001448,Enfield,Theft and Handling,Theft/Taking Of Motor Vehicle,1,2009,5
E01001613,Greenwich,Criminal Damage,Other Criminal Damage,0,2016,10
E01000539,Brent,Theft and Handling,Theft From Motor Vehicle,2,2014,1
E01000865,Camden,Violence Against the Person,Offensive Weapon,0,2013,6
E01000745,Bromley,Robbery,Personal Property,0,2009,2
E01003334,Lewisham,Drugs,Drug Trafficking,0,2014,12
E01001992,Haringey,Violence Against the Person,Other violence,0,2012,1
E01003847,Richmond upon Thames,Drugs,Possession Of Drugs,0,2016,7
E01003675,Redbridge,Burglary,Burglary in Other Buildings,1,2013,11
E01003818,Richmond upon Thames,Violence Against the Person,Wounding/GBH,0,2008,8
E01004598,Wandsworth,Violence Against the Person,Harassment,0,2012,3
E01003348,Lewisham,Theft and Handling,Other Theft Person,1,2015,2
E01001412,Enfield,Criminal Damage,Other Criminal Damage,0,2015,4
E01003727,Redbridge,Robbery,Business Property,0,2014,5
E01002264,Havering,Drugs,Drug Trafficking,1,2012,6
E01004456,Waltham Forest,Drugs,Drug Trafficking,0,2011,9
E01000950,Camden,Robbery,Personal Property,1,2011,5
E01004386,Waltham Forest,Violence Against the Person,Wounding/GBH,0,2013,11
E01002189,Harrow,Robbery,Personal Property,0,2013,3
E01004260,Tower Hamlets,Theft and Handling,Other Theft Person,2,2012,9
E01001606,Greenwich,Violence Against the Person,Common Assault,0,2010,7
E01000861,Camden,Violence Against the Person,Assault with Injury,2,2014,12
E01002833,Kensington and Chelsea,Drugs,Possession Of Drugs,1,2012,12
E01000784,Bromley,Criminal Damage,Criminal Damage To Motor Vehicle,0,2015,12
E01001520,Enfield,Drugs,Drug Trafficking,0,2016,2
E01001202,Ealing,Criminal Damage,Criminal Damage To Other Building,1,2011,5
E01001927,Hammersmith and Fulham,Theft and Handling,Other Theft,1,2008,3
E01003060,Lambeth,Drugs,Other Drugs,0,2015,1
E01003762,Redbridge,Criminal Damage,Criminal Damage To Dwelling,0,2011,11
E01001920,Hammersmith and Fulham,Other Notifiable Offences,Other Notifiable,0,2015,2
E01003063,Lambeth,Other Notifiable Offences,Other Notifiable,0,2016,7
E01000781,Bromley,Violence Against the Person,Offensive Weapon,0,2016,12
E01001260,Ealing,Theft and Handling,Other Theft,1,2016,8
E01033150,Enfield,Theft and Handling,Theft/Taking of Pedal Cycle,0,2014,12
E01000250,Barnet,Other Notifiable Offences,Other Notifiable,0,2009,3
E01003910,Richmond upon Thames,Violence Against the Person,Other violence,1,2010,5
E01001531,Enfield,Burglary,Burglary in Other Buildings,1,2013,5
E01003615,Newham,Criminal Damage,Criminal Damage To Dwelling,0,2011,5
E01001412,Enfield,Violence Against the Person,Assault with Injury,2,2012,1
E01003106,Lambeth,Sexual Offences,Rape,0,2015,8
E01004606,Wandsworth,Robbery,Personal Property,1,2015,2
E01000997,Croydon,Theft and Handling,Handling Stolen Goods,0,2013,7
E01000601,Brent,Violence Against the Person,Common Assault,2,2012,9
E01002036,Haringey,Criminal Damage,Other Criminal Damage,0,2015,4
E01000056,Barking and Dagenham,Robbery,Business Property,0,2012,12
E01000233,Barnet,Violence Against the Person,Wounding/GBH,0,2013,9
E01002882,Kensington and Chelsea,Violence Against the Person,Wounding/GBH,0,2011,2
E01003224,Lewisham,Criminal Damage,Criminal Damage To Dwelling,0,2016,10
E01000668,Bromley,Burglary,Burglary in Other Buildings,0,2016,2
E01001165,Croydon,Violence Against the Person,Harassment,0,2013,10
E01000019,Barking and Dagenham,Theft and Handling,Motor Vehicle Interference & Tampering,0,2010,8
E01002315,Havering,Theft and Handling,Motor Vehicle Interference & Tampering,0,2010,1
E01001677,Greenwich,Violence Against the Person,Assault with Injury,1,2011,1
E01002388,Havering,Criminal Damage,Criminal Damage To Motor Vehicle,0,2012,10
E01002369,Havering,Criminal Damage,Criminal Damage To Motor Vehicle,0,2012,9
E01001173,Croydon,Violence Against the Person,Common Assault,0,2011,5
E01004551,Wandsworth,Other Notifiable Offences,Going Equipped,0,2016,6
E01002998,Kingston upon Thames,Criminal Damage,Other Criminal Damage,0,2013,12
E01004170,Sutton,Violence Against the Person,Harassment,0,2014,2
E01004307,Tower Hamlets,Burglary,Burglary in Other Buildings,2,2012,11
E01002386,Havering,Theft and Handling,Other Theft Person,3,2014,3
E01003948,Southwark,Violence Against the Person,Assault with Injury,1,2016,7
E01032564,Lewisham,Other Notifiable Offences,Other Notifiable,0,2012,5
E01004692,Westminster,Criminal Damage,Criminal Damage To Motor Vehicle,0,2014,7
E01002079,Haringey,Violence Against the Person,Harassment,1,2014,12
E01004577,Wandsworth,Theft and Handling,Theft/Taking of Pedal Cycle,3,2010,10
E01000041,Barking and Dagenham,Criminal Damage,Criminal Damage To Motor Vehicle,1,2016,4
E01003341,Lewisham,Burglary,Burglary in a Dwelling,0,2014,6
E01002822,Kensington and Chelsea,Burglary,Burglary in Other Buildings,0,2012,9
E01001575,Greenwich,Criminal Damage,Other Criminal Damage,0,2013,3
E01004588,Wandsworth,Fraud or Forgery,Counted per Victim,0,2015,8
E01000697,Bromley,Criminal Damage,Other Criminal Damage,0,2010,9
E01002045,Haringey,Burglary,Burglary in Other Buildings,0,2013,3
E01003280,Lewisham,Criminal Damage,Criminal Damage To Motor Vehicle,1,2013,5
E01003055,Lambeth,Theft and Handling,Motor Vehicle Interference & Tampering,0,2016,6
E01003100,Lambeth,Criminal Damage,Criminal Damage To Dwelling,0,2011,3
E01002606,Hounslow,Burglary,Burglary in Other Buildings,0,2008,2
E01033725,Hillingdon,Violence Against the Person,Offensive Weapon,0,2015,3
E01001259,Ealing,Theft and Handling,Theft From Motor Vehicle,2,2013,7
E01001510,Enfield,Theft and Handling,Other Theft,1,2015,8
E01003907,Richmond upon Thames,Violence Against the Person,Assault with Injury,2,2011,1
E01032568,Bromley,Violence Against the Person,Assault with Injury,1,2015,10
E01002079,Haringey,Theft and Handling,Handling Stolen Goods,0,2014,4
E01001789,Hackney,Drugs,Drug Trafficking,0,2008,8
E01003811,Richmond upon Thames,Violence Against the Person,Common Assault,0,2013,12
E01001369,Ealing,Theft and Handling,Theft/Taking Of Motor Vehicle,0,2016,8
E01001734,Hackney,Criminal Damage,Criminal Damage To Motor Vehicle,0,2009,4
E01003072,Lambeth,Burglary,Burglary in a Dwelling,2,2008,8
E01001035,Croydon,Theft and Handling,Motor Vehicle Interference & Tampering,0,2008,2
E01003383,Merton,Robbery,Personal Property,1,2012,8
E01003030,Lambeth,Other Notifiable Offences,Other Notifiable,1,2008,2
E01001651,Greenwich,Criminal Damage,Criminal Damage To Motor Vehicle,1,2011,9
E01002437,Hillingdon,Theft and Handling,Theft/Taking Of Motor Vehicle,0,2012,5
E01033597,Westminster,Violence Against the Person,Offensive Weapon,0,2012,1
E01033463,Brent,Theft and Handling,Other Theft Person,0,2015,12
E01004146,Sutton,Drugs,Drug Trafficking,0,2013,8
E01003327,Lewisham,Robbery,Personal Property,0,2015,9
E01004521,Wandsworth,Theft and Handling,Theft/Taking Of Motor Vehicle,1,2015,1
E01000327,Bexley,Theft and Handling,Other Theft,0,2015,1
E01003538,Newham,Other Notifiable Offences,Going Equipped,0,2014,5
E01001104,Croydon,Theft and Handling,Theft/Taking Of Motor Vehicle,0,2010,6
E01000470,Bexley,Drugs,Possession Of Drugs,0,2016,12
E01002730,Islington,Violence Against the Person,Murder,0,2015,7
E01000440,Bexley,Violence Against the Person,Wounding/GBH,0,2009,5
E01001731,Hackney,Criminal Damage,Criminal Damage To Motor Vehicle,2,2009,7
E01004319,Tower Hamlets,Burglary,Burglary in Other Buildings,0,2013,7
E01004669,Westminster,Drugs,Other Drugs,0,2010,9
E01000157,Barnet,Theft and Handling,Other Theft,0,2012,1
E01003960,Southwark,Theft and Handling,Theft From Motor Vehicle,1,2011,5
E01001457,Enfield,Drugs,Possession Of Drugs,0,2012,7
E01004250,Tower Hamlets,Violence Against the Person,Harassment,3,2015,8
E01004159,Sutton,Violence Against the Person,Assault with Injury,0,2016,2
E01002795,Islington,Drugs,Other Drugs,0,2010,3
E01003603,Newham,Violence Against the Person,Other violence,0,2013,1
E01003541,Newham,Theft and Handling,Handling Stolen Goods,0,2009,4
E01033596,Westminster,Theft and Handling,Other Theft Person,0,2011,2
E01003228,Lewisham,Theft and Handling,Other Theft,1,2012,6
E01002919,Kingston upon Thames,Theft and Handling,Other Theft,1,2013,5
E01033083,Hounslow,Other Notifiable Offences,Going Equipped,0,2010,8
E01001647,Greenwich,Drugs,Drug Trafficking,0,2011,3
E01001045,Croydon,Theft and Handling,Other Theft,10,2016,7
E01001998,Haringey,Criminal Damage,Criminal Damage To Dwelling,0,2013,3
E01033081,Hounslow,Theft and Handling,Theft From Motor Vehicle,2,2014,8
E01004238,Tower Hamlets,Theft and Handling,Handling Stolen Goods,0,2015,7
E01003473,Merton,Theft and Handling,Other Theft Person,0,2013,4
E01000919,Camden,Criminal Damage,Criminal Damage To Other Building,0,2011,10
E01004141,Sutton,Violence Against the Person,Common Assault,1,2014,11
E01000132,Barnet,Theft and Handling,Other Theft Person,0,2012,4
E01001428,Enfield,Drugs,Other Drugs,0,2009,4
E01033733,Greenwich,Criminal Damage,Criminal Damage To Dwelling,1,2015,6
E01000824,Bromley,Criminal Damage,Other Criminal Damage,1,2008,7
E01032778,Tower Hamlets,Theft and Handling,Theft From Motor Vehicle,0,2012,3
E01003148,Lambeth,Violence Against the Person,Offensive Weapon,0,2010,6
E01003599,Newham,Violence Against the Person,Harassment,1,2008,3
E01004652,Westminster,Robbery,Personal Property,0,2010,2
E01002370,Havering,Burglary,Burglary in Other Buildings,2,2008,1
E01002739,Islington,Criminal Damage,Other Criminal Damage,0,2012,10
E01000134,Barnet,Violence Against the Person,Wounding/GBH,0,2011,7
E01001599,Greenwich,Theft and Handling,Other Theft,0,2010,1
E01002328,Havering,Violence Against the Person,Harassment,0,2013,10
E01002254,Havering,Violence Against the Person,Common Assault,0,2009,4
E01002154,Harrow,Drugs,Possession Of Drugs,0,2010,2
E01002181,Harrow,Theft and Handling,Other Theft,1,2013,3
E01003842,Richmond upon Thames,Theft and Handling,Other Theft Person,0,2015,7
E01004611,Wandsworth,Theft and Handling,Theft/Taking of Pedal Cycle,0,2016,4
E01004743,Westminster,Violence Against the Person,Assault with Injury,0,2008,12
E01004545,Wandsworth,Criminal Damage,Criminal Damage To Dwelling,0,2015,3
E01002072,Haringey,Other Notifiable Offences,Going Equipped,0,2016,8
E01004570,Wandsworth,Burglary,Burglary in a Dwelling,0,2013,4
E01000271,Barnet,Theft and Handling,Theft/Taking of Pedal Cycle,0,2014,10
E01000648,Bromley,Violence Against the Person,Common Assault,0,2015,12
E01003329,Lewisham,Theft and Handling,Motor Vehicle Interference & Tampering,0,2014,11
E01002404,Hillingdon,Theft and Handling,Theft From Motor Vehicle,2,2009,2
E01001321,Ealing,Violence Against the Person,Offensive Weapon,0,2008,5
E01001183,Croydon,Violence Against the Person,Assault with Injury,1,2014,2
E01000921,Camden,Theft and Handling,Theft/Taking Of Motor Vehicle,2,2015,1
E01004667,Westminster,Violence Against the Person,Offensive Weapon,0,2013,2
E01000696,Bromley,Violence Against the Person,Other violence,0,2011,1
E01004233,Tower Hamlets,Violence Against the Person,Assault with Injury,0,2008,6
E01002081,Haringey,Drugs,Other Drugs,0,2012,9
E01003624,Newham,Drugs,Drug Trafficking,0,2009,1
E01002986,Kingston upon Thames,Violence Against the Person,Other violence,0,2009,8
E01000322,Barnet,Burglary,Burglary in Other Buildings,0,2008,10
E01003413,Merton,Criminal Damage,Other Criminal Damage,0,2011,12
E01002097,Haringey,Robbery,Personal Property,0,2015,2
E01001309,Ealing,Sexual Offences,Rape,1,2008,2
E01004600,Wandsworth,Robbery,Business Property,0,2013,10
E01002710,Islington,Theft and Handling,Theft/Taking Of Motor Vehicle,2,2010,9
E01003309,Lewisham,Theft and Handling,Motor Vehicle Interference & Tampering,0,2011,9
E01003000,Kingston upon Thames,Violence Against the Person,Harassment,0,2009,4
E01000499,Brent,Violence Against the Person,Murder,0,2009,12
E01001505,Enfield,Violence Against the Person,Assault with Injury,0,2008,7
E01004634,Wandsworth,Theft and Handling,Theft From Motor Vehicle,0,2010,12
E01000483,Brent,Theft and Handling,Theft From Shops,1,2008,12
E01000717,Bromley,Criminal Damage,Criminal Damage To Dwelling,0,2012,11
E01000408,Bexley,Theft and Handling,Motor Vehicle Interference & Tampering,0,2012,8
E01003480,Newham,Criminal Damage,Criminal Damage To Other Building,0,2010,11
E01004170,Sutton,Violence Against the Person,Other violence,0,2011,1
E01003924,Southwark,Other Notifiable Offences,Other Notifiable,0,2012,10
E01000791,Bromley,Theft and Handling,Handling Stolen Goods,0,2009,11
E01003179,Lambeth,Violence Against the Person,Harassment,1,2015,7
E01000010,Barking and Dagenham,Theft and Handling,Motor Vehicle Interference & Tampering,0,2013,2
E01001747,Hackney,Drugs,Possession Of Drugs,0,2015,7
E01004703,Westminster,Violence Against the Person,Common Assault,0,2014,4
E01003788,Redbridge,Criminal Damage,Criminal Damage To Motor Vehicle,0,2010,12
E01001446,Enfield,Theft and Handling,Other Theft Person,0,2013,6
E01000888,Camden,Criminal Damage,Criminal Damage To Motor Vehicle,0,2015,12
E01000250,Barnet,Theft and Handling,Theft From Shops,1,2011,1
E01002662,Hounslow,Theft and Handling,Theft From Shops,0,2010,12
E01000547,Brent,Burglary,Burglary in Other Buildings,0,2015,6
E01002805,Islington,Burglary,Burglary in a Dwelling,1,2015,3
E01002809,Islington,Violence Against the Person,Other violence,0,2014,12
E01002737,Islington,Criminal Damage,Criminal Damage To Dwelling,1,2010,8
E01032781,Tower Hamlets,Theft and Handling,Other Theft,0,2008,5
E01003002,Kingston upon Thames,Theft and Handling,Motor Vehicle Interference & Tampering,0,2010,7
E01001384,Ealing,Theft and Handling,Other Theft Person,0,2015,1
E01003913,Southwark,Criminal Damage,Other Criminal Damage,0,2008,10
E01002157,Harrow,Theft and Handling,Motor Vehicle Interference & Tampering,0,2012,1
E01001836,Hackney,Criminal Damage,Criminal Damage To Motor Vehicle,0,2010,7
E01033710,Hackney,Theft and Handling,Theft/Taking Of Motor Vehicle,0,2012,8
E01003240,Lewisham,Violence Against the Person,Wounding/GBH,0,2012,4
E01004185,Sutton,Burglary,Burglary in Other Buildings,0,2012,10
E01004613,Wandsworth,Drugs,Possession Of Drugs,0,2010,7
E01000565,Brent,Theft and Handling,Theft From Shops,0,2016,11
E01033710,Hackney,Violence Against the Person,Common Assault,0,2010,6
E01002670,Hounslow,Theft and Handling,Motor Vehicle Interference & Tampering,0,2012,1
E01001072,Croydon,Violence Against the Person,Offensive Weapon,0,2009,7
E01003725,Redbridge,Violence Against the Person,Offensive Weapon,0,2010,6
E01001051,Croydon,Violence Against the Person,Harassment,1,2010,11
E01001606,Greenwich,Violence Against the Person,Assault with Injury,0,2011,11
E01003218,Lewisham,Theft and Handling,Motor Vehicle Interference & Tampering,0,2009,10
E01002551,Hillingdon,Violence Against the Person,Assault with Injury,0,2012,9
E01002429,Hillingdon,Theft and Handling,Theft/Taking of Pedal Cycle,0,2009,7
E01001834,Hackney,Drugs,Drug Trafficking,0,2012,11
E01001446,Enfield,Criminal Damage,Criminal Damage To Motor Vehicle,0,2012,11
E01001172,Croydon,Drugs,Drug Trafficking,0,2011,2
E01003448,Merton,Other Notifiable Offences,Other Notifiable,0,2013,6
E01000930,Camden,Burglary,Burglary in Other Buildings,2,2009,12
E01004395,Waltham Forest,Theft and Handling,Motor Vehicle Interference & Tampering,0,2014,12
E01004151,Sutton,Criminal Damage,Criminal Damage To Dwelling,0,2009,1
E01002448,Hillingdon,Criminal Damage,Other Criminal Damage,0,2016,3
E01002850,Kensington and Chelsea,Theft and Handling,Theft/Taking of Pedal Cycle,0,2009,8
E01003601,Newham,Theft and Handling,Theft From Shops,0,2009,7
E01001302,Ealing,Theft and Handling,Other Theft,3,2015,3
E01033583,Newham,Drugs,Drug Trafficking,0,2013,4
E01002167,Harrow,Robbery,Personal Property,0,2014,8
E01000045,Barking and Dagenham,Violence Against the Person,Other violence,0,2009,9
E01001864,Hammersmith and Fulham,Violence Against the Person,Wounding/GBH,0,2010,4
E01000495,Brent,Burglary,Burglary in Other Buildings,1,2014,4
E01002877,Kensington and Chelsea,Theft and Handling,Motor Vehicle Interference & Tampering,0,2009,7
E01004253,Tower Hamlets,Violence Against the Person,Assault with Injury,1,2012,3
E01003106,Lambeth,Theft and Handling,Theft/Taking Of Motor Vehicle,0,2009,3
E01004059,Southwark,Violence Against the Person,Assault with Injury,3,2016,6
E01001785,Hackney,Violence Against the Person,Wounding/GBH,0,2015,11
E01004430,Waltham Forest,Robbery,Personal Property,2,2011,3
E01004615,Wandsworth,Criminal Damage,Criminal Damage To Other Building,0,2013,11
E01003669,Redbridge,Robbery,Personal Property,0,2016,2
E01002880,Kensington and Chelsea,Robbery,Personal Property,0,2016,3
E01001884,Hammersmith and Fulham,Criminal Damage,Other Criminal Damage,0,2008,5
E01000097,Barking and Dagenham,Robbery,Personal Property,0,2013,9
E01000107,Barking and Dagenham,Violence Against the Person,Common Assault,0,2010,8
E01000881,Camden,Theft and Handling,Theft From Motor Vehicle,0,2014,3
E01002891,Kensington and Chelsea,Theft and Handling,Motor Vehicle Interference & Tampering,0,2015,8
E01002757,Islington,Burglary,Burglary in Other Buildings,0,2016,9
E01000090,Barking and Dagenham,Violence Against the Person,Common Assault,0,2014,2
E01000257,Barnet,Criminal Damage,Criminal Damage To Dwelling,0,2016,7
E01000247,Barnet,Theft and Handling,Other Theft Person,0,2013,8
E01003671,Redbridge,Criminal Damage,Other Criminal Damage,0,2013,11
E01000499,Brent,Violence Against the Person,Offensive Weapon,0,2010,7
E01003088,Lambeth,Theft and Handling,Motor Vehicle Interference & Tampering,0,2016,1
E01002687,Hounslow,Robbery,Personal Property,0,2015,4
E01003858,Richmond upon Thames,Criminal Damage,Criminal Damage To Other Building,0,2013,4
E01004638,Wandsworth,Robbery,Personal Property,0,2012,3
E01004118,Sutton,Criminal Damage,Criminal Damage To Dwelling,0,2016,7
E01004140,Sutton,Drugs,Drug Trafficking,0,2009,2
E01002350,Havering,Theft and Handling,Handling Stolen Goods,0,2010,8
E01002140,Harrow,Theft and Handling,Handling Stolen Goods,0,2015,8
E01000642,Brent,Violence Against the Person,Offensive Weapon,0,2015,7
E01003792,Redbridge,Criminal Damage,Criminal Damage To Motor Vehicle,0,2016,6
E01000760,Bromley,Violence Against the Person,Other violence,0,2008,12
E01001870,Hammersmith and Fulham,Theft and Handling,Theft/Taking Of Motor Vehicle,0,2011,4
E01004425,Waltham Forest,Fraud or Forgery,Counted per Victim,0,2013,3
E01002175,Harrow,Burglary,Burglary in Other Buildings,0,2013,5
E01001303,Ealing,Burglary,Burglary in a Dwelling,3,2010,10
E01003262,Lewisham,Burglary,Burglary in a Dwelling,0,2008,9
E01001178,Croydon,Theft and Handling,Handling Stolen Goods,0,2011,1
E01002660,Hounslow,Theft and Handling,Theft From Shops,0,2011,8
E01004563,Wandsworth,Violence Against the Person,Wounding/GBH,1,2013,2
E01002675,Hounslow,Theft and Handling,Other Theft Person,0,2013,12
E01000491,Brent,Robbery,Business Property,0,2016,8
E01000391,Bexley,Criminal Damage,Criminal Damage To Motor Vehicle,1,2016,11
E01004410,Waltham Forest,Other Notifiable Offences,Other Notifiable,0,2013,12
E01002982,Kingston upon Thames,Other Notifiable Offences,Going Equipped,0,2009,2
E01002729,Islington,Theft and Handling,Theft/Taking Of Motor Vehicle,1,2008,1
E01003023,Lambeth,Theft and Handling,Theft From Shops,2,2009,7
E01001377,Ealing,Robbery,Business Property,0,2008,3
E01000528,Brent,Drugs,Drug Trafficking,1,2012,10
E01003286,Lewisham,Violence Against the Person,Harassment,0,2010,10
E01000963,Camden,Theft and Handling,Theft/Taking Of Motor Vehicle,2,2016,10
E01002560,Hounslow,Criminal Damage,Other Criminal Damage,1,2010,9
E01003007,Kingston upon Thames,Theft and Handling,Theft From Shops,0,2011,12
E01003497,Newham,Drugs,Possession Of Drugs,1,2015,6
E01001711,Greenwich,Other Notifiable Offences,Other Notifiable,0,2014,8
E01001445,Enfield,Violence Against the Person,Assault with Injury,3,2014,8
E01000973,Camden,Violence Against the Person,Other violence,0,2016,11
E01000999,Croydon,Theft and Handling,Other Theft Person,0,2009,7
E01001435,Enfield,Violence Against the Person,Common Assault,0,2010,10
E01002970,Kingston upon Thames,Theft and Handling,Motor Vehicle Interference & Tampering,0,2009,1
E01004401,Waltham Forest,Theft and Handling,Other Theft,3,2010,4
E01004649,Westminster,Theft and Handling,Handling Stolen Goods,0,2011,8
E01002624,Hounslow,Violence Against the Person,Other violence,1,2013,4
E01002606,Hounslow,Theft and Handling,Theft/Taking of Pedal Cycle,0,2008,11
E01000386,Bexley,Theft and Handling,Other Theft Person,0,2012,4
E01002189,Harrow,Other Notifiable Offences,Other Notifiable,0,2008,6
E01002907,Kensington and Chelsea,Theft and Handling,Motor Vehicle Interference & Tampering,0,2013,5
E01004110,Sutton,Theft and Handling,Motor Vehicle Interference & Tampering,0,2012,8
E01004059,Southwark,Violence Against the Person,Harassment,1,2009,7
E01003299,Lewisham,Theft and Handling,Other Theft,2,2009,10
E01000927,Camden,Violence Against the Person,Offensive Weapon,0,2008,1
E01032740,City of London,Criminal Damage,Criminal Damage To Other Building,0,2015,10
E01000110,Barking and Dagenham,Theft and Handling,Handling Stolen Goods,0,2015,10
E01003145,Lambeth,Theft and Handling,Theft From Shops,0,2008,3
E01004526,Wandsworth,Violence Against the Person,Wounding/GBH,0,2016,5
E01000561,Brent,Criminal Damage,Criminal Damage To Other Building,0,2011,2
E01002257,Havering,Violence Against the Person,Assault with Injury,0,2012,9
E01004365,Waltham Forest,Burglary,Burglary in Other Buildings,0,2015,8
E01003205,Lewisham,Theft and Handling,Theft/Taking Of Motor Vehicle,1,2008,9
E01002358,Havering,Theft and Handling,Other Theft,2,2014,5
E01003725,Redbridge,Criminal Damage,Criminal Damage To Dwelling,0,2009,5
E01003232,Lewisham,Drugs,Possession Of Drugs,0,2012,3
E01000567,Brent,Theft and Handling,Theft/Taking of Pedal Cycle,0,2010,8
E01003881,Richmond upon Thames,Violence Against the Person,Harassment,0,2015,11
E01004160,Sutton,Violence Against the Person,Other violence,0,2013,11
E01003971,Southwark,Theft and Handling,Theft/Taking of Pedal Cycle,0,2012,2
E01000927,Camden,Violence Against the Person,Harassment,0,2016,4
E01001750,Hackney,Criminal Damage,Criminal Damage To Other Building,0,2015,2
E01002031,Haringey,Violence Against the Person,Wounding/GBH,0,2008,1
E01001880,Hammersmith and Fulham,Violence Against the Person,Harassment,3,2016,10
E01004580,Wandsworth,Sexual Offences,Rape,0,2011,3
E01003445,Merton,Robbery,Personal Property,0,2016,11
E01002398,Hillingdon,Robbery,Business Property,0,2015,4
E01002431,Hillingdon,Criminal Damage,Criminal Damage To Other Building,0,2015,11
E01003241,Lewisham,Drugs,Possession Of Drugs,0,2015,2
E01000671,Bromley,Criminal Damage,Criminal Damage To Dwelling,0,2013,7
E01004117,Sutton,Theft and Handling,Motor Vehicle Interference & Tampering,0,2008,6
E01001399,Enfield,Violence Against the Person,Assault with Injury,1,2014,7
E01002056,Haringey,Criminal Damage,Criminal Damage To Other Building,0,2009,5
E01003168,Lambeth,Theft and Handling,Theft From Shops,0,2013,7
E01001277,Ealing,Drugs,Other Drugs,0,2015,10
E01033579,Newham,Theft and Handling,Handling Stolen Goods,0,2010,3
E01000800,Bromley,Theft and Handling,Other Theft,0,2008,8
E01004609,Wandsworth,Theft and Handling,Motor Vehicle Interference & Tampering,0,2013,9
E01001017,Croydon,Criminal Damage,Other Criminal Damage,1,2010,11
E01003121,Lambeth,Theft and Handling,Theft From Motor Vehicle,0,2014,4
E01003159,Lambeth,Theft and Handling,Theft From Shops,0,2011,3
E01000581,Brent,Violence Against the Person,Offensive Weapon,0,2013,6
E01003017,Lambeth,Violence Against the Person,Other violence,0,2015,4
E01000998,Croydon,Violence Against the Person,Harassment,1,2011,12
E01001900,Hammersmith and Fulham,Violence Against the Person,Harassment,5,2011,10
E01003013,Lambeth,Fraud or Forgery,Counted per Victim,0,2008,10
E01002729,Islington,Other Notifiable Offences,Other Notifiable,1,2009,12
E01002908,Kensington and Chelsea,Violence Against the Person,Wounding/GBH,0,2013,4
E01003566,Newham,Violence Against the Person,Common Assault,0,2008,10
E01000323,Barnet,Theft and Handling,Theft/Taking Of Motor Vehicle,1,2012,3
E01000239,Barnet,Burglary,Burglary in Other Buildings,3,2016,5
E01002946,Kingston upon Thames,Drugs,Possession Of Drugs,0,2016,8
E01000072,Barking and Dagenham,Drugs,Drug Trafficking,0,2008,2
E01004075,Southwark,Criminal Damage,Criminal Damage To Motor Vehicle,0,2008,6
E01000709,Bromley,Theft and Handling,Theft/Taking Of Motor Vehicle,0,2010,1
E01003346,Lewisham,Burglary,Burglary in Other Buildings,0,2014,11
E01002966,Kingston upon Thames,Theft and Handling,Motor Vehicle Interference & Tampering,0,2012,7
E01004399,Waltham Forest,Theft and Handling,Theft/Taking Of Motor Vehicle,0,2009,9
E01004128,Sutton,Theft and Handling,Other Theft,2,2016,3
E01004338,Waltham Forest,Theft and Handling,Theft/Taking of Pedal Cycle,0,2011,6
E01000053,Barking and Dagenham,Theft and Handling,Handling Stolen Goods,0,2012,12
E01002509,Hillingdon,Burglary,Burglary in Other Buildings,1,2014,10
E01000137,Barnet,Violence Against the Person,Assault with Injury,0,2009,3
E01004467,Waltham Forest,Criminal Damage,Criminal Damage To Other Building,0,2008,5
E01002015,Haringey,Theft and Handling,Other Theft,0,2010,8
E01000117,Barnet,Criminal Damage,Criminal Damage To Dwelling,1,2012,8
E01004249,Tower Hamlets,Burglary,Burglary in Other Buildings,0,2011,6
E01002050,Haringey,Violence Against the Person,Assault with Injury,0,2014,9
E01003975,Southwark,Violence Against the Person,Harassment,2,2012,11
E01004631,Wandsworth,Violence Against the Person,Assault with Injury,1,2010,3
E01003989,Southwark,Violence Against the Person,Wounding/GBH,1,2011,9
E01004546,Wandsworth,Theft and Handling,Motor Vehicle Interference & Tampering,0,2009,5
E01002634,Hounslow,Drugs,Possession Of Drugs,1,2009,2
E01003705,Redbridge,Criminal Damage,Criminal Damage To Motor Vehicle,2,2010,9
E01001403,Enfield,Other Notifiable Offences,Other Notifiable,0,2008,7
E01001855,Hammersmith and Fulham,Theft and Handling,Other Theft,1,2016,2
E01002016,Haringey,Criminal Damage,Other Criminal Damage,0,2008,8
E01001084,Croydon,Theft and Handling,Theft From Shops,0,2014,8
E01001808,Hackney,Criminal Damage,Criminal Damage To Dwelling,0,2009,12
E01003302,Lewisham,Theft and Handling,Theft From Shops,0,2008,9
E01001007,Croydon,Drugs,Drug Trafficking,0,2016,3
E01001057,Croydon,Theft and Handling,Other Theft Person,0,2016,11
E01004734,Westminster,Theft and Handling,Theft/Taking of Pedal Cycle,9,2008,8
E01000125,Barnet,Violence Against the Person,Harassment,2,2011,9
E01000685,Bromley,Robbery,Personal Property,0,2013,4
E01000668,Bromley,Violence Against the Person,Assault with Injury,0,2012,12
E01000764,Bromley,Theft and Handling,Motor Vehicle Interference & Tampering,0,2008,11
E01001722,Hackney,Violence Against the Person,Wounding/GBH,0,2011,9
E01001591,Greenwich,Theft and Handling,Theft From Shops,1,2010,3
E01000525,Brent,Drugs,Possession Of Drugs,5,2011,6
E01003734,Redbridge,Criminal Damage,Criminal Damage To Other Building,0,2015,11
E01003460,Merton,Criminal Damage,Criminal Damage To Dwelling,0,2011,1
E01002568,Hounslow,Violence Against the Person,Assault with Injury,1,2008,10
E01004195,Sutton,Other Notifiable Offences,Other Notifiable,0,2014,1
E01001262,Ealing,Theft and Handling,Other Theft,0,2014,2
E01003806,Richmond upon Thames,Burglary,Burglary in Other Buildings,4,2011,5
E01003393,Merton,Criminal Damage,Criminal Damage To Motor Vehicle,2,2008,3
E01001085,Croydon,Theft and Handling,Theft/Taking of Pedal Cycle,1,2013,12
E01000823,Bromley,Criminal Damage,Other Criminal Damage,0,2016,4
E01004057,Southwark,Burglary,Burglary in a Dwelling,1,2010,5
E01000394,Bexley,Theft and Handling,Other Theft Person,0,2010,8
E01004497,Wandsworth,Robbery,Business Property,0,2008,9
E01003273,Lewisham,Theft and Handling,Theft From Shops,0,2016,8
E01000553,Brent,Fraud or Forgery,Counted per Victim,0,2013,9
E01001744,Hackney,Theft and Handling,Theft From Motor Vehicle,3,2010,7
E01002242,Harrow,Violence Against the Person,Wounding/GBH,0,2016,1
E01000138,Barnet,Theft and Handling,Other Theft Person,0,2015,10
E01000943,Camden,Theft and Handling,Theft From Motor Vehicle,0,2012,9
E01003877,Richmond upon Thames,Criminal Damage,Criminal Damage To Motor Vehicle,1,2011,3
E01002186,Harrow,Drugs,Possession Of Drugs,0,2010,12
E01003980,Southwark,Other Notifiable Offences,Other Notifiable,1,2012,4
E01004640,Wandsworth,Violence Against the Person,Common Assault,0,2011,4
E01003449,Merton,Burglary,Burglary in a Dwelling,0,2014,2
E01003340,Lewisham,Violence Against the Person,Other violence,1,2010,1
E01001048,Croydon,Theft and Handling,Theft From Motor Vehicle,3,2010,10
E01002216,Harrow,Violence Against the Person,Harassment,0,2008,2
E01000516,Brent,Burglary,Burglary in Other Buildings,0,2015,3
E01003703,Redbridge,Criminal Damage,Criminal Damage To Motor Vehicle,0,2011,7
E01004667,Westminster,Violence Against the Person,Assault with Injury,1,2008,6
E01003761,Redbridge,Theft and Handling,Theft From Motor Vehicle,2,2009,12
E01000920,Camden,Violence Against the Person,Common Assault,0,2014,5
E01000548,Brent,Violence Against the Person,Wounding/GBH,1,2016,6
E01001807,Hackney,Theft and Handling,Theft/Taking Of Motor Vehicle,0,2015,10
E01000899,Camden,Other Notifiable Offences,Other Notifiable,0,2011,7
E01004156,Sutton,Criminal Damage,Other Criminal Damage,0,2015,1
E01000422,Bexley,Theft and Handling,Other Theft,0,2015,11
E01002641,Hounslow,Violence Against the Person,Assault with Injury,3,2008,1
E01003665,Redbridge,Drugs,Possession Of Drugs,0,2009,8
E01001115,Croydon,Theft and Handling,Motor Vehicle Interference & Tampering,0,2016,4
E01000519,Brent,Theft and Handling,Motor Vehicle Interference & Tampering,0,2008,8
E01001777,Hackney,Drugs,Possession Of Drugs,2,2011,7
E01001382,Ealing,Theft and Handling,Theft From Motor Vehicle,1,2015,2
E01002892,Kensington and Chelsea,Burglary,Burglary in a Dwelling,2,2016,6
E01001175,Croydon,Criminal Damage,Criminal Damage To Other Building,1,2012,7
E01001917,Hammersmith and Fulham,Violence Against the Person,Assault with Injury,0,2010,5
E01000919,Camden,Theft and Handling,Motor Vehicle Interference & Tampering,0,2009,2
E01003089,Lambeth,Violence Against the Person,Wounding/GBH,2,2009,2
E01002920,Kingston upon Thames,Violence Against the Person,Assault with Injury,0,2013,5
E01000823,Bromley,Theft and Handling,Theft From Shops,0,2016,12
E01001154,Croydon,Other Notifiable Offences,Going Equipped,0,2009,5
E01000854,Camden,Violence Against the Person,Other violence,0,2013,2
E01002709,Islington,Theft and Handling,Handling Stolen Goods,0,2009,4
E01000134,Barnet,Violence Against the Person,Common Assault,0,2010,10
E01003810,Richmond upon Thames,Violence Against the Person,Other violence,0,2009,9
E01000139,Barnet,Theft and Handling,Other Theft,0,2010,8
E01003810,Richmond upon Thames,Criminal Damage,Criminal Damage To Dwelling,0,2014,4
E01004450,Waltham Forest,Violence Against the Person,Offensive Weapon,0,2013,12
E01000602,Brent,Theft and Handling,Theft/Taking Of Motor Vehicle,0,2011,8
E01003774,Redbridge,Theft and Handling,Other Theft,0,2013,11
E01001593,Greenwich,Criminal Damage,Criminal Damage To Other Building,0,2016,4
E01000481,Brent,Burglary,Burglary in Other Buildings,0,2015,10
E01003905,Richmond upon Thames,Drugs,Drug Trafficking,0,2015,11
E01003041,Lambeth,Criminal Damage,Criminal Damage To Dwelling,1,2009,9
E01003970,Southwark,Theft and Handling,Theft/Taking of Pedal Cycle,1,2011,10
E01001563,Enfield,Theft and Handling,Theft From Shops,0,2009,7
E01001365,Ealing,Other Notifiable Offences,Going Equipped,0,2012,11
E01001154,Croydon,Drugs,Drug Trafficking,0,2011,5
E01003450,Merton,Theft and Handling,Other Theft Person,0,2014,10
E01003827,Richmond upon Thames,Violence Against the Person,Wounding/GBH,0,2012,9
E01003392,Merton,Violence Against the Person,Assault with Injury,1,2014,5
E01000293,Barnet,Violence Against the Person,Wounding/GBH,0,2011,4
E01004585,Wandsworth,Violence Against the Person,Offensive Weapon,0,2009,4
E01004492,Wandsworth,Theft and Handling,Handling Stolen Goods,0,2016,6
E01000622,Brent,Criminal Damage,Other Criminal Damage,0,2012,8
E01002359,Havering,Violence Against the Person,Harassment,0,2012,5
E01001220,Ealing,Fraud or Forgery,Counted per Victim,0,2015,5
E01002083,Haringey,Violence Against the Person,Assault with Injury,0,2013,4
E01001651,Greenwich,Theft and Handling,Other Theft,1,2013,10
E01000409,Bexley,Theft and Handling,Motor Vehicle Interference & Tampering,0,2010,11
E01002611,Hounslow,Theft and Handling,Theft/Taking of Pedal Cycle,1,2010,6
E01002269,Havering,Violence Against the Person,Murder,0,2009,11
E01002739,Islington,Violence Against the Person,Offensive Weapon,0,2013,12
E01004293,Tower Hamlets,Robbery,Personal Property,0,2011,2
E01001300,Ealing,Violence Against the Person,Common Assault,0,2011,5
E01004361,Waltham Forest,Theft and Handling,Theft From Motor Vehicle,1,2013,8
E01004021,Southwark,Violence Against the Person,Common Assault,0,2016,8
E01001376,Ealing,Violence Against the Person,Assault with Injury,2,2014,11
E01000031,Barking and Dagenham,Drugs,Drug Trafficking,0,2009,2
E01003617,Newham,Criminal Damage,Criminal Damage To Dwelling,0,2012,12
E01002506,Hillingdon,Criminal Damage,Criminal Damage To Motor Vehicle,1,2016,7
E01001538,Enfield,Violence Against the Person,Harassment,0,2013,4
E01001908,Hammersmith and Fulham,Drugs,Drug Trafficking,0,2011,1
E01003112,Lambeth,Burglary,Burglary in a Dwelling,0,2008,5
E01000337,Bexley,Criminal Damage,Other Criminal Damage,0,2009,3
E01002445,Hillingdon,Criminal Damage,Criminal Damage To Dwelling,3,2008,6
E01001870,Hammersmith and Fulham,Robbery,Personal Property,0,2016,7
E01000439,Bexley,Theft and Handling,Motor Vehicle Interference & Tampering,0,2009,3
E01001006,Croydon,Criminal Damage,Criminal Damage To Dwelling,1,2016,2
E01000912,Camden,Theft and Handling,Theft/Taking of Pedal Cycle,0,2015,8
E01000877,Camden,Violence Against the Person,Other violence,0,2010,2
E01000931,Camden,Criminal Damage,Criminal Damage To Dwelling,0,2016,7
E01001408,Enfield,Robbery,Business Property,0,2010,9
E01002077,Haringey,Theft and Handling,Handling Stolen Goods,0,2011,4
E01000799,Bromley,Drugs,Other Drugs,0,2012,7
E01001794,Hackney,Violence Against the Person,Wounding/GBH,0,2008,1
E01000224,Barnet,Violence Against the Person,Common Assault,0,2014,11
E01002879,Kensington and Chelsea,Violence Against the Person,Offensive Weapon,0,2010,11
E01000848,Camden,Other Notifiable Offences,Other Notifiable,0,2012,1
E01001593,Greenwich,Burglary,Burglary in Other Buildings,1,2008,1
E01003094,Lambeth,Criminal Damage,Criminal Damage To Dwelling,0,2010,4
E01000610,Brent,Robbery,Personal Property,0,2016,2
E01001687,Greenwich,Criminal Damage,Other Criminal Damage,0,2014,11
E01002398,Hillingdon,Sexual Offences,Other Sexual,0,2009,7
E01001823,Hackney,Violence Against the Person,Murder,0,2010,6
E01004281,Tower Hamlets,Other Notifiable Offences,Going Equipped,0,2012,9
E01004662,Westminster,Criminal Damage,Criminal Damage To Motor Vehicle,5,2008,1
E01000875,Camden,Violence Against the Person,Harassment,0,2014,11
E01004261,Tower Hamlets,Other Notifiable Offences,Going Equipped,0,2014,6
E01001719,Hackney,Burglary,Burglary in a Dwelling,1,2012,8
E01001027,Croydon,Violence Against the Person,Other violence,0,2008,7
E01003170,Lambeth,Theft and Handling,Theft/Taking Of Motor Vehicle,0,2011,1
E01001550,Enfield,Violence Against the Person,Wounding/GBH,0,2008,6
E01000914,Camden,Robbery,Business Property,0,2015,3
E01003156,Lambeth,Sexual Offences,Other Sexual,0,2015,3
E01000736,Bromley,Violence Against the Person,Harassment,0,2011,10
E01004749,Westminster,Violence Against the Person,Harassment,4,2015,9
E01003502,Newham,Violence Against the Person,Harassment,2,2014,12
E01001953,Hammersmith and Fulham,Robbery,Business Property,0,2012,3
E01000564,Brent,Fraud or Forgery,Counted per Victim,0,2016,6
E01003409,Merton,Sexual Offences,Other Sexual,0,2009,9
E01001955,Hammersmith and Fulham,Theft and Handling,Theft/Taking Of Motor Vehicle,0,2009,6
E01002079,Haringey,Fraud or Forgery,Other Fraud & Forgery,0,2011,12
E01002715,Islington,Burglary,Burglary in a Dwelling,0,2009,2
E01001802,Hackney,Other Notifiable Offences,Other Notifiable,0,2015,3
E01002724,Islington,Violence Against the Person,Common Assault,1,2010,2
E01000757,Bromley,Drugs,Possession Of Drugs,0,2013,9
E01002326,Havering,Robbery,Business Property,0,2012,1
E01000725,Bromley,Theft and Handling,Other Theft Person,0,2013,10
E01004307,Tower Hamlets,Burglary,Burglary in a Dwelling,0,2011,2
E01004709,Westminster,Robbery,Business Property,0,2016,5
E01003829,Richmond upon Thames,Criminal Damage,Criminal Damage To Other Building,0,2013,3
E01032779,Tower Hamlets,Violence Against the Person,Assault with Injury,0,2009,9
E01000858,Camden,Violence Against the Person,Wounding/GBH,1,2011,10
E01001504,Enfield,Violence Against the Person,Common Assault,0,2010,1
E01003196,Lewisham,Theft and Handling,Theft From Shops,0,2011,9
E01033100,Wandsworth,Theft and Handling,Motor Vehicle Interference & Tampering,0,2008,6
E01003199,Lewisham,Theft and Handling,Motor Vehicle Interference & Tampering,0,2009,9
E01002557,Hounslow,Theft and Handling,Theft From Shops,1,2016,7
E01004762,Westminster,Criminal Damage,Criminal Damage To Motor Vehicle,2,2016,4
E01003120,Lambeth,Drugs,Other Drugs,0,2010,5
E01004632,Wandsworth,Violence Against the Person,Other violence,0,2008,1
E01004222,Tower Hamlets,Burglary,Burglary in a Dwelling,0,2011,8
E01004246,Tower Hamlets,Criminal Damage,Criminal Damage To Other Building,3,2013,3
E01001299,Ealing,Criminal Damage,Criminal Damage To Dwelling,0,2013,8
E01001982,Haringey,Violence Against the Person,Harassment,0,2008,7
E01001699,Greenwich,Criminal Damage,Other Criminal Damage,0,2016,8
E01033148,Enfield,Theft and Handling,Other Theft,1,2016,6
E01002067,Haringey,Theft and Handling,Other Theft,1,2015,8
E01033584,Newham,Violence Against the Person,Harassment,1,2015,10
E01003001,Kingston upon Thames,Drugs,Drug Trafficking,0,2012,7
E01004212,Tower Hamlets,Other Notifiable Offences,Going Equipped,0,2008,12
E01001679,Greenwich,Theft and Handling,Other Theft Person,0,2010,9
E01004666,Westminster,Other Notifiable Offences,Other Notifiable,1,2015,1
E01003936,Southwark,Theft and Handling,Handling Stolen Goods,0,2012,5
E01003373,Merton,Violence Against the Person,Other violence,1,2009,9
E01000260,Barnet,Theft and Handling,Other Theft,9,2013,1
E01001800,Hackney,Theft and Handling,Theft From Shops,3,2014,4
E01000336,Bexley,Fraud or Forgery,Counted per Victim,0,2013,2
E01003341,Lewisham,Violence Against the Person,Common Assault,0,2012,11
E01004512,Wandsworth,Drugs,Drug Trafficking,0,2015,12
E01000744,Bromley,Violence Against the Person,Common Assault,2,2009,7
E01001447,Enfield,Drugs,Possession Of Drugs,0,2016,5
E01002355,Havering,Theft and Handling,Theft/Taking Of Motor Vehicle,0,2010,4
E01004429,Waltham Forest,Other Notifiable Offences,Other Notifiable,0,2012,4
E01001802,Hackney,Theft and Handling,Other Theft Person,0,2016,3
E01002558,Hounslow,Theft and Handling,Other Theft Person,0,2009,12
E01002471,Hillingdon,Criminal Damage,Criminal Damage To Other Building,1,2012,8
E01004078,Sutton,Theft and Handling,Other Theft,5,2015,9
E01000646,Bromley,Criminal Damage,Criminal Damage To Other Building,0,2013,7
E01001859,Hammersmith and Fulham,Violence Against the Person,Harassment,2,2015,10
E01004754,Westminster,Theft and Handling,Motor Vehicle Interference & Tampering,0,2013,12
E01003287,Lewisham,Robbery,Personal Property,0,2010,1
E01003957,Southwark,Theft and Handling,Motor Vehicle Interference & Tampering,1,2016,2
E01000884,Camden,Theft and Handling,Other Theft,0,2015,6
E01001882,Hammersmith and Fulham,Violence Against the Person,Harassment,1,2014,3
E01004646,Westminster,Burglary,Burglary in Other Buildings,0,2013,12
E01000208,Barnet,Theft and Handling,Motor Vehicle Interference & Tampering,1,2008,4
E01001833,Hackney,Violence Against the Person,Wounding/GBH,0,2010,4
E01001943,Hammersmith and Fulham,Theft and Handling,Other Theft,51,2014,1
E01000870,Camden,Violence Against the Person,Assault with Injury,2,2009,1
E01001265,Ealing,Criminal Damage,Other Criminal Damage,0,2014,3
E01000116,Barnet,Theft and Handling,Handling Stolen Goods,0,2010,12
E01001850,Hackney,Robbery,Business Property,0,2012,5
E01002170,Harrow,Theft and Handling,Other Theft,0,2013,8
E01002011,Haringey,Violence Against the Person,Assault with Injury,1,2014,3
E01000206,Barnet,Criminal Damage,Criminal Damage To Other Building,0,2011,8
E01000901,Camden,Violence Against the Person,Offensive Weapon,0,2012,3
E01002336,Havering,Criminal Damage,Criminal Damage To Other Building,0,2013,6
E01004275,Tower Hamlets,Robbery,Personal Property,0,2012,11
E01004601,Wandsworth,Criminal Damage,Criminal Damage To Motor Vehicle,0,2014,7
E01002375,Havering,Drugs,Possession Of Drugs,1,2014,3
E01003125,Lambeth,Theft and Handling,Theft From Motor Vehicle,1,2010,4
E01000853,Camden,Criminal Damage,Other Criminal Damage,0,2009,10
E01001246,Ealing,Criminal Damage,Criminal Damage To Motor Vehicle,2,2014,1
E01002487,Hillingdon,Violence Against the Person,Common Assault,0,2016,7
E01000704,Bromley,Criminal Damage,Criminal Damage To Other Building,0,2016,10
E01002031,Haringey,Theft and Handling,Theft From Motor Vehicle,1,2015,1
E01004018,Southwark,Other Notifiable Offences,Going Equipped,0,2009,3
E01002422,Hillingdon,Robbery,Personal Property,0,2009,12
E01003482,Newham,Robbery,Business Property,2,2013,8
E01002757,Islington,Criminal Damage,Criminal Damage To Dwelling,1,2012,12
E01032770,Tower Hamlets,Theft and Handling,Other Theft,1,2012,2
E01003604,Newham,Theft and Handling,Other Theft,4,2009,5
E01000228,Barnet,Violence Against the Person,Other violence,0,2011,4
E01002606,Hounslow,Theft and Handling,Theft From Shops,0,2011,2
E01000042,Barking and Dagenham,Violence Against the Person,Assault with Injury,1,2012,5
E01000569,Brent,Burglary,Burglary in Other Buildings,0,2012,1
E01001535,Enfield,Fraud or Forgery,Other Fraud & Forgery,0,2012,10
E01002038,Haringey,Drugs,Other Drugs,0,2016,4
E01000219,Barnet,Robbery,Business Property,0,2011,7
E01000454,Bexley,Drugs,Drug Trafficking,0,2010,4
E01001910,Hammersmith and Fulham,Sexual Offences,Other Sexual,0,2010,6
E01002554,Hillingdon,Violence Against the Person,Assault with Injury,2,2012,3
E01000792,Bromley,Burglary,Burglary in a Dwelling,1,2016,7
E01000530,Brent,Other Notifiable Offences,Other Notifiable,0,2008,1
E01004613,Wandsworth,Other Notifiable Offences,Going Equipped,0,2010,11
E01001221,Ealing,Violence Against the Person,Assault with Injury,3,2013,6
E01002188,Harrow,Other Notifiable Offences,Other Notifiable,0,2015,7
E01004010,Southwark,Theft and Handling,Motor Vehicle Interference & Tampering,0,2016,8
E01002993,Kingston upon Thames,Theft and Handling,Theft/Taking of Pedal Cycle,0,2016,9
E01000719,Bromley,Other Notifiable Offences,Other Notifiable,0,2009,10
E01004100,Sutton,Theft and Handling,Other Theft,1,2015,7
E01003804,Richmond upon Thames,Criminal Damage,Other Criminal Damage,0,2008,1
E01004476,Wandsworth,Robbery,Personal Property,0,2016,12
E01000520,Brent,Criminal Damage,Criminal Damage To Other Building,0,2009,11
E01001167,Croydon,Other Notifiable Offences,Other Notifiable,0,2010,4
E01003044,Lambeth,Theft and Handling,Other Theft Person,0,2013,11
E01001192,Croydon,Violence Against the Person,Offensive Weapon,0,2010,2
E01002862,Kensington and Chelsea,Burglary,Burglary in a Dwelling,0,2015,5
E01002932,Kingston upon Thames,Criminal Damage,Criminal Damage To Dwelling,1,2011,1
E01002284,Havering,Burglary,Burglary in a Dwelling,0,2015,3
E01001090,Croydon,Drugs,Possession Of Drugs,1,2008,2
E01000570,Brent,Drugs,Possession Of Drugs,0,2009,6
E01004345,Waltham Forest,Drugs,Possession Of Drugs,0,2011,9
E01000722,Bromley,Drugs,Possession Of Drugs,1,2010,10
E01003255,Lewisham,Theft and Handling,Other Theft,3,2010,2
E01000471,Brent,Criminal Damage,Other Criminal Damage,0,2014,4
E01033701,Hackney,Robbery,Business Property,0,2011,12
E01003285,Lewisham,Drugs,Other Drugs,0,2013,10
E01001389,Ealing,Theft and Handling,Other Theft,4,2011,1
E01003608,Newham,Violence Against the Person,Offensive Weapon,0,2010,11
E01002485,Hillingdon,Theft and Handling,Other Theft Person,0,2016,6
E01001007,Croydon,Violence Against the Person,Other violence,0,2012,5
E01000706,Bromley,Violence Against the Person,Harassment,0,2015,6
E01000707,Bromley,Criminal Damage,Other Criminal Damage,0,2008,12
E01004712,Westminster,Theft and Handling,Theft From Motor Vehicle,3,2010,10
E01004310,Tower Hamlets,Violence Against the Person,Wounding/GBH,0,2012,12
E01003126,Lambeth,Violence Against the Person,Assault with Injury,1,2008,12
E01002174,Harrow,Theft and Handling,Theft From Motor Vehicle,0,2014,7
E01004545,Wandsworth,Theft and Handling,Other Theft,5,2010,4
E01004138,Sutton,Violence Against the Person,Common Assault,1,2015,5
E01001570,Enfield,Theft and Handling,Theft From Motor Vehicle,2,2008,10
E01001116,Croydon,Theft and Handling,Handling Stolen Goods,0,2016,8
E01001483,Enfield,Violence Against the Person,Assault with Injury,0,2012,2
E01000952,Camden,Violence Against the Person,Offensive Weapon,0,2013,1
E01001466,Enfield,Theft and Handling,Handling Stolen Goods,0,2012,10
E01003744,Redbridge,Criminal Damage,Criminal Damage To Motor Vehicle,0,2014,4
E01004376,Waltham Forest,Violence Against the Person,Common Assault,1,2012,8
E01002577,Hounslow,Theft and Handling,Other Theft,3,2008,6
E01001623,Greenwich,Theft and Handling,Motor Vehicle Interference & Tampering,0,2014,12
E01001269,Ealing,Other Notifiable Offences,Other Notifiable,0,2011,12
E01003522,Newham,Theft and Handling,Theft From Motor Vehicle,0,2009,7
E01002145,Harrow,Other Notifiable Offences,Going Equipped,0,2016,10
E01002508,Hillingdon,Other Notifiable Offences,Other Notifiable,0,2015,2
E01001631,Greenwich,Violence Against the Person,Harassment,1,2015,3
E01001406,Enfield,Violence Against the Person,Harassment,0,2008,12
E01002109,Harrow,Burglary,Burglary in a Dwelling,5,2012,1
E01003607,Newham,Theft and Handling,Other Theft,1,2014,2
E01033576,Newham,Drugs,Possession Of Drugs,0,2012,4
E01004042,Southwark,Theft and Handling,Other Theft,1,2012,7
E01003409,Merton,Drugs,Possession Of Drugs,1,2012,2
E01001609,Greenwich,Drugs,Other Drugs,0,2009,8
E01000099,Barking and Dagenham,Theft and Handling,Other Theft Person,0,2008,2
E01004442,Waltham Forest,Burglary,Burglary in a Dwelling,0,2011,12
E01004458,Waltham Forest,Violence Against the Person,Assault with Injury,0,2013,7
E01004057,Southwark,Theft and Handling,Theft From Shops,0,2010,4
E01003979,Southwark,Burglary,Burglary in Other Buildings,0,2016,12
E01002590,Hounslow,Burglary,Burglary in a Dwelling,1,2008,1
E01002694,Islington,Criminal Damage,Criminal Damage To Dwelling,1,2010,10
E01001747,Hackney,Theft and Handling,Theft/Taking of Pedal Cycle,0,2012,2
E01002191,Harrow,Criminal Damage,Other Criminal Damage,0,2015,3
E01003384,Merton,Violence Against the Person,Assault with Injury,1,2008,7
E01003136,Lambeth,Robbery,Personal Property,1,2009,6
E01000316,Barnet,Theft and Handling,Theft From Motor Vehicle,4,2008,11
E01000001,City of London,Theft and Handling,Theft/Taking of Pedal Cycle,0,2013,4
E01003655,Redbridge,Violence Against the Person,Other violence,0,2010,9
E01000845,Camden,Violence Against the Person,Other violence,0,2014,3
E01033341,Lewisham,Theft and Handling,Theft From Motor Vehicle,0,2014,6
E01000725,Bromley,Burglary,Burglary in Other Buildings,0,2011,4
E01002077,Haringey,Other Notifiable Offences,Going Equipped,0,2016,10
E01003336,Lewisham,Criminal Damage,Other Criminal Damage,0,2016,12
E01000733,Bromley,Theft and Handling,Motor Vehicle Interference & Tampering,0,2014,8
E01004010,Southwark,Burglary,Burglary in a Dwelling,0,2010,7
E01001866,Hammersmith and Fulham,Criminal Damage,Criminal Damage To Other Building,0,2014,9
E01001710,Greenwich,Theft and Handling,Theft From Shops,0,2008,8
E01000236,Barnet,Criminal Damage,Criminal Damage To Motor Vehicle,0,2009,4
E01003063,Lambeth,Theft and Handling,Theft/Taking Of Motor Vehicle,0,2012,9
E01000812,Bromley,Other Notifiable Offences,Other Notifiable,0,2009,5
E01000428,Bexley,Violence Against the Person,Common Assault,3,2016,6
E01000663,Bromley,Theft and Handling,Other Theft Person,0,2016,3
E01000143,Barnet,Drugs,Drug Trafficking,0,2009,9
E01003311,Lewisham,Theft and Handling,Theft From Shops,0,2011,3
E01003036,Lambeth,Violence Against the Person,Offensive Weapon,0,2013,6
E01002054,Haringey,Theft and Handling,Handling Stolen Goods,0,2010,5
E01003430,Merton,Violence Against the Person,Offensive Weapon,0,2009,9
E01004281,Tower Hamlets,Theft and Handling,Theft From Motor Vehicle,0,2010,8
E01000928,Camden,Violence Against the Person,Assault with Injury,2,2011,10
E01001062,Croydon,Other Notifiable Offences,Going Equipped,0,2016,2
E01004731,Westminster,Theft and Handling,Handling Stolen Goods,0,2015,11
E01000458,Bexley,Criminal Damage,Criminal Damage To Motor Vehicle,1,2014,8
E01003795,Redbridge,Violence Against the Person,Harassment,0,2015,11
E01004525,Wandsworth,Theft and Handling,Theft From Motor Vehicle,2,2014,10
E01003738,Redbridge,Burglary,Burglary in a Dwelling,4,2008,11
E01003647,Redbridge,Drugs,Other Drugs,0,2014,9
E01004388,Waltham Forest,Violence Against the Person,Assault with Injury,0,2008,2
E01001128,Croydon,Burglary,Burglary in Other Buildings,0,2008,1
E01002081,Haringey,Violence Against the Person,Assault with Injury,3,2012,3
E01000870,Camden,Theft and Handling,Theft/Taking Of Motor Vehicle,0,2016,4
E01004074,Southwark,Other Notifiable Offences,Other Notifiable,0,2012,4
E01001560,Enfield,Theft and Handling,Other Theft,0,2014,1
E01004374,Waltham Forest,Criminal Damage,Other Criminal Damage,0,2013,5
E01002518,Hillingdon,Theft and Handling,Theft From Motor Vehicle,1,2014,2
E01002239,Harrow,Drugs,Possession Of Drugs,0,2013,6
E01002460,Hillingdon,Theft and Handling,Other Theft,3,2015,9
E01000617,Brent,Violence Against the Person,Other violence,0,2013,8
E01004619,Wandsworth,Theft and Handling,Handling Stolen Goods,0,2008,12
E01003743,Redbridge,Violence Against the Person,Harassment,0,2015,1
E01004414,Waltham Forest,Other Notifiable Offences,Other Notifiable,0,2014,4
E01004231,Tower Hamlets,Violence Against the Person,Assault with Injury,1,2013,12
E01000440,Bexley,Burglary,Burglary in a Dwelling,0,2013,6
E01003651,Redbridge,Theft and Handling,Other Theft Person,0,2010,2
E01004675,Westminster,Theft and Handling,Motor Vehicle Interference & Tampering,0,2012,11
E01003186,Lambeth,Theft and Handling,Theft From Motor Vehicle,0,2013,11
E01004145,Sutton,Violence Against the Person,Harassment,1,2012,9
E01004181,Sutton,Violence Against the Person,Other violence,0,2015,3
E01000966,Camden,Theft and Handling,Theft/Taking of Pedal Cycle,0,2010,11
E01001748,Hackney,Theft and Handling,Theft From Motor Vehicle,2,2016,12
E01002223,Harrow,Violence Against the Person,Assault with Injury,1,2009,3
E01033745,Greenwich,Theft and Handling,Theft/Taking Of Motor Vehicle,0,2011,5
E01004743,Westminster,Theft and Handling,Theft/Taking of Pedal Cycle,0,2011,6
E01000694,Bromley,Violence Against the Person,Offensive Weapon,0,2015,2
E01000402,Bexley,Criminal Damage,Criminal Damage To Other Building,0,2009,1
E01002724,Islington,Criminal Damage,Other Criminal Damage,2,2008,7
E01002666,Hounslow,Theft and Handling,Other Theft Person,0,2013,4
E01001880,Hammersmith and Fulham,Criminal Damage,Criminal Damage To Motor Vehicle,0,2011,2
E01003152,Lambeth,Violence Against the Person,Other violence,0,2014,7
E01003768,Redbridge,Robbery,Personal Property,0,2010,9
E01000761,Bromley,Theft and Handling,Theft From Motor Vehicle,4,2009,4
E01003079,Lambeth,Theft and Handling,Motor Vehicle Interference & Tampering,0,2010,11
E01001269,Ealing,Criminal Damage,Criminal Damage To Dwelling,0,2011,11
E01000078,Barking and Dagenham,Drugs,Possession Of Drugs,1,2013,9
E01001911,Hammersmith and Fulham,Violence Against the Person,Murder,0,2008,3
E01003794,Redbridge,Criminal Damage,Other Criminal Damage,1,2016,1
E01001701,Greenwich,Theft and Handling,Handling Stolen Goods,0,2010,3
E01001008,Croydon,Theft and Handling,Motor Vehicle Interference & Tampering,0,2011,5
E01001649,Greenwich,Criminal Damage,Other Criminal Damage,0,2011,6
E01004468,Waltham Forest,Theft and Handling,Theft From Motor Vehicle,6,2015,6
E01002924,Kingston upon Thames,Violence Against the Person,Offensive Weapon,0,2013,7
E01001543,Enfield,Violence Against the Person,Common Assault,0,2010,9
E01001696,Greenwich,Other Notifiable Offences,Other Notifiable,1,2015,8
E01001144,Croydon,Violence Against the Person,Assault with Injury,0,2008,12
E01033573,Barnet,Other Notifiable Offences,Other Notifiable,1,2015,12
E01003756,Redbridge,Violence Against the Person,Other violence,0,2015,11
E01002525,Hillingdon,Burglary,Burglary in a Dwelling,1,2013,2
E01002841,Kensington and Chelsea,Robbery,Personal Property,0,2011,3
E01002700,Islington,Theft and Handling,Other Theft Person,0,2011,7
E01002844,Kensington and Chelsea,Theft and Handling,Other Theft Person,0,2009,6
E01000898,Camden,Theft and Handling,Theft From Shops,1,2009,4
E01000356,Bexley,Other Notifiable Offences,Other Notifiable,0,2009,11
E01003608,Newham,Criminal Damage,Criminal Damage To Other Building,0,2012,10
E01004556,Wandsworth,Theft and Handling,Handling Stolen Goods,0,2009,7
E01003319,Lewisham,Violence Against the Person,Assault with Injury,0,2013,9
E01003888,Richmond upon Thames,Robbery,Business Property,0,2012,8
E01002889,Kensington and Chelsea,Burglary,Burglary in Other Buildings,1,2010,2
E01001356,Ealing,Violence Against the Person,Offensive Weapon,0,2012,5
E01004735,Westminster,Robbery,Personal Property,4,2009,11
E01000077,Barking and Dagenham,Violence Against the Person,Common Assault,2,2014,1
E01000163,Barnet,Theft and Handling,Theft From Shops,0,2010,6
E01001894,Hammersmith and Fulham,Violence Against the Person,Wounding/GBH,2,2013,5
E01002002,Haringey,Theft and Handling,Theft/Taking Of Motor Vehicle,0,2009,12
E01003116,Lambeth,Burglary,Burglary in Other Buildings,0,2012,7
E01002796,Islington,Violence Against the Person,Common Assault,0,2008,8
E01002462,Hillingdon,Criminal Damage,Criminal Damage To Motor Vehicle,0,2014,11
E01000354,Bexley,Theft and Handling,Motor Vehicle Interference & Tampering,0,2008,2
E01002360,Havering,Other Notifiable Offences,Other Notifiable,0,2015,10
E01003630,Newham,Other Notifiable Offences,Other Notifiable,0,2010,7
E01004617,Wandsworth,Other Notifiable Offences,Going Equipped,0,2010,10
E01002673,Hounslow,Violence Against the Person,Common Assault,1,2012,4
E01003230,Lewisham,Burglary,Burglary in a Dwelling,0,2009,12
E01003773,Redbridge,Theft and Handling,Handling Stolen Goods,0,2011,3
