E01003807,Richmond upon Thames,Other Notifiable Offences,Going Equipped,0,2009,3
E01000620,Brent,Criminal Damage,Criminal Damage To Dwelling,0,2015,1
E01001908,Hammersmith and Fulham,Theft and Handling,Other Theft,1,2013,2
E01003743,Redbridge,Theft and Handling,Handling Stolen Goods,0,2011,3
E01033586,Newham,Violence Against the Person,Wounding/GBH,1,2014,8
E01004614,Wandsworth,Robbery,Business Property,0,2009,4
E01001225,Ealing,Theft and Handling,Theft From Motor Vehicle,0,2011,2
E01000519,Brent,Violence Against the Person,Common Assault,2,2013,4
E01032576,Harrow,Theft and Handling,Motor Vehicle Interference & Tampering,0,2012,2
E01003376,Merton,Criminal Damage,Other Criminal Damage,0,2010,1
E01001605,Greenwich,Violence Against the Person,Harassment,0,2011,8
E01001991,Haringey,Theft and Handling,Theft From Shops,0,2012,5
E01001885,Hammersmith and Fulham,Violence Against the Person,Wounding/GBH,0,2014,6
E01001812,Hackney,Violence Against the Person,Common Assault,0,2013,1
E01001105,Croydon,Theft and Handling,Other Theft Person,0,2015,12
E01002016,Haringey,Other Notifiable Offences,Other Notifiable,0,2009,4
E01000239,Barnet,Drugs,Possession Of Drugs,2,2010,4
E01000705,Bromley,Theft and Handling,Other Theft Person,1,2012,2
E01002090,Haringey,Criminal Damage,Other Criminal Damage,1,2010,7
E01001339,Ealing,Violence Against the Person,Other violence,0,2010,5
E01000418,Bexley,Robbery,Personal Property,0,2015,4
E01000165,Barnet,Robbery,Personal Property,0,2013,2
E01000745,Bromley,Robbery,Business Property,0,2013,11
E01001050,Croydon,Violence Against the Person,Offensive Weapon,0,2016,12
E01000009,Barking and Dagenham,Sexual Offences,Other Sexual,0,2015,1
E01000916,Camden,Violence Against the Person,Wounding/GBH,0,2016,5
E01001798,Hackney,Criminal Damage,Other Criminal Damage,1,2012,2
E01002528,Hillingdon,Theft and Handling,Theft/Taking Of Motor Vehicle,1,2010,12
E01002827,Kensington and Chelsea,Violence Against the Person,Wounding/GBH,0,2010,7
E01003796,Redbridge,Theft and Handling,Motor Vehicle Interference & Tampering,0,2009,10
E01003089,Lambeth,Burglary,Burglary in a Dwelling,0,2015,7
E01002781,Islington,Theft and Handling,Handling Stolen Goods,0,2014,3
E01004317,Tower Hamlets,Drugs,Other Drugs,0,2012,12
E01004171,Sutton,Other Notifiable Offences,Going Equipped,0,2015,8
E01000196,Barnet,Drugs,Drug Trafficking,0,2013,6
E01001659,Greenwich,Criminal Damage,Criminal Damage To Other Building,0,2011,6
E01004711,Westminster,Violence Against the Person,Offensive Weapon,0,2013,11
E01003127,Lambeth,Violence Against the Person,Assault with Injury,1,2013,12
E01002126,Harrow,Violence Against the Person,Assault with Injury,1,2016,8
E01000922,Camden,Robbery,Personal Property,1,2015,8
E01003347,Lewisham,Burglary,Burglary in Other Buildings,0,2016,8
E01001955,Hammersmith and Fulham,Theft and Handling,Theft/Taking Of Motor Vehicle,0,2014,3
E01001540,Enfield,Theft and Handling,Other Theft,1,2011,9
E01002344,Havering,Violence Against the Person,Wounding/GBH,0,2016,3
E01001518,Enfield,Criminal Damage,Criminal Damage To Dwelling,0,2016,7
E01003606,Newham,Theft and Handling,Theft From Motor Vehicle,9,2015,3
E01001160,Croydon,Other Notifiable Offences,Other Notifiable,0,2015,7
E01002854,Kensington and Chelsea,Violence Against the Person,Wounding/GBH,0,2012,11
E01000809,Bromley,Criminal Damage,Other Criminal Damage,0,2016,2
E01004765,Westminster,Burglary,Burglary in Other Buildings,13,2014,3
E01000163,Barnet,Theft and Handling,Other Theft,1,2016,2
E01003433,Merton,Theft and Handling,Other Theft Person,0,2015,2
E01004555,Wandsworth,Violence Against the Person,Wounding/GBH,0,2010,2
E01032569,Croydon,Theft and Handling,Theft From Motor Vehicle,0,2011,9
E01004142,Sutton,Theft and Handling,Handling Stolen Goods,1,2010,1
E01033707,Hackney,Violence Against the Person,Common Assault,0,2009,11
E01000760,Bromley,Drugs,Possession Of Drugs,0,2012,9
E01000667,Bromley,Criminal Damage,Criminal Damage To Dwelling,0,2008,1
E01000695,Bromley,Theft and Handling,Theft/Taking of Pedal Cycle,0,2011,10
E01004365,Waltham Forest,Theft and Handling,Handling Stolen Goods,0,2012,1
E01001234,Ealing,Violence Against the Person,Wounding/GBH,0,2010,5
E01003405,Merton,Robbery,Personal Property,0,2015,4
E01002085,Haringey,Theft and Handling,Theft/Taking Of Motor Vehicle,0,2014,11
E01001014,Croydon,Robbery,Personal Property,0,2011,8
E01002721,Islington,Violence Against the Person,Assault with Injury,0,2016,9
E01003190,Lewisham,Burglary,Burglary in a Dwelling,0,2016,6
E01002571,Hounslow,Drugs,Possession Of Drugs,3,2010,2
E01000315,Barnet,Theft and Handling,Motor Vehicle Interference & Tampering,0,2012,2
E01001354,Ealing,Criminal Damage,Criminal Damage To Motor Vehicle,1,2008,12
E01003817,Richmond upon Thames,Drugs,Drug Trafficking,0,2015,5
E01002877,Kensington and Chelsea,Burglary,Burglary in Other Buildings,2,2009,9
E01004148,Sutton,Robbery,Personal Property,2,2009,3
E01000957,Camden,Violence Against the Person,Harassment,1,2014,12
E01002639,Hounslow,Theft and Handling,Other Theft Person,0,2010,1
E01002535,Hillingdon,Theft and Handling,Motor Vehicle Interference & Tampering,0,2012,3
E01001896,Hammersmith and Fulham,Violence Against the Person,Common Assault,0,2014,3
E01003742,Redbridge,Burglary,Burglary in a Dwelling,1,2011,4
E01004234,Tower Hamlets,Violence Against the Person,Common Assault,2,2015,5
E01001552,Enfield,Violence Against the Person,Common Assault,1,2010,7
E01001777,Hackney,Violence Against the Person,Murder,0,2014,3
E01003378,Merton,Violence Against the Person,Harassment,0,2011,9
E01001293,Ealing,Theft and Handling,Theft From Motor Vehicle,0,2016,4
E01002186,Harrow,Violence Against the Person,Other violence,0,2010,6
E01002209,Harrow,Violence Against the Person,Offensive Weapon,0,2010,5
E01001181,Croydon,Burglary,Burglary in Other Buildings,1,2012,9
E01001064,Croydon,Violence Against the Person,Common Assault,0,2012,10
E01004315,Tower Hamlets,Theft and Handling,Other Theft,2,2016,10
E01002038,Haringey,Violence Against the Person,Wounding/GBH,0,2009,3
E01000859,Camden,Drugs,Possession Of Drugs,0,2011,3
E01000688,Bromley,Robbery,Personal Property,0,2013,9
E01001436,Enfield,Criminal Damage,Criminal Damage To Other Building,0,2015,3
E01001496,Enfield,Drugs,Possession Of Drugs,0,2012,2
E01001824,Hackney,Theft and Handling,Other Theft Person,0,2014,8
E01003573,Newham,Violence Against the Person,Wounding/GBH,0,2009,12
E01004003,Southwark,Theft and Handling,Handling Stolen Goods,0,2012,7
E01002954,Kingston upon Thames,Theft and Handling,Theft/Taking Of Motor Vehicle,0,2009,4
E01003295,Lewisham,Violence Against the Person,Other violence,0,2016,9
E01003646,Redbridge,Theft and Handling,Theft From Shops,0,2015,10
E01004700,Westminster,Robbery,Personal Property,1,2012,4
E01003001,Kingston upon Thames,Theft and Handling,Theft From Motor Vehicle,0,2010,10
E01002842,Kensington and Chelsea,Criminal Damage,Criminal Damage To Motor Vehicle,0,2010,6
E01004032,Southwark,Other Notifiable Offences,Other Notifiable,0,2010,11
E01001807,Hackney,Theft and Handling,Theft/Taking of Pedal Cycle,0,2009,12
E01001989,Haringey,Fraud or Forgery,Counted per Victim,7,2008,1
E01001268,Ealing,Violence Against the Person,Common Assault,0,2009,2
E01003444,Merton,Theft and Handling,Other Theft,1,2011,5
E01003644,Redbridge,Theft and Handling,Theft/Taking of Pedal Cycle,0,2010,2
E01002480,Hillingdon,Criminal Damage,Criminal Damage To Dwelling,0,2012,11
E01001946,Hammersmith and Fulham,Violence Against the Person,Wounding/GBH,0,2008,5
E01000802,Bromley,Robbery,Personal Property,0,2012,7
E01002608,Hounslow,Criminal Damage,Criminal Damage To Other Building,0,2014,8
E01004361,Waltham Forest,Violence Against the Person,Other violence,0,2010,8
E01003854,Richmond upon Thames,Burglary,Burglary in a Dwelling,2,2011,10
E01004702,Westminster,Theft and Handling,Theft From Motor Vehicle,3,2012,5
E01000040,Barking and Dagenham,Fraud or Forgery,Counted per Victim,0,2010,8
E01001489,Enfield,Violence Against the Person,Wounding/GBH,1,2011,4
E01000708,Bromley,Theft and Handling,Other Theft,2,2012,9
E01004044,Southwark,Theft and Handling,Theft From Shops,0,2015,3
E01004628,Wandsworth,Theft and Handling,Motor Vehicle Interference & Tampering,0,2009,6
E01004467,Waltham Forest,Theft and Handling,Theft/Taking of Pedal Cycle,0,2012,6
E01001781,Hackney,Burglary,Burglary in Other Buildings,0,2013,11
E01003526,Newham,Burglary,Burglary in Other Buildings,1,2012,1
E01001754,Hackney,Other Notifiable Offences,Going Equipped,0,2016,6
E01002396,Hillingdon,Criminal Damage,Criminal Damage To Other Building,0,2008,9
E01001800,Hackney,Criminal Damage,Criminal Damage To Dwelling,0,2016,7
E01000716,Bromley,Other Notifiable Offences,Other Notifiable,0,2014,4
E01003983,Southwark,Criminal Damage,Other Criminal Damage,1,2010,10
E01002508,Hillingdon,Violence Against the Person,Offensive Weapon,0,2014,3
E01003182,Lambeth,Violence Against the Person,Wounding/GBH,0,2011,5
E01002841,Kensington and Chelsea,Drugs,Possession Of Drugs,0,2014,3
E01002884,Kensington and Chelsea,Robbery,Personal Property,1,2011,1
E01002631,Hounslow,Criminal Damage,Other Criminal Damage,0,2015,5
E01003807,Richmond upon Thames,Criminal Damage,Criminal Damage To Other Building,0,2009,6
E01001152,Croydon,Criminal Damage,Criminal Damage To Dwelling,0,2013,3
E01004607,Wandsworth,Criminal Damage,Criminal Damage To Motor Vehicle,1,2009,3
E01002430,Hillingdon,Criminal Damage,Criminal Damage To Dwelling,0,2014,10
E01000723,Bromley,Violence Against the Person,Wounding/GBH,0,2008,9
E01004247,Tower Hamlets,Robbery,Personal Property,0,2010,2
E01033700,Hackney,Theft and Handling,Other Theft,0,2009,10
E01002927,Kingston upon Thames,Drugs,Drug Trafficking,0,2010,1
E01001385,Ealing,Criminal Damage,Criminal Damage To Other Building,0,2009,12
E01003917,Southwark,Criminal Damage,Criminal Damage To Other Building,0,2012,12
E01003114,Lambeth,Criminal Damage,Criminal Damage To Other Building,0,2008,11
E01002013,Haringey,Theft and Handling,Theft/Taking Of Motor Vehicle,0,2010,2
E01001287,Ealing,Burglary,Burglary in a Dwelling,0,2010,9
E01003947,Southwark,Sexual Offences,Other Sexual,0,2013,9
E01004207,Tower Hamlets,Theft and Handling,Motor Vehicle Interference & Tampering,0,2010,8
E01000823,Bromley,Other Notifiable Offences,Other Notifiable,0,2012,10
E01004049,Southwark,Criminal Damage,Criminal Damage To Motor Vehicle,1,2013,4
E01000414,Bexley,Theft and Handling,Theft/Taking of Pedal Cycle,0,2015,2
E01003262,Lewisham,Theft and Handling,Theft From Shops,0,2014,4
E01000027,Barking and Dagenham,Theft and Handling,Motor Vehicle Interference & Tampering,0,2016,4
E01003625,Newham,Theft and Handling,Handling Stolen Goods,0,2012,1
E01003578,Newham,Theft and Handling,Other Theft Person,0,2011,12
E01002770,Islington,Violence Against the Person,Harassment,11,2016,8
E01001878,Hammersmith and Fulham,Violence Against the Person,Harassment,0,2008,9
E01003357,Merton,Burglary,Burglary in a Dwelling,1,2013,7
E01001813,Hackney,Fraud or Forgery,Other Fraud & Forgery,0,2012,3
E01003719,Redbridge,Criminal Damage,Other Criminal Damage,1,2010,10
E01003408,Merton,Criminal Damage,Criminal Damage To Motor Vehicle,0,2010,12
E01000382,Bexley,Theft and Handling,Theft/Taking of Pedal Cycle,0,2010,7
E01001385,Ealing,Theft and Handling,Other Theft,2,2008,9
E01003511,Newham,Sexual Offences,Other Sexual,0,2012,6
E01001479,Enfield,Theft and Handling,Handling Stolen Goods,0,2009,7
E01002266,Havering,Violence Against the Person,Wounding/GBH,0,2011,2
E01004082,Sutton,Robbery,Personal Property,0,2015,10
E01000640,Brent,Violence Against the Person,Assault with Injury,2,2015,10
E01003269,Lewisham,Robbery,Personal Property,0,2014,6
E01001514,Enfield,Violence Against the Person,Common Assault,0,2011,1
E01001317,Ealing,Drugs,Drug Trafficking,0,2016,1
E01001547,Enfield,Criminal Damage,Criminal Damage To Other Building,0,2016,11
E01000010,Barking and Dagenham,Drugs,Drug Trafficking,0,2014,7
E01002579,Hounslow,Robbery,Personal Property,0,2009,8
E01004702,Westminster,Drugs,Other Drugs,0,2016,1
E01003820,Richmond upon Thames,Criminal Damage,Criminal Damage To Other Building,0,2014,5
E01002110,Harrow,Violence Against the Person,Other violence,0,2010,8
E01003450,Merton,Burglary,Burglary in Other Buildings,0,2012,5
E01004680,Westminster,Violence Against the Person,Other violence,0,2014,12
E01002442,Hillingdon,Criminal Damage,Criminal Damage To Motor Vehicle,1,2011,2
E01004542,Wandsworth,Violence Against the Person,Assault with Injury,0,2009,4
E01002882,Kensington and Chelsea,Burglary,Burglary in Other Buildings,0,2011,8
E01004337,Waltham Forest,Theft and Handling,Handling Stolen Goods,0,2015,10
E01002858,Kensington and Chelsea,Violence Against the Person,Wounding/GBH,1,2016,7
E01001351,Ealing,Violence Against the Person,Offensive Weapon,0,2014,6
E01001672,Greenwich,Violence Against the Person,Offensive Weapon,0,2016,3
E01000888,Camden,Theft and Handling,Other Theft,0,2008,12
E01000350,Bexley,Violence Against the Person,Assault with Injury,0,2008,12
E01000860,Camden,Theft and Handling,Theft/Taking of Pedal Cycle,0,2011,11
E01003416,Merton,Theft and Handling,Handling Stolen Goods,0,2012,2
E01001956,Hammersmith and Fulham,Drugs,Drug Trafficking,0,2011,1
E01004690,Westminster,Burglary,Burglary in a Dwelling,1,2015,4
E01000330,Bexley,Robbery,Business Property,0,2009,8
E01003895,Richmond upon Thames,Theft and Handling,Theft/Taking of Pedal Cycle,1,2013,7
E01004736,Westminster,Criminal Damage,Criminal Damage To Other Building,5,2010,6
E01003511,Newham,Theft and Handling,Theft/Taking of Pedal Cycle,0,2013,12
E01002989,Kingston upon Thames,Theft and Handling,Theft/Taking of Pedal Cycle,0,2014,7
E01002387,Havering,Burglary,Burglary in Other Buildings,0,2009,4
E01000791,Bromley,Burglary,Burglary in a Dwelling,1,2015,10
E01000134,Barnet,Robbery,Business Property,0,2015,3
E01002440,Hillingdon,Violence Against the Person,Other violence,0,2011,6
E01032563,Bromley,Criminal Damage,Criminal Damage To Motor Vehicle,0,2012,9
E01004542,Wandsworth,Theft and Handling,Theft/Taking of Pedal Cycle,4,2008,7
E01002257,Havering,Theft and Handling,Motor Vehicle Interference & Tampering,0,2012,11
E01004084,Sutton,Theft and Handling,Theft From Motor Vehicle,0,2012,5
E01002397,Hillingdon,Robbery,Business Property,0,2015,11
E01000316,Barnet,Theft and Handling,Motor Vehicle Interference & Tampering,0,2014,10
E01000644,Brent,Theft and Handling,Other Theft,0,2013,7
E01002088,Haringey,Drugs,Drug Trafficking,0,2016,4
E01003890,Richmond upon Thames,Theft and Handling,Theft/Taking of Pedal Cycle,0,2016,4
E01003126,Lambeth,Criminal Damage,Other Criminal Damage,0,2016,12
E01004558,Wandsworth,Other Notifiable Offences,Other Notifiable,0,2012,3
E01003542,Newham,Violence Against the Person,Other violence,0,2013,12
E01000646,Bromley,Drugs,Drug Trafficking,0,2014,8
E01001965,Haringey,Burglary,Burglary in a Dwelling,0,2008,6
E01004601,Wandsworth,Robbery,Business Property,0,2015,3
E01000086,Barking and Dagenham,Robbery,Personal Property,0,2014,11
E01000802,Bromley,Other Notifiable Offences,Going Equipped,0,2008,5
E01000147,Barnet,Theft and Handling,Theft/Taking of Pedal Cycle,0,2008,2
E01001435,Enfield,Theft and Handling,Theft From Motor Vehicle,0,2014,9
E01003929,Southwark,Burglary,Burglary in Other Buildings,4,2016,6
E01033455,Brent,Criminal Damage,Criminal Damage To Dwelling,0,2013,7
E01001492,Enfield,Criminal Damage,Criminal Damage To Motor Vehicle,0,2013,11
E01002956,Kingston upon Thames,Theft and Handling,Theft/Taking Of Motor Vehicle,0,2011,12
E01003409,Merton,Drugs,Possession Of Drugs,1,2010,5
E01002862,Kensington and Chelsea,Theft and Handling,Theft From Shops,0,2011,11
E01033746,Greenwich,Violence Against the Person,Assault with Injury,0,2012,2
E01001341,Ealing,Violence Against the Person,Common Assault,0,2008,1
E01001156,Croydon,Violence Against the Person,Wounding/GBH,0,2011,7
E01002514,Hillingdon,Drugs,Other Drugs,0,2016,8
E01004482,Wandsworth,Burglary,Burglary in Other Buildings,0,2011,12
E01033745,Greenwich,Criminal Damage,Criminal Damage To Other Building,0,2016,11
E01002792,Islington,Theft and Handling,Motor Vehicle Interference & Tampering,0,2015,9
E01002356,Havering,Sexual Offences,Other Sexual,0,2011,1
E01001294,Ealing,Robbery,Business Property,0,2010,5
E01003524,Newham,Burglary,Burglary in a Dwelling,2,2014,5
E01001558,Enfield,Violence Against the Person,Murder,0,2016,3
E01002414,Hillingdon,Criminal Damage,Other Criminal Damage,0,2015,10
E01032574,Enfield,Criminal Damage,Criminal Damage To Motor Vehicle,4,2014,5
E01033608,Westminster,Violence Against the Person,Other violence,0,2012,5
E01033464,Brent,Violence Against the Person,Common Assault,1,2011,11
E01000290,Barnet,Drugs,Possession Of Drugs,0,2008,9
E01003690,Redbridge,Violence Against the Person,Offensive Weapon,0,2011,10
E01003707,Redbridge,Drugs,Drug Trafficking,0,2016,3
E01003471,Merton,Theft and Handling,Theft From Motor Vehicle,0,2010,6
E01003200,Lewisham,Criminal Damage,Criminal Damage To Other Building,0,2009,7
E01003766,Redbridge,Violence Against the Person,Wounding/GBH,0,2011,7
E01004311,Tower Hamlets,Violence Against the Person,Offensive Weapon,0,2015,8
E01002158,Harrow,Violence Against the Person,Assault with Injury,0,2015,3
E01002109,Harrow,Criminal Damage,Other Criminal Damage,0,2009,12
E01000228,Barnet,Drugs,Drug Trafficking,0,2013,4
E01003129,Lambeth,Theft and Handling,Theft From Motor Vehicle,3,2008,10
E01000365,Bexley,Drugs,Drug Trafficking,0,2015,6
E01002170,Harrow,Violence Against the Person,Other violence,0,2013,5
E01002432,Hillingdon,Violence Against the Person,Murder,0,2011,6
E01000473,Brent,Other Notifiable Offences,Going Equipped,0,2009,4
E01002877,Kensington and Chelsea,Violence Against the Person,Murder,0,2013,4
E01003260,Lewisham,Drugs,Drug Trafficking,0,2015,1
E01003111,Lambeth,Theft and Handling,Theft/Taking of Pedal Cycle,0,2013,5
E01003216,Lewisham,Theft and Handling,Other Theft Person,0,2015,2
E01000374,Bexley,Drugs,Other Drugs,0,2011,1
E01000084,Barking and Dagenham,Burglary,Burglary in Other Buildings,3,2009,11
E01003958,Southwark,Burglary,Burglary in Other Buildings,0,2013,5
E01000983,Croydon,Criminal Damage,Criminal Damage To Motor Vehicle,0,2016,12
E01001724,Hackney,Burglary,Burglary in a Dwelling,0,2016,11
E01003034,Lambeth,Theft and Handling,Theft From Motor Vehicle,1,2008,8
E01001918,Hammersmith and Fulham,Burglary,Burglary in a Dwelling,1,2008,4
E01003593,Newham,Drugs,Other Drugs,0,2013,4
E01033575,Newham,Violence Against the Person,Other violence,0,2015,12
E01002917,Kingston upon Thames,Other Notifiable Offences,Going Equipped,0,2013,7
E01001190,Croydon,Theft and Handling,Handling Stolen Goods,0,2014,2
E01001629,Greenwich,Theft and Handling,Theft/Taking Of Motor Vehicle,1,2011,8
E01000457,Bexley,Criminal Damage,Other Criminal Damage,0,2010,9
E01003697,Redbridge,Violence Against the Person,Common Assault,1,2014,3
E01003933,Southwark,Robbery,Personal Property,3,2009,10
E01000708,Bromley,Other Notifiable Offences,Going Equipped,0,2012,6
E01001390,Enfield,Other Notifiable Offences,Going Equipped,0,2016,1
E01000511,Brent,Theft and Handling,Theft From Motor Vehicle,1,2010,12
E01000627,Brent,Fraud or Forgery,Other Fraud & Forgery,0,2010,8
E01003635,Newham,Theft and Handling,Handling Stolen Goods,0,2010,3
E01003293,Lewisham,Violence Against the Person,Other violence,0,2008,2
E01001317,Ealing,Theft and Handling,Motor Vehicle Interference & Tampering,0,2013,4
E01000513,Brent,Theft and Handling,Other Theft,1,2009,12
E01003064,Lambeth,Theft and Handling,Theft From Shops,0,2016,1
E01003183,Lambeth,Theft and Handling,Theft From Shops,0,2010,8
E01001160,Croydon,Theft and Handling,Other Theft,2,2015,4
E01002577,Hounslow,Theft and Handling,Theft From Shops,0,2016,9
E01003547,Newham,Robbery,Personal Property,0,2011,6
E01004516,Wandsworth,Criminal Damage,Criminal Damage To Dwelling,1,2016,1
E01001050,Croydon,Robbery,Business Property,0,2010,6
E01002045,Haringey,Theft and Handling,Theft/Taking of Pedal Cycle,0,2013,8
E01001026,Croydon,Violence Against the Person,Harassment,0,2015,4
E01001915,Hammersmith and Fulham,Robbery,Personal Property,2,2009,2
E01003023,Lambeth,Theft and Handling,Other Theft,2,2012,4
E01003894,Richmond upon Thames,Theft and Handling,Other Theft Person,0,2013,3
E01000342,Bexley,Violence Against the Person,Common Assault,0,2012,1
E01000074,Barking and Dagenham,Other Notifiable Offences,Going Equipped,0,2016,1
E01004514,Wandsworth,Violence Against the Person,Offensive Weapon,0,2011,8
E01002328,Havering,Robbery,Personal Property,0,2015,9
E01000704,Bromley,Violence Against the Person,Assault with Injury,1,2016,8
E01002763,Islington,Theft and Handling,Other Theft,1,2011,10
E01004311,Tower Hamlets,Drugs,Drug Trafficking,0,2010,4
E01000538,Brent,Robbery,Personal Property,1,2011,7
E01001726,Hackney,Theft and Handling,Theft/Taking of Pedal Cycle,0,2014,12
E01003199,Lewisham,Criminal Damage,Other Criminal Damage,1,2011,9
E01001400,Enfield,Violence Against the Person,Assault with Injury,0,2015,1
E01000351,Bexley,Criminal Damage,Other Criminal Damage,0,2008,3
E01000521,Brent,Theft and Handling,Handling Stolen Goods,0,2008,7
E01002060,Haringey,Violence Against the Person,Assault with Injury,0,2014,6
E01002468,Hillingdon,Violence Against the Person,Common Assault,0,2008,6
E01003145,Lambeth,Theft and Handling,Theft/Taking Of Motor Vehicle,0,2011,1
E01002193,Harrow,Drugs,Drug Trafficking,0,2010,4
E01003376,Merton,Violence Against the Person,Common Assault,2,2015,5
E01000380,Bexley,Other Notifiable Offences,Other Notifiable,0,2009,8
E01004587,Wandsworth,Other Notifiable Offences,Other Notifiable,0,2014,9
E01000461,Bexley,Sexual Offences,Other Sexual,0,2016,8
E01002024,Haringey,Criminal Damage,Criminal Damage To Dwelling,2,2016,2
E01032582,Lambeth,Violence Against the Person,Other violence,0,2009,6
E01000124,Barnet,Criminal Damage,Criminal Damage To Dwelling,0,2014,11
E01000254,Barnet,Violence Against the Person,Common Assault,1,2016,4
E01002478,Hillingdon,Theft and Handling,Other Theft,0,2010,12
E01001991,Haringey,Criminal Damage,Other Criminal Damage,0,2014,2
E01001535,Enfield,Criminal Damage,Criminal Damage To Other Building,0,2015,10
E01003473,Merton,Violence Against the Person,Wounding/GBH,0,2015,1
E01001102,Croydon,Drugs,Possession Of Drugs,0,2012,8
E01004349,Waltham Forest,Criminal Damage,Criminal Damage To Motor Vehicle,0,2009,4
E01004719,Westminster,Burglary,Burglary in Other Buildings,0,2015,4
E01001194,Croydon,Criminal Damage,Criminal Damage To Dwelling,0,2010,1
E01004143,Sutton,Violence Against the Person,Harassment,3,2011,1
E01000966,Camden,Other Notifiable Offences,Going Equipped,0,2014,9
E01001928,Hammersmith and Fulham,Violence Against the Person,Harassment,0,2011,5
E01002944,Kingston upon Thames,Robbery,Personal Property,0,2009,3
E01003560,Newham,Burglary,Burglary in Other Buildings,0,2010,3
E01003695,Redbridge,Theft and Handling,Motor Vehicle Interference & Tampering,0,2012,1
E01003585,Newham,Theft and Handling,Other Theft,1,2009,7
E01003659,Redbridge,Violence Against the Person,Offensive Weapon,0,2014,3
E01002555,Hounslow,Fraud or Forgery,Counted per Victim,0,2016,12
E01002026,Haringey,Robbery,Personal Property,4,2015,8
E01003783,Redbridge,Criminal Damage,Other Criminal Damage,3,2013,11
E01001915,Hammersmith and Fulham,Violence Against the Person,Assault with Injury,0,2011,4
E01000303,Barnet,Violence Against the Person,Common Assault,0,2012,11
E01001065,Croydon,Violence Against the Person,Common Assault,0,2011,7
E01033588,Barking and Dagenham,Theft and Handling,Other Theft Person,0,2009,6
E01000565,Brent,Violence Against the Person,Wounding/GBH,0,2014,1
E01001581,Greenwich,Criminal Damage,Criminal Damage To Dwelling,0,2010,4
E01001458,Enfield,Theft and Handling,Motor Vehicle Interference & Tampering,0,2009,10
E01003078,Lambeth,Violence Against the Person,Offensive Weapon,0,2013,1
E01003337,Lewisham,Theft and Handling,Motor Vehicle Interference & Tampering,0,2014,3
E01000440,Bexley,Theft and Handling,Theft/Taking of Pedal Cycle,0,2009,5
E01004745,Westminster,Violence Against the Person,Assault with Injury,0,2008,10
E01003530,Newham,Burglary,Burglary in Other Buildings,0,2010,12
E01003161,Lambeth,Theft and Handling,Theft/Taking of Pedal Cycle,1,2013,11
E01000470,Bexley,Criminal Damage,Criminal Damage To Dwelling,0,2015,9
E01003729,Redbridge,Other Notifiable Offences,Other Notifiable,0,2015,8
E01002816,Kensington and Chelsea,Burglary,Burglary in Other Buildings,0,2016,2
E01004646,Westminster,Criminal Damage,Criminal Damage To Other Building,0,2010,9
E01001735,Hackney,Violence Against the Person,Wounding/GBH,2,2016,12
E01002783,Islington,Violence Against the Person,Other violence,0,2012,3
E01001276,Ealing,Theft and Handling,Other Theft,1,2015,7
E01000191,Barnet,Violence Against the Person,Harassment,0,2012,1
E01003533,Newham,Robbery,Personal Property,1,2010,4
E01003085,Lambeth,Violence Against the Person,Other violence,0,2013,3
E01000147,Barnet,Robbery,Personal Property,0,2015,12
E01003952,Southwark,Theft and Handling,Other Theft Person,0,2014,5
E01003897,Richmond upon Thames,Violence Against the Person,Common Assault,2,2011,4
E01004010,Southwark,Theft and Handling,Theft/Taking Of Motor Vehicle,0,2010,4
E01001905,Hammersmith and Fulham,Violence Against the Person,Offensive Weapon,0,2014,4
E01003735,Redbridge,Theft and Handling,Theft/Taking Of Motor Vehicle,0,2008,12
E01003090,Lambeth,Burglary,Burglary in Other Buildings,1,2016,2
E01033153,Waltham Forest,Robbery,Personal Property,1,2011,9
E01000160,Barnet,Theft and Handling,Motor Vehicle Interference & Tampering,0,2010,2
E01001296,Ealing,Robbery,Business Property,0,2011,2
E01004038,Southwark,Criminal Damage,Criminal Damage To Dwelling,2,2008,11
E01000898,Camden,Theft and Handling,Other Theft Person,2,2016,3
E01001126,Croydon,Drugs,Drug Trafficking,0,2009,5
E01032579,Lewisham,Theft and Handling,Other Theft Person,1,2014,7
E01003627,Newham,Theft and Handling,Handling Stolen Goods,0,2014,5
E01001696,Greenwich,Theft and Handling,Other Theft,6,2013,8
E01000928,Camden,Other Notifiable Offences,Other Notifiable,0,2008,11
E01001758,Hackney,Violence Against the Person,Other violence,1,2014,9
E01002968,Kingston upon Thames,Other Notifiable Offences,Other Notifiable,3,2013,9
E01002747,Islington,Fraud or Forgery,Counted per Victim,0,2012,4
E01000541,Brent,Theft and Handling,Theft From Shops,0,2013,2
E01000823,Bromley,Criminal Damage,Other Criminal Damage,0,2010,4
E01002398,Hillingdon,Violence Against the Person,Other violence,0,2016,7
E01002305,Havering,Theft and Handling,Motor Vehicle Interference & Tampering,0,2013,5
E01003908,Richmond upon Thames,Criminal Damage,Criminal Damage To Motor Vehicle,0,2008,6
E01000328,Bexley,Theft and Handling,Other Theft,0,2009,1
E01002248,Havering,Criminal Damage,Other Criminal Damage,0,2015,9
E01002534,Hillingdon,Violence Against the Person,Assault with Injury,0,2014,8
E01003910,Richmond upon Thames,Criminal Damage,Criminal Damage To Other Building,0,2013,7
E01001941,Hammersmith and Fulham,Criminal Damage,Criminal Damage To Motor Vehicle,1,2012,9
E01001750,Hackney,Violence Against the Person,Assault with Injury,1,2010,9
E01001199,Ealing,Violence Against the Person,Assault with Injury,1,2008,7
E01001403,Enfield,Theft and Handling,Theft From Motor Vehicle,2,2011,10
E01001033,Croydon,Criminal Damage,Criminal Damage To Other Building,0,2011,8
E01000994,Croydon,Theft and Handling,Other Theft,1,2015,7
E01000713,Bromley,Drugs,Possession Of Drugs,0,2009,10
E01000695,Bromley,Criminal Damage,Criminal Damage To Motor Vehicle,0,2011,8
E01004536,Wandsworth,Criminal Damage,Other Criminal Damage,0,2016,6
E01000341,Bexley,Violence Against the Person,Assault with Injury,0,2011,8
E01000835,Bromley,Violence Against the Person,Offensive Weapon,0,2016,2
E01002474,Hillingdon,Theft and Handling,Theft/Taking Of Motor Vehicle,0,2016,5
E01002808,Islington,Burglary,Burglary in Other Buildings,0,2010,3
E01004485,Wandsworth,Criminal Damage,Other Criminal Damage,0,2011,4
E01000335,Bexley,Theft and Handling,Other Theft Person,0,2016,6
E01002670,Hounslow,Violence Against the Person,Wounding/GBH,1,2008,4
E01001504,Enfield,Robbery,Personal Property,0,2015,6
E01000481,Brent,Violence Against the Person,Other violence,0,2015,3
E01004737,Westminster,Violence Against the Person,Assault with Injury,1,2011,6
E01003551,Newham,Other Notifiable Offences,Other Notifiable,1,2008,9
E01002743,Islington,Theft and Handling,Theft/Taking Of Motor Vehicle,0,2012,1
E01003414,Merton,Theft and Handling,Motor Vehicle Interference & Tampering,0,2008,3
E01001871,Hammersmith and Fulham,Theft and Handling,Handling Stolen Goods,0,2014,6
E01001425,Enfield,Burglary,Burglary in a Dwelling,4,2011,1
E01002256,Havering,Theft and Handling,Theft/Taking of Pedal Cycle,0,2012,7
E01000669,Bromley,Burglary,Burglary in Other Buildings,0,2012,8
E01003107,Lambeth,Theft and Handling,Theft/Taking of Pedal Cycle,0,2008,5
E01004520,Wandsworth,Theft and Handling,Theft From Motor Vehicle,1,2016,5
E01001724,Hackney,Robbery,Business Property,0,2016,4
E01000248,Barnet,Drugs,Drug Trafficking,0,2011,9
E01000962,Camden,Theft and Handling,Theft/Taking Of Motor Vehicle,1,2009,6
E01001457,Enfield,Theft and Handling,Handling Stolen Goods,0,2008,11
E01001070,Croydon,Other Notifiable Offences,Other Notifiable,0,2011,7
E01003972,Southwark,Robbery,Personal Property,0,2013,2
E01002104,Haringey,Other Notifiable Offences,Going Equipped,0,2016,7
E01002729,Islington,Violence Against the Person,Harassment,1,2010,9
E01000208,Barnet,Other Notifiable Offences,Going Equipped,0,2014,12
E01002366,Havering,Violence Against the Person,Common Assault,1,2015,6
E01004152,Sutton,Drugs,Other Drugs,0,2010,1
E01002571,Hounslow,Violence Against the Person,Assault with Injury,0,2014,5
E01001021,Croydon,Violence Against the Person,Assault with Injury,1,2013,10
E01003330,Lewisham,Drugs,Possession Of Drugs,0,2011,1
E01000488,Brent,Theft and Handling,Theft/Taking of Pedal Cycle,0,2011,9
E01000959,Camden,Theft and Handling,Other Theft Person,0,2016,3
E01001714,Hackney,Criminal Damage,Other Criminal Damage,2,2014,8
E01004202,Tower Hamlets,Theft and Handling,Other Theft,4,2013,1
E01002129,Harrow,Other Notifiable Offences,Going Equipped,0,2008,7
E01033093,Wandsworth,Burglary,Burglary in a Dwelling,0,2008,3
E01002913,Kensington and Chelsea,Violence Against the Person,Assault with Injury,0,2016,8
E01002694,Islington,Theft and Handling,Theft/Taking of Pedal Cycle,0,2012,2
E01001611,Greenwich,Violence Against the Person,Harassment,1,2015,7
E01004032,Southwark,Theft and Handling,Motor Vehicle Interference & Tampering,0,2011,11
E01000896,Camden,Criminal Damage,Criminal Damage To Dwelling,0,2008,6
E01001870,Hammersmith and Fulham,Violence Against the Person,Wounding/GBH,0,2013,9
E01002323,Havering,Criminal Damage,Criminal Damage To Motor Vehicle,1,2016,1
E01003744,Redbridge,Criminal Damage,Criminal Damage To Motor Vehicle,0,2014,6
E01004470,Waltham Forest,Burglary,Burglary in Other Buildings,3,2015,2
E01000351,Bexley,Theft and Handling,Theft/Taking of Pedal Cycle,0,2011,4
E01000490,Brent,Violence Against the Person,Assault with Injury,1,2016,11
E01001903,Hammersmith and Fulham,Criminal Damage,Criminal Damage To Other Building,0,2014,2
E01001306,Ealing,Theft and Handling,Theft/Taking of Pedal Cycle,0,2012,2
E01003444,Merton,Violence Against the Person,Other violence,0,2009,10
E01033573,Barnet,Criminal Damage,Criminal Damage To Other Building,0,2009,3
E01000478,Brent,Theft and Handling,Other Theft Person,0,2011,7
E01000282,Barnet,Theft and Handling,Other Theft Person,0,2013,10
E01032769,Tower Hamlets,Drugs,Possession Of Drugs,0,2015,10
E01003775,Redbridge,Theft and Handling,Other Theft Person,1,2009,4
E01002079,Haringey,Fraud or Forgery,Other Fraud & Forgery,0,2015,1
E01002908,Kensington and Chelsea,Robbery,Personal Property,0,2014,11
E01000080,Barking and Dagenham,Criminal Damage,Criminal Damage To Other Building,0,2009,1
E01004761,Westminster,Theft and Handling,Theft/Taking of Pedal Cycle,0,2016,2
E01003175,Lambeth,Theft and Handling,Theft/Taking Of Motor Vehicle,1,2012,1
E01004417,Waltham Forest,Violence Against the Person,Assault with Injury,1,2012,4
E01003596,Newham,Criminal Damage,Criminal Damage To Dwelling,0,2013,5
E01000777,Bromley,Violence Against the Person,Wounding/GBH,1,2011,5
E01003689,Redbridge,Criminal Damage,Other Criminal Damage,0,2012,8
E01001546,Enfield,Criminal Damage,Criminal Damage To Dwelling,0,2014,12
E01003317,Lewisham,Violence Against the Person,Offensive Weapon,0,2015,5
E01001376,Ealing,Violence Against the Person,Assault with Injury,0,2012,8
E01001912,Hammersmith and Fulham,Theft and Handling,Theft/Taking Of Motor Vehicle,0,2012,6
E01032785,Tower Hamlets,Violence Against the Person,Harassment,0,2016,2
E01002008,Haringey,Robbery,Business Property,0,2016,10
E01004525,Wandsworth,Sexual Offences,Other Sexual,0,2015,10
E01002669,Hounslow,Theft and Handling,Handling Stolen Goods,0,2008,6
E01002699,Islington,Robbery,Business Property,0,2015,4
E01004066,Southwark,Violence Against the Person,Murder,0,2014,7
E01004152,Sutton,Drugs,Possession Of Drugs,0,2008,11
E01002815,Kensington and Chelsea,Drugs,Possession Of Drugs,0,2011,5
E01000704,Bromley,Robbery,Personal Property,0,2010,12
E01001620,Greenwich,Robbery,Personal Property,0,2014,3
E01002220,Harrow,Theft and Handling,Theft From Motor Vehicle,2,2012,1
E01000534,Brent,Violence Against the Person,Offensive Weapon,0,2014,3
E01003968,Southwark,Criminal Damage,Criminal Damage To Other Building,0,2008,11
E01004377,Waltham Forest,Theft and Handling,Theft From Shops,0,2014,12
E01003834,Richmond upon Thames,Theft and Handling,Theft From Shops,1,2012,3
E01004717,Westminster,Criminal Damage,Other Criminal Damage,0,2016,7
E01000132,Barnet,Theft and Handling,Theft/Taking Of Motor Vehicle,0,2016,8
E01032785,Tower Hamlets,Theft and Handling,Handling Stolen Goods,0,2008,7
E01000079,Barking and Dagenham,Theft and Handling,Other Theft Person,0,2011,6
E01033732,Greenwich,Theft and Handling,Theft From Shops,0,2012,12
E01032774,Tower Hamlets,Theft and Handling,Other Theft Person,0,2015,11
E01004496,Wandsworth,Theft and Handling,Other Theft,5,2008,7
E01000532,Brent,Burglary,Burglary in Other Buildings,1,2009,10
E01004461,Waltham Forest,Criminal Damage,Criminal Damage To Motor Vehicle,0,2014,6
E01002016,Haringey,Robbery,Business Property,0,2011,9
E01002363,Havering,Violence Against the Person,Common Assault,1,2014,11
E01000646,Bromley,Other Notifiable Offences,Going Equipped,0,2014,1
E01000023,Barking and Dagenham,Violence Against the Person,Wounding/GBH,0,2013,9
E01004495,Wandsworth,Burglary,Burglary in a Dwelling,3,2012,12
E01001479,Enfield,Other Notifiable Offences,Going Equipped,0,2011,11
E01000750,Bromley,Burglary,Burglary in a Dwelling,0,2014,11
E01001495,Enfield,Theft and Handling,Handling Stolen Goods,0,2015,2
E01003863,Richmond upon Thames,Theft and Handling,Theft From Motor Vehicle,2,2013,3
E01004357,Waltham Forest,Drugs,Drug Trafficking,0,2016,1
E01004526,Wandsworth,Theft and Handling,Other Theft Person,0,2015,1
E01002492,Hillingdon,Violence Against the Person,Harassment,0,2008,3
E01003196,Lewisham,Violence Against the Person,Assault with Injury,0,2013,9
E01003221,Lewisham,Robbery,Personal Property,0,2010,6
E01033457,Brent,Robbery,Business Property,0,2015,4
E01003654,Redbridge,Theft and Handling,Other Theft,0,2016,8
E01001615,Greenwich,Violence Against the Person,Other violence,0,2012,1
E01001035,Croydon,Theft and Handling,Theft From Motor Vehicle,1,2015,8
E01000498,Brent,Theft and Handling,Other Theft Person,0,2008,4
E01003079,Lambeth,Theft and Handling,Theft From Motor Vehicle,0,2008,5
E01004271,Tower Hamlets,Theft and Handling,Handling Stolen Goods,0,2012,6
E01002486,Hillingdon,Theft and Handling,Other Theft,1,2010,12
E01002017,Haringey,Theft and Handling,Theft/Taking Of Motor Vehicle,0,2011,6
E01003760,Redbridge,Other Notifiable Offences,Other Notifiable,0,2012,2
E01004268,Tower Hamlets,Criminal Damage,Criminal Damage To Dwelling,0,2016,4
E01000858,Camden,Violence Against the Person,Offensive Weapon,1,2015,6
E01002152,Harrow,Criminal Damage,Criminal Damage To Other Building,0,2009,3
E01000066,Barking and Dagenham,Criminal Damage,Criminal Damage To Motor Vehicle,0,2012,8
E01004327,Waltham Forest,Violence Against the Person,Assault with Injury,0,2012,7
E01002276,Havering,Violence Against the Person,Assault with Injury,0,2010,7
E01002285,Havering,Robbery,Business Property,0,2010,2
E01003396,Merton,Theft and Handling,Motor Vehicle Interference & Tampering,0,2015,11
E01000041,Barking and Dagenham,Theft and Handling,Other Theft Person,1,2008,5
E01003263,Lewisham,Violence Against the Person,Common Assault,0,2010,8
E01002493,Hillingdon,Violence Against the Person,Common Assault,0,2014,2
E01003296,Lewisham,Theft and Handling,Motor Vehicle Interference & Tampering,0,2009,4
E01000002,City of London,Drugs,Possession Of Drugs,0,2008,6
E01004488,Wandsworth,Criminal Damage,Criminal Damage To Other Building,0,2014,5
E01004400,Waltham Forest,Theft and Handling,Theft From Shops,0,2008,1
E01002678,Hounslow,Violence Against the Person,Other violence,2,2015,7
E01004496,Wandsworth,Violence Against the Person,Assault with Injury,1,2010,9
E01001675,Greenwich,Violence Against the Person,Common Assault,2,2011,5
E01000699,Bromley,Drugs,Possession Of Drugs,1,2011,6
E01003210,Lewisham,Burglary,Burglary in a Dwelling,3,2012,6
E01003226,Lewisham,Sexual Offences,Rape,0,2009,10
E01000894,Camden,Theft and Handling,Theft/Taking Of Motor Vehicle,0,2011,7
E01001708,Greenwich,Other Notifiable Offences,Other Notifiable,0,2015,12
E01004185,Sutton,Violence Against the Person,Harassment,2,2016,1
E01001449,Enfield,Theft and Handling,Handling Stolen Goods,0,2014,10
E01002225,Harrow,Drugs,Drug Trafficking,0,2008,8
E01002133,Harrow,Theft and Handling,Theft From Motor Vehicle,0,2012,2
E01001234,Ealing,Violence Against the Person,Offensive Weapon,0,2008,12
E01000847,Camden,Theft and Handling,Theft From Shops,0,2010,8
E01004244,Tower Hamlets,Violence Against the Person,Common Assault,1,2009,8
E01004351,Waltham Forest,Theft and Handling,Theft/Taking of Pedal Cycle,0,2011,5
E01003206,Lewisham,Theft and Handling,Theft From Shops,0,2011,1
E01003893,Richmond upon Thames,Theft and Handling,Theft From Shops,0,2010,12
E01001955,Hammersmith and Fulham,Violence Against the Person,Other violence,1,2009,10
E01004692,Westminster,Other Notifiable Offences,Other Notifiable,0,2010,3
E01002292,Havering,Violence Against the Person,Murder,0,2012,6
E01003736,Redbridge,Violence Against the Person,Wounding/GBH,0,2012,6
E01003678,Redbridge,Theft and Handling,Handling Stolen Goods,0,2009,4
E01001031,Croydon,Criminal Damage,Criminal Damage To Dwelling,1,2013,11
E01001459,Enfield,Violence Against the Person,Assault with Injury,0,2011,9
E01003188,Lambeth,Drugs,Other Drugs,0,2008,3
E01001666,Greenwich,Violence Against the Person,Murder,0,2010,1
E01001496,Enfield,Burglary,Burglary in Other Buildings,0,2012,10
E01001472,Enfield,Burglary,Burglary in Other Buildings,0,2010,2
E01000350,Bexley,Drugs,Possession Of Drugs,1,2014,9
E01002301,Havering,Violence Against the Person,Wounding/GBH,0,2008,9
E01000259,Barnet,Violence Against the Person,Assault with Injury,0,2010,11
E01003123,Lambeth,Theft and Handling,Theft From Shops,0,2010,3
E01004392,Waltham Forest,Theft and Handling,Theft From Motor Vehicle,0,2016,1
E01000907,Camden,Violence Against the Person,Harassment,0,2013,7
E01000195,Barnet,Theft and Handling,Other Theft,1,2008,11
E01001279,Ealing,Robbery,Personal Property,0,2012,9
E01003175,Lambeth,Violence Against the Person,Assault with Injury,0,2011,9
E01004242,Tower Hamlets,Violence Against the Person,Common Assault,0,2015,4
E01003857,Richmond upon Thames,Theft and Handling,Motor Vehicle Interference & Tampering,0,2013,4
E01002153,Harrow,Burglary,Burglary in Other Buildings,0,2009,3
E01000736,Bromley,Violence Against the Person,Offensive Weapon,0,2009,12
E01003875,Richmond upon Thames,Drugs,Possession Of Drugs,0,2015,2
E01002915,Kingston upon Thames,Theft and Handling,Theft/Taking of Pedal Cycle,0,2009,2
E01002679,Hounslow,Fraud or Forgery,Other Fraud & Forgery,0,2015,5
E01003977,Southwark,Criminal Damage,Criminal Damage To Motor Vehicle,0,2012,8
E01000105,Barking and Dagenham,Theft and Handling,Other Theft,2,2012,1
E01033455,Brent,Theft and Handling,Other Theft Person,0,2010,10
E01003864,Richmond upon Thames,Criminal Damage,Criminal Damage To Motor Vehicle,1,2015,10
E01003725,Redbridge,Other Notifiable Offences,Other Notifiable,0,2011,6
E01002684,Hounslow,Theft and Handling,Other Theft Person,0,2008,2
E01003445,Merton,Theft and Handling,Other Theft Person,0,2008,10
E01003892,Richmond upon Thames,Burglary,Burglary in a Dwelling,3,2013,12
E01001997,Haringey,Criminal Damage,Other Criminal Damage,1,2011,2
E01001614,Greenwich,Theft and Handling,Handling Stolen Goods,0,2011,7
E01000276,Barnet,Burglary,Burglary in a Dwelling,3,2016,11
E01001828,Hackney,Violence Against the Person,Assault with Injury,3,2014,4
E01001846,Hackney,Drugs,Possession Of Drugs,0,2010,12
E01000680,Bromley,Robbery,Business Property,0,2016,5
E01003650,Redbridge,Violence Against the Person,Assault with Injury,0,2013,11
E01003480,Newham,Violence Against the Person,Assault with Injury,0,2013,9
E01004633,Wandsworth,Violence Against the Person,Harassment,2,2008,1
E01003576,Newham,Robbery,Personal Property,3,2016,3
E01004695,Westminster,Fraud or Forgery,Other Fraud & Forgery,0,2011,10
E01000607,Brent,Theft and Handling,Theft/Taking Of Motor Vehicle,0,2016,4
E01001131,Croydon,Theft and Handling,Other Theft Person,0,2009,11
E01004485,Wandsworth,Violence Against the Person,Assault with Injury,0,2016,3
E01002420,Hillingdon,Violence Against the Person,Wounding/GBH,0,2011,1
E01004545,Wandsworth,Theft and Handling,Theft From Motor Vehicle,0,2012,6
E01000274,Barnet,Robbery,Business Property,0,2009,5
E01004405,Waltham Forest,Violence Against the Person,Other violence,0,2010,10
E01004601,Wandsworth,Theft and Handling,Motor Vehicle Interference & Tampering,0,2011,7
E01000406,Bexley,Theft and Handling,Theft From Shops,0,2009,7
E01003966,Southwark,Drugs,Other Drugs,0,2010,12
E01032767,Tower Hamlets,Theft and Handling,Theft/Taking of Pedal Cycle,1,2011,9
E01000048,Barking and Dagenham,Violence Against the Person,Offensive Weapon,0,2010,6
E01003446,Merton,Robbery,Business Property,0,2014,8
E01001091,Croydon,Theft and Handling,Other Theft Person,0,2010,2
E01002578,Hounslow,Theft and Handling,Theft/Taking Of Motor Vehicle,0,2015,2
E01003107,Lambeth,Criminal Damage,Criminal Damage To Dwelling,0,2015,2
E01002218,Harrow,Theft and Handling,Handling Stolen Goods,0,2011,2
E01000836,Bromley,Burglary,Burglary in a Dwelling,1,2012,7
E01003343,Lewisham,Theft and Handling,Theft/Taking Of Motor Vehicle,0,2010,6
E01003656,Redbridge,Burglary,Burglary in Other Buildings,0,2014,5
E01004471,Waltham Forest,Drugs,Possession Of Drugs,1,2008,12
E01000911,Camden,Criminal Damage,Criminal Damage To Other Building,0,2008,7
E01002749,Islington,Theft and Handling,Theft From Motor Vehicle,0,2016,12
E01003138,Lambeth,Drugs,Drug Trafficking,0,2008,11
E01000546,Brent,Robbery,Business Property,0,2010,2
E01032584,Southwark,Other Notifiable Offences,Other Notifiable,0,2013,5
E01000953,Camden,Violence Against the Person,Wounding/GBH,0,2012,9
E01002800,Islington,Theft and Handling,Theft From Motor Vehicle,0,2014,7
E01002217,Harrow,Criminal Damage,Criminal Damage To Motor Vehicle,0,2013,11
E01004403,Waltham Forest,Criminal Damage,Criminal Damage To Motor Vehicle,0,2016,6
E01003442,Merton,Violence Against the Person,Harassment,0,2012,3
E01001254,Ealing,Theft and Handling,Theft From Motor Vehicle,3,2009,1
E01004338,Waltham Forest,Theft and Handling,Theft/Taking of Pedal Cycle,2,2016,2
E01003210,Lewisham,Theft and Handling,Handling Stolen Goods,0,2011,9
E01003880,Richmond upon Thames,Criminal Damage,Criminal Damage To Motor Vehicle,0,2015,12
E01001362,Ealing,Violence Against the Person,Wounding/GBH,0,2014,12
E01004735,Westminster,Sexual Offences,Rape,0,2009,2
E01001933,Hammersmith and Fulham,Violence Against the Person,Harassment,3,2009,8
E01004354,Waltham Forest,Violence Against the Person,Harassment,2,2015,9
E01003135,Lambeth,Criminal Damage,Criminal Damage To Dwelling,0,2016,12
E01004512,Wandsworth,Robbery,Personal Property,0,2015,12
E01004677,Westminster,Burglary,Burglary in a Dwelling,4,2008,6
E01002114,Harrow,Theft and Handling,Other Theft,1,2010,12
E01002460,Hillingdon,Burglary,Burglary in a Dwelling,0,2015,5
E01002903,Kensington and Chelsea,Criminal Damage,Criminal Damage To Other Building,1,2011,2
E01004751,Westminster,Violence Against the Person,Offensive Weapon,0,2008,3
E01004316,Tower Hamlets,Violence Against the Person,Common Assault,0,2010,10
E01000958,Camden,Drugs,Other Drugs,0,2008,11
E01000186,Barnet,Theft and Handling,Theft From Motor Vehicle,0,2012,4
E01000390,Bexley,Theft and Handling,Other Theft Person,0,2008,8
E01003189,Lewisham,Burglary,Burglary in a Dwelling,2,2008,11
E01000226,Barnet,Theft and Handling,Theft/Taking Of Motor Vehicle,2,2015,7
E01002199,Harrow,Violence Against the Person,Murder,0,2011,3
E01003170,Lambeth,Theft and Handling,Theft From Shops,0,2009,5
E01003909,Richmond upon Thames,Burglary,Burglary in a Dwelling,1,2009,7
E01001642,Greenwich,Drugs,Drug Trafficking,0,2008,7
E01004019,Southwark,Other Notifiable Offences,Other Notifiable,0,2014,5
E01000801,Bromley,Drugs,Possession Of Drugs,0,2014,3
E01000440,Bexley,Criminal Damage,Other Criminal Damage,0,2015,6
E01002212,Harrow,Violence Against the Person,Common Assault,1,2009,6
E01032782,Tower Hamlets,Burglary,Burglary in Other Buildings,0,2014,2
E01033489,Islington,Violence Against the Person,Common Assault,0,2012,11
E01004264,Tower Hamlets,Theft and Handling,Other Theft,1,2009,5
E01004491,Wandsworth,Theft and Handling,Theft/Taking of Pedal Cycle,0,2014,7
E01000277,Barnet,Theft and Handling,Other Theft Person,0,2008,6
E01000720,Bromley,Other Notifiable Offences,Other Notifiable,0,2012,2
E01002515,Hillingdon,Violence Against the Person,Other violence,0,2014,3
E01002694,Islington,Theft and Handling,Theft/Taking of Pedal Cycle,0,2011,3
E01032767,Tower Hamlets,Burglary,Burglary in a Dwelling,0,2014,4
E01001940,Hammersmith and Fulham,Other Notifiable Offences,Going Equipped,0,2012,1
E01002875,Kensington and Chelsea,Violence Against the Person,Common Assault,0,2008,11
E01003761,Redbridge,Other Notifiable Offences,Other Notifiable,0,2010,3
E01003650,Redbridge,Other Notifiable Offences,Other Notifiable,0,2016,2
E01003099,Lambeth,Robbery,Business Property,0,2010,8
E01002608,Hounslow,Criminal Damage,Criminal Damage To Other Building,1,2013,3
E01004564,Wandsworth,Theft and Handling,Motor Vehicle Interference & Tampering,0,2008,7
E01004591,Wandsworth,Violence Against the Person,Offensive Weapon,0,2009,3
E01003156,Lambeth,Drugs,Drug Trafficking,0,2012,5
E01001397,Enfield,Drugs,Possession Of Drugs,0,2009,7
E01000082,Barking and Dagenham,Burglary,Burglary in Other Buildings,1,2012,7
E01001965,Haringey,Violence Against the Person,Other violence,0,2010,12
E01002052,Haringey,Drugs,Drug Trafficking,0,2014,5
E01002677,Hounslow,Robbery,Business Property,0,2010,6
E01002066,Haringey,Violence Against the Person,Other violence,1,2010,9
E01000315,Barnet,Criminal Damage,Criminal Damage To Dwelling,1,2009,2
E01001523,Enfield,Theft and Handling,Other Theft,0,2012,4
E01001493,Enfield,Violence Against the Person,Offensive Weapon,0,2013,11
E01003083,Lambeth,Robbery,Business Property,0,2009,8
E01002485,Hillingdon,Drugs,Other Drugs,0,2008,4
E01002456,Hillingdon,Sexual Offences,Other Sexual,0,2012,11
E01000578,Brent,Violence Against the Person,Harassment,1,2014,8
E01000644,Brent,Drugs,Drug Trafficking,0,2011,9
E01004188,Sutton,Drugs,Possession Of Drugs,1,2011,2
E01001185,Croydon,Violence Against the Person,Harassment,0,2012,1
E01002946,Kingston upon Thames,Other Notifiable Offences,Other Notifiable,0,2014,5
E01000835,Bromley,Theft and Handling,Theft From Shops,0,2015,12
E01000932,Camden,Burglary,Burglary in Other Buildings,1,2011,9
E01001076,Croydon,Drugs,Possession Of Drugs,0,2014,6
E01033151,Enfield,Violence Against the Person,Other violence,0,2012,9
E01001555,Enfield,Criminal Damage,Criminal Damage To Motor Vehicle,1,2008,11
E01003205,Lewisham,Violence Against the Person,Offensive Weapon,0,2014,2
E01001565,Enfield,Theft and Handling,Theft/Taking Of Motor Vehicle,1,2015,11
E01000108,Barking and Dagenham,Criminal Damage,Criminal Damage To Other Building,0,2009,5
E01000013,Barking and Dagenham,Drugs,Drug Trafficking,0,2014,1
E01004720,Westminster,Violence Against the Person,Offensive Weapon,0,2008,6
E01004015,Southwark,Drugs,Other Drugs,0,2009,8
E01002716,Islington,Theft and Handling,Theft From Shops,0,2013,8
E01001788,Hackney,Theft and Handling,Other Theft,0,2014,9
E01001892,Hammersmith and Fulham,Violence Against the Person,Other violence,0,2014,3
E01001537,Enfield,Violence Against the Person,Assault with Injury,0,2011,6
E01004344,Waltham Forest,Drugs,Other Drugs,0,2015,3
E01002845,Kensington and Chelsea,Theft and Handling,Other Theft Person,0,2011,11
E01002115,Harrow,Theft and Handling,Theft From Motor Vehicle,0,2009,8
E01000990,Croydon,Sexual Offences,Rape,0,2012,11
E01004083,Sutton,Criminal Damage,Criminal Damage To Dwelling,2,2015,12
E01002579,Hounslow,Violence Against the Person,Wounding/GBH,0,2014,2
E01001700,Greenwich,Violence Against the Person,Harassment,0,2009,4
E01004357,Waltham Forest,Theft and Handling,Theft/Taking Of Motor Vehicle,0,2016,4
E01003909,Richmond upon Thames,Criminal Damage,Criminal Damage To Dwelling,1,2011,10
E01000551,Brent,Robbery,Business Property,0,2008,1
E01003753,Redbridge,Drugs,Drug Trafficking,0,2013,9
E01000122,Barnet,Theft and Handling,Theft/Taking of Pedal Cycle,0,2013,3
E01000649,Bromley,Robbery,Personal Property,0,2013,3
E01002121,Harrow,Robbery,Personal Property,0,2012,1
E01000783,Bromley,Theft and Handling,Other Theft,0,2013,9
E01002514,Hillingdon,Drugs,Drug Trafficking,0,2012,10
E01003871,Richmond upon Thames,Criminal Damage,Criminal Damage To Other Building,0,2015,9
E01004081,Sutton,Violence Against the Person,Common Assault,0,2009,10
E01004651,Westminster,Violence Against the Person,Other violence,0,2010,5
E01000553,Brent,Theft and Handling,Motor Vehicle Interference & Tampering,0,2012,1
E01003624,Newham,Violence Against the Person,Murder,0,2015,11
E01003955,Southwark,Theft and Handling,Motor Vehicle Interference & Tampering,1,2011,2
E01000218,Barnet,Violence Against the Person,Offensive Weapon,0,2012,9
E01000187,Barnet,Violence Against the Person,Harassment,1,2011,11
E01000945,Camden,Theft and Handling,Other Theft Person,2,2009,4
E01004609,Wandsworth,Criminal Damage,Criminal Damage To Other Building,0,2010,6
E01004072,Southwark,Burglary,Burglary in Other Buildings,1,2014,5
E01002549,Hillingdon,Fraud or Forgery,Counted per Victim,0,2012,5
E01002981,Kingston upon Thames,Drugs,Possession Of Drugs,0,2011,2
E01001328,Ealing,Criminal Damage,Criminal Damage To Dwelling,0,2009,3
E01004357,Waltham Forest,Violence Against the Person,Assault with Injury,0,2015,10
E01002883,Kensington and Chelsea,Violence Against the Person,Other violence,0,2014,7
E01001545,Enfield,Theft and Handling,Theft From Shops,0,2010,10
E01000424,Bexley,Criminal Damage,Criminal Damage To Dwelling,0,2013,10
E01002057,Haringey,Violence Against the Person,Assault with Injury,2,2009,11
E01002022,Haringey,Theft and Handling,Theft From Shops,4,2013,9
E01004740,Westminster,Drugs,Possession Of Drugs,3,2008,3
E01003713,Redbridge,Theft and Handling,Theft From Motor Vehicle,0,2016,6
E01001272,Ealing,Theft and Handling,Other Theft,0,2010,2
E01001218,Ealing,Drugs,Possession Of Drugs,0,2016,5
E01003399,Merton,Violence Against the Person,Offensive Weapon,0,2014,9
E01000211,Barnet,Burglary,Burglary in Other Buildings,1,2008,5
E01001431,Enfield,Violence Against the Person,Assault with Injury,0,2009,8
E01004760,Westminster,Criminal Damage,Other Criminal Damage,0,2014,3
E01002776,Islington,Violence Against the Person,Common Assault,0,2013,8
E01000032,Barking and Dagenham,Theft and Handling,Other Theft Person,1,2016,12
E01004308,Tower Hamlets,Burglary,Burglary in a Dwelling,0,2015,5
E01033455,Brent,Theft and Handling,Motor Vehicle Interference & Tampering,0,2014,2
E01003795,Redbridge,Violence Against the Person,Offensive Weapon,0,2016,11
E01001759,Hackney,Theft and Handling,Other Theft,2,2014,6
E01003430,Merton,Violence Against the Person,Assault with Injury,2,2008,8
E01000985,Croydon,Criminal Damage,Criminal Damage To Dwelling,0,2010,9
E01000171,Barnet,Violence Against the Person,Common Assault,0,2012,9
E01002942,Kingston upon Thames,Criminal Damage,Other Criminal Damage,0,2011,9
E01000233,Barnet,Theft and Handling,Theft/Taking of Pedal Cycle,0,2016,8
E01004240,Tower Hamlets,Robbery,Business Property,0,2014,1
E01001590,Greenwich,Theft and Handling,Other Theft,2,2009,11
E01002210,Harrow,Theft and Handling,Other Theft Person,0,2015,7
E01004204,Tower Hamlets,Robbery,Personal Property,1,2008,2
E01002577,Hounslow,Theft and Handling,Theft/Taking Of Motor Vehicle,0,2016,9
E01000897,Camden,Theft and Handling,Motor Vehicle Interference & Tampering,1,2013,6
E01000799,Bromley,Violence Against the Person,Assault with Injury,5,2010,4
E01004653,Westminster,Theft and Handling,Motor Vehicle Interference & Tampering,0,2011,5
E01004160,Sutton,Theft and Handling,Motor Vehicle Interference & Tampering,0,2014,6
E01002594,Hounslow,Theft and Handling,Theft/Taking of Pedal Cycle,0,2013,12
E01001589,Greenwich,Burglary,Burglary in a Dwelling,0,2009,1
E01000446,Bexley,Robbery,Personal Property,0,2011,11
E01000510,Brent,Robbery,Business Property,1,2011,12
E01002449,Hillingdon,Theft and Handling,Theft From Shops,0,2010,9
E01000562,Brent,Drugs,Drug Trafficking,0,2009,6
E01001389,Ealing,Theft and Handling,Theft From Shops,7,2013,1
E01001104,Croydon,Drugs,Drug Trafficking,0,2013,5
E01000241,Barnet,Theft and Handling,Theft From Motor Vehicle,4,2015,1
E01003226,Lewisham,Robbery,Personal Property,0,2016,7
E01004064,Southwark,Drugs,Drug Trafficking,0,2014,12
E01002434,Hillingdon,Theft and Handling,Handling Stolen Goods,0,2012,4
E01001358,Ealing,Violence Against the Person,Common Assault,1,2016,8
E01000469,Bexley,Criminal Damage,Criminal Damage To Other Building,0,2011,8
E01004187,Sutton,Theft and Handling,Theft/Taking Of Motor Vehicle,0,2015,10
E01003851,Richmond upon Thames,Violence Against the Person,Harassment,0,2011,10
E01003000,Kingston upon Thames,Burglary,Burglary in a Dwelling,0,2013,6
E01001502,Enfield,Criminal Damage,Other Criminal Damage,2,2010,1
E01003181,Lambeth,Robbery,Business Property,0,2016,4
E01004181,Sutton,Drugs,Possession Of Drugs,0,2012,6
E01002827,Kensington and Chelsea,Robbery,Personal Property,0,2010,2
E01003001,Kingston upon Thames,Theft and Handling,Motor Vehicle Interference & Tampering,1,2010,9
E01003604,Newham,Violence Against the Person,Assault with Injury,2,2016,11
E01001317,Ealing,Drugs,Drug Trafficking,0,2013,2
E01001280,Ealing,Other Notifiable Offences,Other Notifiable,0,2016,7
E01001391,Enfield,Criminal Damage,Criminal Damage To Other Building,0,2011,10
E01033322,Lewisham,Violence Against the Person,Wounding/GBH,0,2013,8
E01002960,Kingston upon Thames,Theft and Handling,Other Theft,1,2015,12
E01002819,Kensington and Chelsea,Burglary,Burglary in a Dwelling,1,2008,4
E01001776,Hackney,Theft and Handling,Theft/Taking of Pedal Cycle,0,2012,6
E01002117,Harrow,Violence Against the Person,Harassment,0,2011,9
E01004574,Wandsworth,Violence Against the Person,Offensive Weapon,0,2009,11
E01003122,Lambeth,Theft and Handling,Theft/Taking Of Motor Vehicle,0,2015,10
E01002827,Kensington and Chelsea,Robbery,Personal Property,0,2016,11
E01002057,Haringey,Violence Against the Person,Offensive Weapon,0,2008,6
E01003324,Lewisham,Criminal Damage,Other Criminal Damage,1,2011,7
E01002239,Harrow,Robbery,Personal Property,0,2015,10
E01004030,Southwark,Theft and Handling,Motor Vehicle Interference & Tampering,0,2012,2
E01004052,Southwark,Violence Against the Person,Murder,0,2011,4
E01002518,Hillingdon,Violence Against the Person,Assault with Injury,0,2014,10
E01000466,Bexley,Drugs,Drug Trafficking,0,2016,10
E01001178,Croydon,Violence Against the Person,Offensive Weapon,0,2011,5
E01002229,Harrow,Burglary,Burglary in a Dwelling,2,2014,2
E01003704,Redbridge,Criminal Damage,Criminal Damage To Other Building,0,2008,9
E01000969,Camden,Robbery,Personal Property,0,2008,1
E01001871,Hammersmith and Fulham,Violence Against the Person,Harassment,0,2008,7
E01002604,Hounslow,Theft and Handling,Theft/Taking Of Motor Vehicle,0,2011,10
E01003601,Newham,Violence Against the Person,Wounding/GBH,0,2010,5
E01002361,Havering,Drugs,Other Drugs,0,2016,10
E01033605,Westminster,Robbery,Personal Property,0,2008,11
E01002497,Hillingdon,Fraud or Forgery,Other Fraud & Forgery,0,2010,4
E01003919,Southwark,Robbery,Business Property,0,2012,6
E01002769,Islington,Burglary,Burglary in Other Buildings,0,2009,2
E01003249,Lewisham,Theft and Handling,Handling Stolen Goods,0,2012,7
E01002103,Haringey,Drugs,Possession Of Drugs,0,2012,9
E01000905,Camden,Violence Against the Person,Offensive Weapon,1,2009,12
E01001570,Enfield,Drugs,Possession Of Drugs,0,2016,8
E01003219,Lewisham,Drugs,Drug Trafficking,0,2012,2
E01001588,Greenwich,Criminal Damage,Criminal Damage To Motor Vehicle,0,2010,8
E01001595,Greenwich,Violence Against the Person,Other violence,0,2011,5
E01001607,Greenwich,Burglary,Burglary in Other Buildings,1,2009,10
E01000293,Barnet,Theft and Handling,Other Theft,2,2011,4
E01004514,Wandsworth,Theft and Handling,Theft From Motor Vehicle,0,2014,8
E01004357,Waltham Forest,Violence Against the Person,Harassment,1,2012,7
E01002937,Kingston upon Thames,Criminal Damage,Other Criminal Damage,0,2013,9
E01000905,Camden,Drugs,Drug Trafficking,0,2016,10
E01002176,Harrow,Drugs,Drug Trafficking,0,2009,10
E01001530,Enfield,Violence Against the Person,Murder,0,2014,4
E01004120,Sutton,Drugs,Drug Trafficking,0,2013,9
E01000984,Croydon,Criminal Damage,Criminal Damage To Dwelling,2,2009,5
E01004447,Waltham Forest,Theft and Handling,Theft/Taking of Pedal Cycle,0,2012,1
E01004315,Tower Hamlets,Theft and Handling,Motor Vehicle Interference & Tampering,0,2014,11
E01001464,Enfield,Violence Against the Person,Common Assault,1,2011,12
E01002045,Haringey,Criminal Damage,Other Criminal Damage,0,2008,8
E01003261,Lewisham,Theft and Handling,Theft/Taking of Pedal Cycle,0,2010,8
E01003044,Lambeth,Drugs,Drug Trafficking,0,2010,9
E01001097,Croydon,Drugs,Drug Trafficking,0,2011,3
E01000780,Bromley,Theft and Handling,Motor Vehicle Interference & Tampering,0,2011,9
E01003725,Redbridge,Theft and Handling,Other Theft,0,2013,10
E01000742,Bromley,Drugs,Possession Of Drugs,2,2009,10
E01000229,Barnet,Burglary,Burglary in Other Buildings,0,2016,1
E01003831,Richmond upon Thames,Violence Against the Person,Offensive Weapon,0,2008,9
E01001471,Enfield,Violence Against the Person,Other violence,0,2012,9
E01003291,Lewisham,Fraud or Forgery,Counted per Victim,0,2011,8
E01000237,Barnet,Criminal Damage,Criminal Damage To Dwelling,0,2014,6
E01002238,Harrow,Criminal Damage,Criminal Damage To Other Building,0,2012,2
E01001245,Ealing,Robbery,Personal Property,0,2016,12
E01003536,Newham,Burglary,Burglary in a Dwelling,1,2014,10
E01003489,Newham,Violence Against the Person,Harassment,5,2008,7
E01003402,Merton,Theft and Handling,Theft From Shops,1,2012,10
E01003920,Southwark,Fraud or Forgery,Counted per Victim,0,2013,10
E01003367,Merton,Theft and Handling,Handling Stolen Goods,1,2010,2
E01003155,Lambeth,Theft and Handling,Motor Vehicle Interference & Tampering,0,2012,9
E01000693,Bromley,Theft and Handling,Theft From Shops,0,2015,5
E01001947,Hammersmith and Fulham,Theft and Handling,Theft From Motor Vehicle,0,2012,6
E01002949,Kingston upon Thames,Violence Against the Person,Other violence,0,2015,5
E01002215,Harrow,Drugs,Possession Of Drugs,0,2011,7
E01000958,Camden,Theft and Handling,Handling Stolen Goods,0,2008,12
E01002008,Haringey,Burglary,Burglary in a Dwelling,0,2016,4
E01002348,Havering,Violence Against the Person,Assault with Injury,0,2009,12
E01000787,Bromley,Violence Against the Person,Assault with Injury,0,2008,3
E01004117,Sutton,Burglary,Burglary in Other Buildings,0,2011,11
E01001328,Ealing,Theft and Handling,Theft From Motor Vehicle,1,2013,10
E01002745,Islington,Criminal Damage,Criminal Damage To Dwelling,0,2015,5
E01004045,Southwark,Theft and Handling,Theft/Taking Of Motor Vehicle,1,2016,8
E01002519,Hillingdon,Theft and Handling,Other Theft Person,0,2010,12
E01002700,Islington,Robbery,Personal Property,0,2010,6
E01002129,Harrow,Drugs,Drug Trafficking,0,2013,2
E01003228,Lewisham,Burglary,Burglary in Other Buildings,0,2015,5
E01004288,Tower Hamlets,Violence Against the Person,Other violence,0,2011,4
E01004652,Westminster,Theft and Handling,Motor Vehicle Interference & Tampering,0,2011,1
E01002731,Islington,Sexual Offences,Other Sexual,0,2013,5
E01001520,Enfield,Theft and Handling,Handling Stolen Goods,0,2011,7
E01004488,Wandsworth,Burglary,Burglary in Other Buildings,2,2010,5
E01004691,Westminster,Theft and Handling,Handling Stolen Goods,0,2014,9
E01002664,Hounslow,Criminal Damage,Criminal Damage To Other Building,0,2010,8
E01002921,Kingston upon Thames,Theft and Handling,Theft/Taking Of Motor Vehicle,0,2016,10
E01002414,Hillingdon,Burglary,Burglary in Other Buildings,1,2011,4
E01003741,Redbridge,Theft and Handling,Theft From Motor Vehicle,0,2010,12
E01003035,Lambeth,Drugs,Drug Trafficking,0,2011,8
E01002899,Kensington and Chelsea,Theft and Handling,Theft/Taking of Pedal Cycle,1,2009,4
E01003646,Redbridge,Violence Against the Person,Wounding/GBH,0,2008,10
E01000153,Barnet,Theft and Handling,Theft From Shops,0,2008,3
E01003599,Newham,Criminal Damage,Criminal Damage To Motor Vehicle,1,2008,10
E01000533,Brent,Violence Against the Person,Common Assault,0,2014,8
E01004477,Wandsworth,Other Notifiable Offences,Other Notifiable,0,2012,3
E01001076,Croydon,Theft and Handling,Other Theft Person,0,2013,12
E01003891,Richmond upon Thames,Theft and Handling,Theft/Taking of Pedal Cycle,0,2016,1
E01000255,Barnet,Theft and Handling,Handling Stolen Goods,0,2013,11
E01003229,Lewisham,Drugs,Drug Trafficking,0,2015,3
E01001197,Ealing,Theft and Handling,Theft/Taking of Pedal Cycle,1,2008,6
E01000535,Brent,Criminal Damage,Criminal Damage To Motor Vehicle,0,2014,11
E01002206,Harrow,Drugs,Possession Of Drugs,0,2008,3
E01004608,Wandsworth,Robbery,Business Property,0,2008,9
E01002392,Hillingdon,Theft and Handling,Theft/Taking of Pedal Cycle,0,2008,11
E01004256,Tower Hamlets,Theft and Handling,Theft From Motor Vehicle,1,2009,9
E01002667,Hounslow,Violence Against the Person,Offensive Weapon,0,2013,9
E01033150,Enfield,Violence Against the Person,Murder,0,2010,11
E01001859,Hammersmith and Fulham,Drugs,Drug Trafficking,0,2014,9
E01001373,Ealing,Criminal Damage,Other Criminal Damage,1,2016,1
E01002072,Haringey,Criminal Damage,Criminal Damage To Motor Vehicle,2,2015,6
E01004257,Tower Hamlets,Other Notifiable Offences,Going Equipped,0,2013,8
E01002669,Hounslow,Violence Against the Person,Common Assault,0,2016,9
E01000454,Bexley,Criminal Damage,Criminal Damage To Other Building,0,2015,6
E01003646,Redbridge,Criminal Damage,Criminal Damage To Other Building,0,2014,11
E01001864,Hammersmith and Fulham,Violence Against the Person,Wounding/GBH,0,2010,7
E01004044,Southwark,Theft and Handling,Theft From Shops,0,2016,3
E01003398,Merton,Theft and Handling,Motor Vehicle Interference & Tampering,1,2015,4
E01004143,Sutton,Criminal Damage,Criminal Damage To Dwelling,0,2009,10
E01032719,Southwark,Drugs,Possession Of Drugs,0,2016,2
E01001860,Hammersmith and Fulham,Violence Against the Person,Other violence,1,2015,11
E01000329,Bexley,Burglary,Burglary in a Dwelling,0,2012,11
E01002363,Havering,Violence Against the Person,Harassment,1,2016,5
E01004476,Wandsworth,Violence Against the Person,Assault with Injury,0,2009,12
E01004099,Sutton,Theft and Handling,Other Theft,0,2009,12
E01001191,Croydon,Theft and Handling,Handling Stolen Goods,0,2008,9
E01004430,Waltham Forest,Other Notifiable Offences,Other Notifiable,2,2009,5
E01004539,Wandsworth,Theft and Handling,Theft From Motor Vehicle,2,2013,1
E01000018,Barking and Dagenham,Theft and Handling,Other Theft,0,2009,11
E01002498,Hillingdon,Theft and Handling,Other Theft Person,0,2008,8
E01000804,Bromley,Other Notifiable Offences,Going Equipped,0,2008,5
E01004691,Westminster,Theft and Handling,Other Theft Person,2,2008,5
E01001244,Ealing,Fraud or Forgery,Counted per Victim,0,2013,11
E01004659,Westminster,Criminal Damage,Other Criminal Damage,0,2010,7
E01032770,Tower Hamlets,Theft and Handling,Theft From Motor Vehicle,0,2011,5
E01002047,Haringey,Violence Against the Person,Harassment,0,2015,9
E01000509,Brent,Violence Against the Person,Offensive Weapon,0,2011,1
E01003540,Newham,Theft and Handling,Handling Stolen Goods,0,2014,4
E01004738,Westminster,Fraud or Forgery,Counted per Victim,0,2014,9
E01000132,Barnet,Violence Against the Person,Other violence,0,2015,1
E01000472,Brent,Robbery,Personal Property,0,2008,9
E01000403,Bexley,Theft and Handling,Theft/Taking Of Motor Vehicle,0,2009,3
E01000302,Barnet,Other Notifiable Offences,Other Notifiable,0,2011,1
E01000267,Barnet,Drugs,Possession Of Drugs,0,2011,5
E01004146,Sutton,Drugs,Possession Of Drugs,0,2009,6
E01033100,Wandsworth,Other Notifiable Offences,Going Equipped,0,2016,6
E01001381,Ealing,Burglary,Burglary in Other Buildings,0,2014,5
E01002295,Havering,Burglary,Burglary in Other Buildings,0,2013,8
E01004438,Waltham Forest,Violence Against the Person,Other violence,0,2014,9
E01001748,Hackney,Violence Against the Person,Wounding/GBH,0,2009,1
E01002497,Hillingdon,Violence Against the Person,Common Assault,1,2013,2
E01004259,Tower Hamlets,Other Notifiable Offences,Going Equipped,1,2010,3
E01004095,Sutton,Theft and Handling,Other Theft Person,0,2012,9
E01004013,Southwark,Violence Against the Person,Assault with Injury,1,2009,5
E01001171,Croydon,Drugs,Drug Trafficking,0,2015,5
E01004086,Sutton,Theft and Handling,Other Theft,1,2016,9
E01003357,Merton,Burglary,Burglary in Other Buildings,2,2011,5
E01003213,Lewisham,Violence Against the Person,Harassment,0,2008,7
E01004747,Westminster,Robbery,Personal Property,1,2013,2
E01032767,Tower Hamlets,Other Notifiable Offences,Other Notifiable,1,2015,3
E01000065,Barking and Dagenham,Robbery,Personal Property,0,2010,12
E01001437,Enfield,Theft and Handling,Theft From Shops,1,2008,9
E01000908,Camden,Fraud or Forgery,Other Fraud & Forgery,0,2010,5
E01002132,Harrow,Drugs,Drug Trafficking,0,2009,1
E01002303,Havering,Drugs,Possession Of Drugs,0,2014,9
E01000997,Croydon,Drugs,Other Drugs,0,2009,12
E01002914,Kensington and Chelsea,Criminal Damage,Criminal Damage To Motor Vehicle,0,2013,12
E01002187,Harrow,Violence Against the Person,Offensive Weapon,0,2015,9
E01001620,Greenwich,Violence Against the Person,Common Assault,0,2008,9
E01003240,Lewisham,Robbery,Business Property,0,2011,8
E01002255,Havering,Theft and Handling,Motor Vehicle Interference & Tampering,0,2008,7
E01000463,Bexley,Violence Against the Person,Harassment,0,2010,9
E01003441,Merton,Drugs,Other Drugs,0,2013,2
E01002566,Hounslow,Criminal Damage,Criminal Damage To Other Building,0,2014,7
E01002603,Hounslow,Violence Against the Person,Assault with Injury,1,2013,4
E01033494,Islington,Theft and Handling,Other Theft Person,0,2012,9
E01003506,Newham,Theft and Handling,Theft/Taking Of Motor Vehicle,1,2010,9
E01000624,Brent,Theft and Handling,Other Theft Person,0,2016,9
E01002872,Kensington and Chelsea,Theft and Handling,Motor Vehicle Interference & Tampering,0,2008,7
E01004756,Westminster,Criminal Damage,Criminal Damage To Other Building,0,2009,5
E01003922,Southwark,Burglary,Burglary in Other Buildings,1,2011,6
E01001666,Greenwich,Robbery,Business Property,0,2008,2
E01002183,Harrow,Violence Against the Person,Other violence,0,2008,9
E01033577,Newham,Theft and Handling,Other Theft Person,0,2008,10
E01004219,Tower Hamlets,Theft and Handling,Handling Stolen Goods,0,2012,9
E01003553,Newham,Theft and Handling,Other Theft,3,2008,2
E01001449,Enfield,Drugs,Possession Of Drugs,0,2013,6
E01002865,Kensington and Chelsea,Violence Against the Person,Common Assault,0,2009,10
E01003015,Lambeth,Violence Against the Person,Common Assault,0,2011,10
E01000361,Bexley,Violence Against the Person,Wounding/GBH,0,2016,7
E01001678,Greenwich,Drugs,Drug Trafficking,0,2015,7
E01003487,Newham,Drugs,Other Drugs,0,2015,4
E01003765,Redbridge,Robbery,Business Property,0,2013,12
E01002042,Haringey,Theft and Handling,Other Theft Person,0,2009,12
E01002526,Hillingdon,Violence Against the Person,Offensive Weapon,0,2014,1
E01003646,Redbridge,Criminal Damage,Criminal Damage To Motor Vehicle,2,2013,10
E01003451,Merton,Robbery,Business Property,0,2016,4
E01001791,Hackney,Criminal Damage,Criminal Damage To Motor Vehicle,0,2011,3
E01001316,Ealing,Violence Against the Person,Wounding/GBH,3,2014,5
