E01004077,Sutton,Criminal Damage,Criminal Damage To Motor Vehicle,2,2010,8
E01003927,Southwark,Burglary,Burglary in Other Buildings,1,2011,9
E01033000,Hounslow,Theft and Handling,Theft/Taking Of Motor Vehicle,0,2010,9
E01003951,Southwark,Criminal Damage,Criminal Damage To Motor Vehicle,1,2009,11
E01003251,Lewisham,Robbery,Personal Property,5,2010,5
E01004615,Wandsworth,Drugs,Possession Of Drugs,0,2016,12
E01003657,Redbridge,Drugs,Possession Of Drugs,1,2011,7
E01001853,Hammersmith and Fulham,Theft and Handling,Other Theft Person,0,2009,9
E01002710,Islington,Violence Against the Person,Murder,0,2011,4
E01004511,Wandsworth,Burglary,Burglary in a Dwelling,0,2012,10
E01002876,Kensington and Chelsea,Criminal Damage,Criminal Damage To Dwelling,0,2012,5
E01001827,Hackney,Other Notifiable Offences,Other Notifiable,1,2013,11
E01000998,Croydon,Criminal Damage,Criminal Damage To Other Building,0,2009,8
E01003945,Southwark,Theft and Handling,Other Theft Person,0,2012,9
E01004436,Waltham Forest,Other Notifiable Offences,Going Equipped,0,2009,12
E01000647,Bromley,Theft and Handling,Other Theft,0,2008,8
E01001798,Hackney,Violence Against the Person,Harassment,0,2010,7
E01002339,Havering,Violence Against the Person,Assault with Injury,0,2009,2
E01000950,Camden,Robbery,Business Property,0,2015,12
E01032803,Southwark,Theft and Handling,Theft From Shops,0,2016,4
E01000323,Barnet,Theft and Handling,Handling Stolen Goods,0,2015,1
E01001804,Hackney,Violence Against the Person,Common Assault,0,2014,2
E01001976,Haringey,Theft and Handling,Other Theft,0,2016,6
E01002667,Hounslow,Theft and Handling,Theft From Motor Vehicle,2,2011,7
E01003325,Lewisham,Other Notifiable Offences,Other Notifiable,0,2016,9
E01001769,Hackney,Theft and Handling,Theft/Taking of Pedal Cycle,2,2015,3
E01003653,Redbridge,Other Notifiable Offences,Other Notifiable,0,2016,11
E01000584,Brent,Violence Against the Person,Harassment,0,2009,2
E01004518,Wandsworth,Other Notifiable Offences,Other Notifiable,0,2013,10
E01001572,Greenwich,Theft and Handling,Handling Stolen Goods,0,2008,2
E01002591,Hounslow,Criminal Damage,Criminal Damage To Other Building,0,2014,6
E01003581,Newham,Robbery,Personal Property,0,2013,11
E01003607,Newham,Criminal Damage,Other Criminal Damage,0,2008,12
E01000919,Camden,Sexual Offences,Other Sexual,0,2015,9
E01000374,Bexley,Drugs,Other Drugs,0,2014,3
E01004342,Waltham Forest,Violence Against the Person,Other violence,0,2010,6
E01000297,Barnet,Violence Against the Person,Wounding/GBH,0,2014,9
E01004014,Southwark,Theft and Handling,Other Theft Person,1,2015,1
E01000327,Bexley,Drugs,Drug Trafficking,0,2012,5
E01003221,Lewisham,Criminal Damage,Other Criminal Damage,0,2014,11
E01003991,Southwark,Violence Against the Person,Assault with Injury,1,2011,9
E01004736,Westminster,Violence Against the Person,Harassment,6,2016,3
E01000223,Barnet,Burglary,Burglary in Other Buildings,2,2010,10
E01002763,Islington,Fraud or Forgery,Counted per Victim,0,2015,2
E01004402,Waltham Forest,Theft and Handling,Other Theft Person,0,2009,9
E01000250,Barnet,Drugs,Drug Trafficking,0,2009,5
E01003696,Redbridge,Robbery,Personal Property,0,2015,2
E01004679,Westminster,Fraud or Forgery,Counted per Victim,0,2013,4
E01001873,Hammersmith and Fulham,Other Notifiable Offences,Going Equipped,0,2013,5
E01002957,Kingston upon Thames,Robbery,Personal Property,0,2014,7
E01000035,Barking and Dagenham,Robbery,Personal Property,1,2011,12
E01001802,Hackney,Theft and Handling,Other Theft,0,2013,3
E01032805,Southwark,Violence Against the Person,Harassment,0,2011,10
E01003757,Redbridge,Violence Against the Person,Harassment,1,2010,9
E01001204,Ealing,Robbery,Personal Property,0,2014,4
E01032744,Ealing,Violence Against the Person,Wounding/GBH,0,2011,9
E01003345,Lewisham,Theft and Handling,Other Theft Person,0,2014,12
E01001814,Hackney,Violence Against the Person,Murder,0,2013,6
E01000243,Barnet,Theft and Handling,Other Theft,2,2015,3
E01003158,Lambeth,Theft and Handling,Theft/Taking Of Motor Vehicle,0,2009,10
E01002136,Harrow,Violence Against the Person,Common Assault,3,2012,12
E01002699,Islington,Criminal Damage,Criminal Damage To Dwelling,0,2011,12
E01003745,Redbridge,Violence Against the Person,Wounding/GBH,0,2014,9
E01003022,Lambeth,Drugs,Possession Of Drugs,1,2012,5
E01004545,Wandsworth,Violence Against the Person,Other violence,0,2010,12
E01003969,Southwark,Violence Against the Person,Assault with Injury,3,2012,6
E01002735,Islington,Criminal Damage,Criminal Damage To Dwelling,1,2010,5
E01002891,Kensington and Chelsea,Theft and Handling,Theft/Taking Of Motor Vehicle,0,2016,12
E01001395,Enfield,Robbery,Personal Property,0,2010,6
E01002245,Havering,Robbery,Personal Property,0,2008,4
E01004718,Westminster,Other Notifiable Offences,Other Notifiable,1,2014,10
E01003244,Lewisham,Burglary,Burglary in a Dwelling,0,2012,11
E01003362,Merton,Violence Against the Person,Common Assault,1,2008,11
E01004629,Wandsworth,Fraud or Forgery,Counted per Victim,0,2016,7
E01001839,Hackney,Drugs,Other Drugs,0,2008,8
E01003042,Lambeth,Robbery,Business Property,0,2014,11
E01003992,Southwark,Other Notifiable Offences,Going Equipped,0,2015,7
E01002924,Kingston upon Thames,Violence Against the Person,Wounding/GBH,0,2013,5
E01001730,Hackney,Violence Against the Person,Murder,0,2010,10
E01000571,Brent,Robbery,Personal Property,2,2011,10
E01032576,Harrow,Theft and Handling,Theft From Motor Vehicle,0,2008,9
E01003802,Richmond upon Thames,Robbery,Personal Property,0,2008,7
E01002041,Haringey,Theft and Handling,Other Theft Person,1,2016,4
E01002945,Kingston upon Thames,Criminal Damage,Criminal Damage To Motor Vehicle,0,2011,1
E01004597,Wandsworth,Robbery,Business Property,0,2016,10
E01002400,Hillingdon,Criminal Damage,Criminal Damage To Other Building,0,2012,10
E01001921,Hammersmith and Fulham,Drugs,Possession Of Drugs,0,2009,7
E01004138,Sutton,Theft and Handling,Theft From Shops,1,2016,4
E01004088,Sutton,Theft and Handling,Theft/Taking Of Motor Vehicle,0,2013,3
E01000413,Bexley,Theft and Handling,Other Theft,0,2010,6
E01001885,Hammersmith and Fulham,Theft and Handling,Theft/Taking of Pedal Cycle,0,2009,5
E01002640,Hounslow,Criminal Damage,Criminal Damage To Dwelling,1,2015,10
E01002288,Havering,Theft and Handling,Motor Vehicle Interference & Tampering,0,2016,5
E01002025,Haringey,Violence Against the Person,Common Assault,0,2008,5
E01003644,Redbridge,Criminal Damage,Criminal Damage To Motor Vehicle,0,2013,2
E01003591,Newham,Violence Against the Person,Assault with Injury,2,2016,3
E01032790,Hammersmith and Fulham,Theft and Handling,Theft From Motor Vehicle,0,2014,3
E01000951,Camden,Violence Against the Person,Other violence,0,2009,5
E01003342,Lewisham,Criminal Damage,Criminal Damage To Dwelling,0,2015,12
E01003843,Richmond upon Thames,Criminal Damage,Other Criminal Damage,0,2011,1
E01002785,Islington,Criminal Damage,Other Criminal Damage,0,2015,8
E01002780,Islington,Theft and Handling,Other Theft Person,0,2012,8
E01003616,Newham,Theft and Handling,Theft From Motor Vehicle,0,2008,8
E01003474,Merton,Drugs,Possession Of Drugs,0,2011,3
E01000665,Bromley,Burglary,Burglary in a Dwelling,0,2009,11
E01002566,Hounslow,Burglary,Burglary in a Dwelling,0,2016,9
E01004179,Sutton,Criminal Damage,Criminal Damage To Dwelling,0,2015,7
E01003925,Southwark,Burglary,Burglary in a Dwelling,2,2013,7
E01000194,Barnet,Theft and Handling,Other Theft,1,2008,11
E01002014,Haringey,Theft and Handling,Other Theft,1,2010,3
E01002699,Islington,Violence Against the Person,Harassment,1,2015,10
E01004099,Sutton,Theft and Handling,Other Theft Person,0,2008,4
E01004579,Wandsworth,Theft and Handling,Other Theft Person,1,2016,5
E01003556,Newham,Burglary,Burglary in Other Buildings,0,2009,12
E01003535,Newham,Burglary,Burglary in Other Buildings,0,2008,1
E01001998,Haringey,Criminal Damage,Criminal Damage To Dwelling,0,2010,1
E01003499,Newham,Criminal Damage,Other Criminal Damage,0,2015,2
E01000336,Bexley,Violence Against the Person,Assault with Injury,2,2008,9
E01003622,Newham,Theft and Handling,Theft From Shops,0,2011,3
E01004714,Westminster,Violence Against the Person,Other violence,0,2014,2
E01000059,Barking and Dagenham,Burglary,Burglary in Other Buildings,1,2014,10
E01000242,Barnet,Theft and Handling,Theft From Motor Vehicle,1,2013,4
E01000908,Camden,Violence Against the Person,Harassment,1,2016,2
E01000907,Camden,Other Notifiable Offences,Going Equipped,0,2011,2
E01002098,Haringey,Theft and Handling,Other Theft Person,2,2010,6
E01003366,Merton,Theft and Handling,Other Theft,2,2008,6
E01004198,Tower Hamlets,Robbery,Business Property,0,2009,4
E01003744,Redbridge,Burglary,Burglary in a Dwelling,2,2016,12
E01000134,Barnet,Other Notifiable Offences,Other Notifiable,0,2010,5
E01000585,Brent,Theft and Handling,Other Theft,0,2016,5
E01033595,Westminster,Burglary,Burglary in a Dwelling,2,2012,6
E01004235,Tower Hamlets,Criminal Damage,Criminal Damage To Dwelling,0,2009,5
E01002060,Haringey,Criminal Damage,Criminal Damage To Dwelling,0,2016,10
E01004105,Sutton,Criminal Damage,Criminal Damage To Dwelling,1,2010,1
E01000478,Brent,Violence Against the Person,Common Assault,0,2013,1
E01002609,Hounslow,Theft and Handling,Theft From Shops,0,2014,6
E01000827,Bromley,Violence Against the Person,Wounding/GBH,0,2009,2
E01001966,Haringey,Theft and Handling,Other Theft Person,3,2008,12
E01002434,Hillingdon,Theft and Handling,Other Theft,0,2015,2
E01001551,Enfield,Theft and Handling,Theft/Taking of Pedal Cycle,0,2016,1
E01003983,Southwark,Theft and Handling,Other Theft Person,0,2012,12
E01003953,Southwark,Criminal Damage,Other Criminal Damage,1,2016,7
E01003202,Lewisham,Theft and Handling,Theft From Shops,0,2013,2
E01000176,Barnet,Drugs,Other Drugs,0,2015,5
E01001185,Croydon,Violence Against the Person,Assault with Injury,0,2014,8
E01000567,Brent,Violence Against the Person,Common Assault,2,2016,1
E01001862,Hammersmith and Fulham,Criminal Damage,Other Criminal Damage,0,2011,10
E01000639,Brent,Criminal Damage,Criminal Damage To Motor Vehicle,0,2012,5
E01004329,Waltham Forest,Theft and Handling,Theft From Shops,0,2011,10
E01002993,Kingston upon Thames,Other Notifiable Offences,Going Equipped,0,2010,2
E01000233,Barnet,Drugs,Drug Trafficking,0,2013,4
E01003426,Merton,Violence Against the Person,Wounding/GBH,0,2011,1
E01001772,Hackney,Theft and Handling,Motor Vehicle Interference & Tampering,0,2012,11
E01004257,Tower Hamlets,Drugs,Drug Trafficking,0,2010,8
E01004589,Wandsworth,Theft and Handling,Other Theft,0,2012,2
E01003040,Lambeth,Burglary,Burglary in a Dwelling,1,2012,10
E01003439,Merton,Burglary,Burglary in a Dwelling,0,2015,10
E01001465,Enfield,Burglary,Burglary in a Dwelling,2,2011,7
E01001500,Enfield,Robbery,Personal Property,0,2012,11
E01004064,Southwark,Violence Against the Person,Harassment,2,2014,11
E01002703,Islington,Fraud or Forgery,Counted per Victim,0,2014,4
E01004256,Tower Hamlets,Other Notifiable Offences,Going Equipped,0,2013,1
E01002326,Havering,Violence Against the Person,Offensive Weapon,0,2008,4
E01002601,Hounslow,Robbery,Business Property,0,2009,9
E01002168,Harrow,Theft and Handling,Theft From Motor Vehicle,0,2009,11
E01004649,Westminster,Criminal Damage,Criminal Damage To Motor Vehicle,0,2015,6
E01001984,Haringey,Theft and Handling,Theft From Motor Vehicle,1,2016,10
E01000559,Brent,Theft and Handling,Other Theft Person,1,2016,3
E01003268,Lewisham,Other Notifiable Offences,Other Notifiable,0,2010,1
E01003016,Lambeth,Other Notifiable Offences,Going Equipped,0,2008,2
E01002903,Kensington and Chelsea,Violence Against the Person,Harassment,0,2011,11
E01003193,Lewisham,Criminal Damage,Criminal Damage To Motor Vehicle,4,2008,10
E01004692,Westminster,Violence Against the Person,Harassment,0,2009,3
E01002224,Harrow,Drugs,Possession Of Drugs,0,2012,7
E01002311,Havering,Theft and Handling,Handling Stolen Goods,0,2015,7
E01001599,Greenwich,Other Notifiable Offences,Going Equipped,0,2011,9
E01003729,Redbridge,Drugs,Possession Of Drugs,5,2013,12
E01001245,Ealing,Theft and Handling,Theft/Taking Of Motor Vehicle,0,2010,6
E01001267,Ealing,Criminal Damage,Other Criminal Damage,1,2008,6
E01004619,Wandsworth,Theft and Handling,Other Theft Person,0,2013,8
E01000574,Brent,Theft and Handling,Theft From Shops,0,2008,3
E01001580,Greenwich,Violence Against the Person,Harassment,0,2010,10
E01001251,Ealing,Theft and Handling,Theft/Taking of Pedal Cycle,1,2013,11
E01001609,Greenwich,Theft and Handling,Other Theft,8,2014,4
E01000541,Brent,Theft and Handling,Theft/Taking Of Motor Vehicle,0,2014,8
E01003302,Lewisham,Sexual Offences,Rape,0,2008,3
E01000868,Camden,Theft and Handling,Theft From Shops,0,2009,1
E01003907,Richmond upon Thames,Other Notifiable Offences,Other Notifiable,0,2016,1
E01001723,Hackney,Violence Against the Person,Offensive Weapon,0,2014,9
E01004340,Waltham Forest,Burglary,Burglary in a Dwelling,1,2010,4
E01000031,Barking and Dagenham,Other Notifiable Offences,Going Equipped,0,2014,9
E01003166,Lambeth,Other Notifiable Offences,Other Notifiable,0,2010,4
E01003564,Newham,Criminal Damage,Other Criminal Damage,0,2014,6
E01000289,Barnet,Burglary,Burglary in Other Buildings,0,2016,7
E01004539,Wandsworth,Burglary,Burglary in a Dwelling,1,2014,9
E01004599,Wandsworth,Burglary,Burglary in a Dwelling,0,2008,8
E01003202,Lewisham,Violence Against the Person,Offensive Weapon,0,2009,11
E01002383,Havering,Criminal Damage,Other Criminal Damage,0,2009,3
E01002610,Hounslow,Burglary,Burglary in Other Buildings,3,2010,2
E01000780,Bromley,Criminal Damage,Criminal Damage To Dwelling,0,2013,1
E01004288,Tower Hamlets,Criminal Damage,Other Criminal Damage,1,2010,9
E01004120,Sutton,Violence Against the Person,Offensive Weapon,0,2013,2
E01032562,Bromley,Criminal Damage,Criminal Damage To Motor Vehicle,1,2012,3
E01003281,Lewisham,Theft and Handling,Theft/Taking Of Motor Vehicle,0,2016,8
E01001467,Enfield,Violence Against the Person,Offensive Weapon,0,2011,9
E01004290,Tower Hamlets,Criminal Damage,Criminal Damage To Other Building,0,2009,7
E01001467,Enfield,Violence Against the Person,Common Assault,0,2011,10
E01000069,Barking and Dagenham,Violence Against the Person,Assault with Injury,0,2009,7
E01000686,Bromley,Theft and Handling,Theft From Motor Vehicle,0,2009,9
E01000321,Barnet,Other Notifiable Offences,Going Equipped,0,2013,1
E01004761,Westminster,Violence Against the Person,Murder,0,2014,11
E01000206,Barnet,Criminal Damage,Criminal Damage To Dwelling,0,2010,6
E01002352,Havering,Violence Against the Person,Common Assault,1,2016,6
E01000621,Brent,Violence Against the Person,Common Assault,0,2016,1
E01003148,Lambeth,Burglary,Burglary in a Dwelling,0,2015,4
E01000565,Brent,Robbery,Business Property,0,2008,10
E01000253,Barnet,Violence Against the Person,Other violence,0,2010,3
E01004021,Southwark,Theft and Handling,Theft/Taking Of Motor Vehicle,1,2013,3
E01002609,Hounslow,Violence Against the Person,Offensive Weapon,0,2011,1
E01002718,Islington,Robbery,Business Property,0,2012,11
E01004116,Sutton,Violence Against the Person,Harassment,0,2012,6
E01000923,Camden,Violence Against the Person,Other violence,0,2013,12
E01001402,Enfield,Other Notifiable Offences,Other Notifiable,0,2009,11
E01002743,Islington,Theft and Handling,Other Theft Person,0,2013,2
E01001736,Hackney,Burglary,Burglary in Other Buildings,2,2009,5
E01000648,Bromley,Theft and Handling,Handling Stolen Goods,0,2010,5
E01001133,Croydon,Theft and Handling,Other Theft Person,0,2009,5
E01000052,Barking and Dagenham,Drugs,Drug Trafficking,0,2016,8
E01001188,Croydon,Criminal Damage,Criminal Damage To Dwelling,0,2011,1
E01004322,Tower Hamlets,Burglary,Burglary in a Dwelling,0,2015,1
E01002060,Haringey,Robbery,Personal Property,0,2015,1
E01001376,Ealing,Violence Against the Person,Other violence,0,2015,8
E01002807,Islington,Theft and Handling,Handling Stolen Goods,0,2016,1
E01001672,Greenwich,Violence Against the Person,Common Assault,2,2008,9
E01001515,Enfield,Violence Against the Person,Harassment,0,2008,1
E01001922,Hammersmith and Fulham,Theft and Handling,Theft/Taking Of Motor Vehicle,2,2012,9
E01002741,Islington,Theft and Handling,Other Theft Person,0,2012,8
E01000046,Barking and Dagenham,Theft and Handling,Theft/Taking of Pedal Cycle,0,2016,4
E01001917,Hammersmith and Fulham,Theft and Handling,Theft From Motor Vehicle,0,2016,11
E01003148,Lambeth,Theft and Handling,Theft/Taking Of Motor Vehicle,1,2010,7
E01002379,Havering,Drugs,Possession Of Drugs,1,2013,1
E01033710,Hackney,Burglary,Burglary in a Dwelling,0,2008,6
E01000575,Brent,Theft and Handling,Other Theft,0,2012,6
E01001517,Enfield,Violence Against the Person,Common Assault,0,2008,11
E01000294,Barnet,Burglary,Burglary in a Dwelling,0,2011,6
E01003324,Lewisham,Criminal Damage,Other Criminal Damage,0,2013,9
E01000909,Camden,Drugs,Drug Trafficking,0,2013,1
E01000633,Brent,Drugs,Other Drugs,0,2009,7
E01000217,Barnet,Violence Against the Person,Wounding/GBH,0,2009,1
E01000858,Camden,Robbery,Personal Property,2,2011,12
E01002277,Havering,Violence Against the Person,Offensive Weapon,0,2009,2
E01004204,Tower Hamlets,Drugs,Drug Trafficking,0,2015,3
E01002075,Haringey,Violence Against the Person,Harassment,2,2016,4
E01001537,Enfield,Criminal Damage,Criminal Damage To Dwelling,0,2009,9
E01001870,Hammersmith and Fulham,Violence Against the Person,Assault with Injury,0,2009,7
E01000524,Brent,Violence Against the Person,Assault with Injury,2,2011,5
E01003035,Lambeth,Violence Against the Person,Wounding/GBH,0,2009,5
E01002221,Harrow,Other Notifiable Offences,Going Equipped,0,2012,8
E01001111,Croydon,Burglary,Burglary in a Dwelling,4,2008,12
E01004317,Tower Hamlets,Fraud or Forgery,Other Fraud & Forgery,0,2016,2
E01001311,Ealing,Violence Against the Person,Wounding/GBH,0,2014,8
E01000322,Barnet,Criminal Damage,Criminal Damage To Dwelling,0,2009,8
E01003202,Lewisham,Criminal Damage,Criminal Damage To Other Building,0,2016,5
E01000154,Barnet,Violence Against the Person,Wounding/GBH,0,2008,8
E01003818,Richmond upon Thames,Criminal Damage,Other Criminal Damage,0,2011,3
E01004042,Southwark,Criminal Damage,Other Criminal Damage,0,2013,11
E01002883,Kensington and Chelsea,Other Notifiable Offences,Going Equipped,0,2010,4
E01004408,Waltham Forest,Violence Against the Person,Other violence,0,2014,2
E01033579,Newham,Burglary,Burglary in a Dwelling,0,2015,2
E01002243,Havering,Theft and Handling,Handling Stolen Goods,0,2010,1
E01000201,Barnet,Violence Against the Person,Other violence,0,2011,8
E01002427,Hillingdon,Violence Against the Person,Common Assault,1,2011,1
E01002611,Hounslow,Violence Against the Person,Other violence,0,2013,2
E01002439,Hillingdon,Violence Against the Person,Common Assault,1,2016,4
E01003950,Southwark,Theft and Handling,Theft From Motor Vehicle,0,2015,3
E01004557,Wandsworth,Theft and Handling,Other Theft,1,2013,6
E01001499,Enfield,Drugs,Drug Trafficking,0,2011,11
E01003520,Newham,Violence Against the Person,Assault with Injury,4,2008,8
E01000234,Barnet,Criminal Damage,Criminal Damage To Other Building,0,2009,10
E01002806,Islington,Violence Against the Person,Wounding/GBH,0,2013,2
E01003020,Lambeth,Violence Against the Person,Wounding/GBH,0,2009,6
E01004182,Sutton,Criminal Damage,Other Criminal Damage,0,2012,2
E01004154,Sutton,Criminal Damage,Other Criminal Damage,0,2008,3
E01003819,Richmond upon Thames,Other Notifiable Offences,Other Notifiable,0,2013,3
E01002385,Havering,Sexual Offences,Other Sexual,0,2014,7
E01003285,Lewisham,Robbery,Personal Property,0,2016,9
E01000297,Barnet,Criminal Damage,Criminal Damage To Motor Vehicle,0,2014,2
E01000323,Barnet,Theft and Handling,Theft/Taking Of Motor Vehicle,1,2011,4
E01004564,Wandsworth,Violence Against the Person,Wounding/GBH,2,2013,8
E01032575,Haringey,Theft and Handling,Theft/Taking of Pedal Cycle,0,2009,7
E01002839,Kensington and Chelsea,Violence Against the Person,Common Assault,0,2008,3
E01001216,Ealing,Violence Against the Person,Other violence,0,2015,9
E01000365,Bexley,Violence Against the Person,Wounding/GBH,0,2016,2
E01004199,Tower Hamlets,Robbery,Personal Property,0,2015,4
E01001678,Greenwich,Drugs,Drug Trafficking,0,2011,5
E01001188,Croydon,Criminal Damage,Other Criminal Damage,0,2012,3
E01000439,Bexley,Violence Against the Person,Other violence,0,2011,11
E01001565,Enfield,Violence Against the Person,Harassment,1,2015,5
E01002718,Islington,Criminal Damage,Other Criminal Damage,0,2009,10
E01004063,Southwark,Burglary,Burglary in a Dwelling,1,2014,5
E01000510,Brent,Drugs,Other Drugs,0,2008,5
E01002389,Havering,Burglary,Burglary in Other Buildings,0,2013,12
E01003572,Newham,Robbery,Business Property,0,2012,4
E01000607,Brent,Criminal Damage,Criminal Damage To Motor Vehicle,0,2013,3
E01004742,Westminster,Violence Against the Person,Assault with Injury,1,2013,7
E01000516,Brent,Violence Against the Person,Wounding/GBH,0,2013,8
E01003564,Newham,Violence Against the Person,Wounding/GBH,0,2008,10
E01002795,Islington,Theft and Handling,Theft From Motor Vehicle,2,2014,7
E01004544,Wandsworth,Theft and Handling,Other Theft,2,2011,1
E01033604,Westminster,Drugs,Drug Trafficking,1,2015,3
E01004381,Waltham Forest,Criminal Damage,Criminal Damage To Dwelling,2,2016,7
E01000330,Bexley,Criminal Damage,Other Criminal Damage,2,2011,8
E01004209,Tower Hamlets,Theft and Handling,Other Theft Person,0,2012,1
E01004359,Waltham Forest,Violence Against the Person,Wounding/GBH,0,2011,4
E01004558,Wandsworth,Drugs,Drug Trafficking,0,2016,5
E01002831,Kensington and Chelsea,Criminal Damage,Other Criminal Damage,0,2016,2
E01001065,Croydon,Robbery,Business Property,0,2010,12
E01002880,Kensington and Chelsea,Other Notifiable Offences,Other Notifiable,0,2015,10
E01003761,Redbridge,Criminal Damage,Criminal Damage To Other Building,0,2010,7
E01003189,Lewisham,Other Notifiable Offences,Other Notifiable,0,2008,12
E01033455,Brent,Theft and Handling,Motor Vehicle Interference & Tampering,0,2011,5
E01003243,Lewisham,Violence Against the Person,Offensive Weapon,2,2008,10
E01032788,Hammersmith and Fulham,Theft and Handling,Other Theft Person,1,2013,8
E01000029,Barking and Dagenham,Theft and Handling,Theft From Motor Vehicle,3,2010,12
E01003901,Richmond upon Thames,Theft and Handling,Other Theft,0,2009,12
E01001455,Enfield,Criminal Damage,Criminal Damage To Other Building,0,2015,10
E01000661,Bromley,Criminal Damage,Criminal Damage To Motor Vehicle,1,2008,9
E01003349,Lewisham,Criminal Damage,Criminal Damage To Dwelling,1,2008,1
E01000861,Camden,Violence Against the Person,Offensive Weapon,0,2014,2
E01002452,Hillingdon,Criminal Damage,Other Criminal Damage,0,2014,4
E01000773,Bromley,Theft and Handling,Theft/Taking of Pedal Cycle,0,2014,2
E01001838,Hackney,Violence Against the Person,Murder,0,2012,2
E01000783,Bromley,Sexual Offences,Rape,0,2008,10
E01001896,Hammersmith and Fulham,Criminal Damage,Criminal Damage To Motor Vehicle,0,2016,4
E01003934,Southwark,Violence Against the Person,Assault with Injury,0,2013,10
E01003159,Lambeth,Theft and Handling,Other Theft,1,2013,9
E01004637,Wandsworth,Burglary,Burglary in Other Buildings,0,2014,9
E01000342,Bexley,Drugs,Possession Of Drugs,0,2016,12
E01001148,Croydon,Robbery,Business Property,0,2015,2
E01004137,Sutton,Other Notifiable Offences,Other Notifiable,0,2010,1
E01004573,Wandsworth,Burglary,Burglary in Other Buildings,0,2013,3
E01001575,Greenwich,Drugs,Other Drugs,0,2010,11
E01003919,Southwark,Criminal Damage,Criminal Damage To Motor Vehicle,0,2010,3
E01004345,Waltham Forest,Violence Against the Person,Wounding/GBH,0,2008,8
E01003736,Redbridge,Criminal Damage,Other Criminal Damage,0,2014,12
E01002379,Havering,Theft and Handling,Other Theft Person,0,2011,8
E01000934,Camden,Violence Against the Person,Common Assault,0,2008,11
E01001971,Haringey,Violence Against the Person,Murder,0,2011,6
E01000615,Brent,Theft and Handling,Theft From Motor Vehicle,3,2012,7
E01000264,Barnet,Drugs,Possession Of Drugs,1,2013,11
E01003309,Lewisham,Theft and Handling,Handling Stolen Goods,0,2008,8
E01004521,Wandsworth,Other Notifiable Offences,Other Notifiable,0,2015,6
E01000124,Barnet,Theft and Handling,Theft/Taking of Pedal Cycle,0,2011,5
E01000495,Brent,Theft and Handling,Handling Stolen Goods,0,2008,11
E01004501,Wandsworth,Drugs,Possession Of Drugs,0,2013,4
E01003326,Lewisham,Criminal Damage,Criminal Damage To Other Building,0,2016,11
E01000476,Brent,Robbery,Personal Property,0,2015,1
E01004046,Southwark,Violence Against the Person,Other violence,0,2009,9
E01004618,Wandsworth,Theft and Handling,Theft From Motor Vehicle,1,2008,5
E01002965,Kingston upon Thames,Theft and Handling,Theft/Taking of Pedal Cycle,0,2015,11
E01001462,Enfield,Violence Against the Person,Harassment,0,2013,11
E01000793,Bromley,Robbery,Business Property,0,2013,12
E01002076,Haringey,Theft and Handling,Motor Vehicle Interference & Tampering,0,2009,4
E01002800,Islington,Criminal Damage,Criminal Damage To Motor Vehicle,2,2008,10
E01000435,Bexley,Drugs,Possession Of Drugs,2,2012,9
E01001762,Hackney,Violence Against the Person,Other violence,0,2010,7
E01004434,Waltham Forest,Other Notifiable Offences,Other Notifiable,0,2010,10
E01002921,Kingston upon Thames,Theft and Handling,Theft From Motor Vehicle,0,2008,2
E01001066,Croydon,Robbery,Business Property,0,2014,6
E01000340,Bexley,Other Notifiable Offences,Going Equipped,0,2010,7
E01002431,Hillingdon,Criminal Damage,Criminal Damage To Motor Vehicle,0,2013,10
E01001408,Enfield,Other Notifiable Offences,Other Notifiable,0,2010,10
E01004763,Westminster,Other Notifiable Offences,Going Equipped,0,2013,8
E01003957,Southwark,Burglary,Burglary in a Dwelling,1,2011,5
E01003314,Lewisham,Drugs,Possession Of Drugs,0,2014,11
E01003142,Lambeth,Theft and Handling,Theft From Shops,0,2016,9
E01002819,Kensington and Chelsea,Theft and Handling,Theft/Taking of Pedal Cycle,0,2016,12
E01004575,Wandsworth,Violence Against the Person,Wounding/GBH,0,2008,8
E01002134,Harrow,Violence Against the Person,Offensive Weapon,0,2016,10
E01003727,Redbridge,Burglary,Burglary in Other Buildings,0,2010,5
E01001298,Ealing,Burglary,Burglary in Other Buildings,0,2009,10
E01002807,Islington,Theft and Handling,Theft From Motor Vehicle,0,2014,6
E01003932,Southwark,Other Notifiable Offences,Other Notifiable,1,2016,12
E01000385,Bexley,Theft and Handling,Motor Vehicle Interference & Tampering,0,2014,9
E01004483,Wandsworth,Criminal Damage,Criminal Damage To Other Building,0,2015,3
E01003441,Merton,Criminal Damage,Criminal Damage To Dwelling,0,2016,12
E01002397,Hillingdon,Violence Against the Person,Murder,0,2012,10
E01033713,Hackney,Criminal Damage,Criminal Damage To Other Building,0,2016,4
E01002129,Harrow,Drugs,Possession Of Drugs,2,2011,12
E01001910,Hammersmith and Fulham,Violence Against the Person,Offensive Weapon,0,2013,2
E01001344,Ealing,Criminal Damage,Criminal Damage To Dwelling,0,2015,8
E01002944,Kingston upon Thames,Robbery,Business Property,0,2015,2
E01000169,Barnet,Violence Against the Person,Other violence,0,2009,12
E01003066,Lambeth,Theft and Handling,Theft/Taking Of Motor Vehicle,0,2012,5
E01002829,Kensington and Chelsea,Violence Against the Person,Common Assault,1,2015,8
E01000393,Bexley,Theft and Handling,Other Theft,0,2010,8
E01000191,Barnet,Theft and Handling,Motor Vehicle Interference & Tampering,1,2013,8
E01000388,Bexley,Theft and Handling,Theft/Taking Of Motor Vehicle,0,2010,9
E01000918,Camden,Other Notifiable Offences,Other Notifiable,5,2013,3
E01001841,Hackney,Robbery,Personal Property,0,2016,6
E01002616,Hounslow,Robbery,Personal Property,0,2010,4
E01001183,Croydon,Fraud or Forgery,Counted per Victim,0,2013,12
E01004619,Wandsworth,Violence Against the Person,Assault with Injury,0,2012,7
E01001678,Greenwich,Violence Against the Person,Other violence,0,2015,2
E01000567,Brent,Criminal Damage,Criminal Damage To Other Building,0,2009,11
E01004188,Sutton,Theft and Handling,Other Theft Person,0,2013,3
E01003968,Southwark,Criminal Damage,Criminal Damage To Other Building,0,2009,12
E01033573,Barnet,Criminal Damage,Criminal Damage To Dwelling,0,2015,8
E01004508,Wandsworth,Violence Against the Person,Harassment,1,2008,12
E01002171,Harrow,Violence Against the Person,Wounding/GBH,0,2008,11
E01001768,Hackney,Theft and Handling,Theft/Taking of Pedal Cycle,1,2009,7
E01003656,Redbridge,Other Notifiable Offences,Other Notifiable,0,2014,11
E01004242,Tower Hamlets,Theft and Handling,Handling Stolen Goods,0,2014,7
E01003545,Newham,Other Notifiable Offences,Other Notifiable,0,2012,4
E01001765,Hackney,Criminal Damage,Criminal Damage To Motor Vehicle,0,2008,11
E01003568,Newham,Drugs,Other Drugs,0,2013,11
E01004058,Southwark,Criminal Damage,Other Criminal Damage,0,2008,2
E01002475,Hillingdon,Violence Against the Person,Harassment,0,2013,7
E01000992,Croydon,Robbery,Personal Property,0,2015,6
E01001852,Hammersmith and Fulham,Violence Against the Person,Offensive Weapon,0,2015,3
E01003478,Merton,Criminal Damage,Criminal Damage To Motor Vehicle,0,2013,3
E01002020,Haringey,Violence Against the Person,Murder,0,2009,4
E01003677,Redbridge,Drugs,Drug Trafficking,0,2013,6
E01001207,Ealing,Criminal Damage,Criminal Damage To Dwelling,0,2010,4
E01003352,Lewisham,Other Notifiable Offences,Going Equipped,0,2008,2
E01002993,Kingston upon Thames,Criminal Damage,Criminal Damage To Motor Vehicle,0,2013,3
E01002494,Hillingdon,Violence Against the Person,Other violence,0,2010,11
E01001910,Hammersmith and Fulham,Robbery,Personal Property,1,2011,3
E01033490,Islington,Criminal Damage,Other Criminal Damage,0,2011,6
E01003389,Merton,Robbery,Business Property,1,2008,3
E01004237,Tower Hamlets,Theft and Handling,Theft From Shops,0,2010,7
E01000354,Bexley,Theft and Handling,Theft/Taking of Pedal Cycle,0,2012,8
E01004435,Waltham Forest,Theft and Handling,Motor Vehicle Interference & Tampering,0,2013,11
E01001891,Hammersmith and Fulham,Other Notifiable Offences,Going Equipped,0,2014,9
E01002214,Harrow,Criminal Damage,Other Criminal Damage,0,2013,11
E01004748,Westminster,Criminal Damage,Criminal Damage To Motor Vehicle,1,2014,11
E01002752,Islington,Violence Against the Person,Wounding/GBH,0,2011,1
E01000763,Bromley,Violence Against the Person,Assault with Injury,0,2015,10
E01001457,Enfield,Violence Against the Person,Other violence,0,2014,12
E01001555,Enfield,Violence Against the Person,Wounding/GBH,1,2014,10
E01000602,Brent,Violence Against the Person,Other violence,0,2012,4
E01001565,Enfield,Criminal Damage,Criminal Damage To Motor Vehicle,0,2013,3
E01003719,Redbridge,Theft and Handling,Motor Vehicle Interference & Tampering,1,2010,5
E01032576,Harrow,Drugs,Drug Trafficking,0,2013,9
E01003162,Lambeth,Theft and Handling,Theft/Taking of Pedal Cycle,1,2009,11
E01001569,Enfield,Theft and Handling,Theft/Taking of Pedal Cycle,1,2010,8
E01000900,Camden,Theft and Handling,Handling Stolen Goods,0,2011,3
E01002745,Islington,Theft and Handling,Theft From Shops,0,2013,10
E01004476,Wandsworth,Criminal Damage,Criminal Damage To Motor Vehicle,0,2015,12
E01003824,Richmond upon Thames,Burglary,Burglary in a Dwelling,0,2015,9
E01000090,Barking and Dagenham,Violence Against the Person,Assault with Injury,1,2012,11
E01000871,Camden,Theft and Handling,Motor Vehicle Interference & Tampering,0,2009,2
E01003153,Lambeth,Theft and Handling,Theft From Shops,0,2011,3
E01003689,Redbridge,Theft and Handling,Motor Vehicle Interference & Tampering,0,2013,9
E01004385,Waltham Forest,Sexual Offences,Rape,0,2013,10
E01002873,Kensington and Chelsea,Violence Against the Person,Other violence,0,2009,3
E01000105,Barking and Dagenham,Criminal Damage,Criminal Damage To Motor Vehicle,3,2011,6
E01004577,Wandsworth,Theft and Handling,Theft/Taking Of Motor Vehicle,1,2014,1
E01001053,Croydon,Other Notifiable Offences,Other Notifiable,1,2015,12
E01002337,Havering,Theft and Handling,Motor Vehicle Interference & Tampering,0,2011,7
E01003410,Merton,Criminal Damage,Criminal Damage To Motor Vehicle,0,2015,5
E01000492,Brent,Theft and Handling,Theft/Taking Of Motor Vehicle,0,2009,2
E01000476,Brent,Theft and Handling,Theft From Motor Vehicle,0,2010,11
E01003869,Richmond upon Thames,Violence Against the Person,Harassment,0,2011,6
E01001065,Croydon,Theft and Handling,Other Theft Person,0,2012,9
E01001961,Hammersmith and Fulham,Drugs,Possession Of Drugs,0,2009,1
E01002022,Haringey,Violence Against the Person,Assault with Injury,5,2010,7
E01033602,Westminster,Theft and Handling,Theft From Motor Vehicle,0,2015,12
E01002394,Hillingdon,Drugs,Drug Trafficking,0,2008,10
E01002587,Hounslow,Burglary,Burglary in Other Buildings,0,2016,6
E01003786,Redbridge,Violence Against the Person,Common Assault,1,2015,12
E01003084,Lambeth,Violence Against the Person,Harassment,0,2009,11
E01001290,Ealing,Theft and Handling,Motor Vehicle Interference & Tampering,0,2012,1
E01001444,Enfield,Theft and Handling,Other Theft,0,2012,12
E01003368,Merton,Other Notifiable Offences,Other Notifiable,0,2010,1
E01000835,Bromley,Robbery,Business Property,0,2012,1
E01002851,Kensington and Chelsea,Theft and Handling,Other Theft Person,1,2008,3
E01001925,Hammersmith and Fulham,Theft and Handling,Theft From Shops,0,2016,4
E01000222,Barnet,Robbery,Personal Property,0,2014,7
E01004428,Waltham Forest,Theft and Handling,Handling Stolen Goods,0,2008,1
E01002640,Hounslow,Drugs,Other Drugs,0,2016,2
E01003834,Richmond upon Thames,Theft and Handling,Theft/Taking Of Motor Vehicle,0,2014,4
E01000835,Bromley,Drugs,Drug Trafficking,0,2013,5
E01004376,Waltham Forest,Theft and Handling,Motor Vehicle Interference & Tampering,0,2015,3
E01001850,Hackney,Drugs,Possession Of Drugs,1,2011,1
E01002584,Hounslow,Violence Against the Person,Offensive Weapon,0,2013,1
E01003673,Redbridge,Robbery,Business Property,0,2016,3
E01000777,Bromley,Other Notifiable Offences,Going Equipped,0,2014,3
E01004738,Westminster,Theft and Handling,Handling Stolen Goods,0,2009,8
E01004429,Waltham Forest,Violence Against the Person,Harassment,1,2015,6
E01000302,Barnet,Criminal Damage,Criminal Damage To Other Building,0,2010,6
E01004652,Westminster,Theft and Handling,Theft From Motor Vehicle,0,2011,8
E01003262,Lewisham,Robbery,Personal Property,2,2013,2
E01003724,Redbridge,Criminal Damage,Criminal Damage To Dwelling,0,2016,5
E01000087,Barking and Dagenham,Robbery,Personal Property,1,2012,4
E01001808,Hackney,Violence Against the Person,Common Assault,1,2011,8
E01002311,Havering,Other Notifiable Offences,Other Notifiable,0,2011,9
E01003678,Redbridge,Drugs,Drug Trafficking,0,2013,10
E01002467,Hillingdon,Criminal Damage,Criminal Damage To Other Building,0,2011,7
E01004679,Westminster,Other Notifiable Offences,Going Equipped,0,2008,9
E01002395,Hillingdon,Theft and Handling,Theft/Taking Of Motor Vehicle,1,2015,6
E01004023,Southwark,Theft and Handling,Theft/Taking Of Motor Vehicle,1,2009,10
E01002834,Kensington and Chelsea,Theft and Handling,Handling Stolen Goods,0,2010,10
E01004602,Wandsworth,Theft and Handling,Theft From Shops,0,2013,6
E01001433,Enfield,Violence Against the Person,Assault with Injury,2,2008,10
E01004529,Wandsworth,Violence Against the Person,Offensive Weapon,0,2013,7
E01001724,Hackney,Drugs,Possession Of Drugs,1,2013,11
E01002247,Havering,Violence Against the Person,Assault with Injury,0,2016,12
E01000230,Barnet,Drugs,Possession Of Drugs,0,2009,8
E01004701,Westminster,Violence Against the Person,Common Assault,0,2008,9
E01003829,Richmond upon Thames,Criminal Damage,Criminal Damage To Motor Vehicle,0,2012,2
E01002447,Hillingdon,Violence Against the Person,Common Assault,2,2016,8
E01002692,Hounslow,Burglary,Burglary in Other Buildings,0,2009,9
E01000123,Barnet,Theft and Handling,Theft From Motor Vehicle,1,2011,2
E01002892,Kensington and Chelsea,Theft and Handling,Other Theft,2,2016,9
E01002776,Islington,Criminal Damage,Other Criminal Damage,0,2009,4
E01004583,Wandsworth,Violence Against the Person,Harassment,2,2013,9
E01002552,Hillingdon,Violence Against the Person,Offensive Weapon,0,2011,9
E01004477,Wandsworth,Burglary,Burglary in Other Buildings,0,2013,11
E01003081,Lambeth,Sexual Offences,Other Sexual,0,2014,7
E01003601,Newham,Violence Against the Person,Assault with Injury,3,2011,5
E01003777,Redbridge,Theft and Handling,Other Theft,1,2008,5
E01002392,Hillingdon,Violence Against the Person,Harassment,3,2015,10
E01003749,Redbridge,Other Notifiable Offences,Other Notifiable,0,2012,1
E01001484,Enfield,Robbery,Personal Property,0,2012,9
E01002150,Harrow,Violence Against the Person,Other violence,0,2010,11
E01001931,Hammersmith and Fulham,Drugs,Drug Trafficking,0,2011,5
E01000056,Barking and Dagenham,Violence Against the Person,Other violence,0,2010,3
E01001652,Greenwich,Theft and Handling,Motor Vehicle Interference & Tampering,0,2012,6
E01001923,Hammersmith and Fulham,Other Notifiable Offences,Other Notifiable,0,2010,12
E01004300,Tower Hamlets,Robbery,Personal Property,0,2008,4
E01003429,Merton,Criminal Damage,Criminal Damage To Motor Vehicle,0,2015,5
E01004193,Sutton,Theft and Handling,Theft/Taking of Pedal Cycle,0,2012,4
E01004518,Wandsworth,Theft and Handling,Other Theft Person,0,2010,10
E01002236,Harrow,Theft and Handling,Other Theft,0,2010,11
E01033568,Kingston upon Thames,Theft and Handling,Other Theft Person,0,2011,8
E01000326,Bexley,Drugs,Possession Of Drugs,0,2008,5
E01004423,Waltham Forest,Violence Against the Person,Assault with Injury,1,2010,10
E01001800,Hackney,Drugs,Drug Trafficking,0,2014,10
E01000671,Bromley,Criminal Damage,Criminal Damage To Other Building,0,2015,3
E01001802,Hackney,Violence Against the Person,Offensive Weapon,0,2014,6
E01001138,Croydon,Burglary,Burglary in Other Buildings,0,2009,2
E01001047,Croydon,Violence Against the Person,Offensive Weapon,0,2012,10
E01003324,Lewisham,Theft and Handling,Other Theft,4,2011,9
E01003347,Lewisham,Robbery,Business Property,0,2013,9
E01002863,Kensington and Chelsea,Criminal Damage,Criminal Damage To Other Building,0,2008,1
E01000587,Brent,Criminal Damage,Criminal Damage To Other Building,0,2016,4
E01001063,Croydon,Theft and Handling,Other Theft,1,2011,10
E01003724,Redbridge,Theft and Handling,Theft From Shops,0,2010,11
E01002260,Havering,Burglary,Burglary in a Dwelling,3,2008,5
E01000517,Brent,Theft and Handling,Theft/Taking of Pedal Cycle,0,2013,6
E01001791,Hackney,Burglary,Burglary in a Dwelling,4,2014,10
E01001266,Ealing,Violence Against the Person,Harassment,0,2011,12
E01002163,Harrow,Burglary,Burglary in Other Buildings,0,2014,12
E01004341,Waltham Forest,Criminal Damage,Criminal Damage To Motor Vehicle,0,2013,5
E01002122,Harrow,Burglary,Burglary in a Dwelling,0,2015,4
E01003732,Redbridge,Violence Against the Person,Common Assault,0,2012,7
E01002371,Havering,Theft and Handling,Other Theft,1,2012,2
E01004645,Wandsworth,Violence Against the Person,Assault with Injury,0,2012,2
E01000143,Barnet,Criminal Damage,Criminal Damage To Motor Vehicle,0,2010,2
E01002335,Havering,Criminal Damage,Other Criminal Damage,0,2008,6
E01003067,Lambeth,Theft and Handling,Handling Stolen Goods,0,2016,5
E01000510,Brent,Theft and Handling,Theft From Motor Vehicle,2,2011,8
E01002859,Kensington and Chelsea,Criminal Damage,Other Criminal Damage,0,2009,7
E01033582,Newham,Criminal Damage,Criminal Damage To Motor Vehicle,0,2013,4
E01004292,Tower Hamlets,Drugs,Drug Trafficking,0,2013,6
E01000526,Brent,Violence Against the Person,Wounding/GBH,0,2012,4
E01001913,Hammersmith and Fulham,Violence Against the Person,Assault with Injury,0,2011,10
E01002421,Hillingdon,Robbery,Personal Property,0,2013,9
E01000990,Croydon,Drugs,Drug Trafficking,0,2008,9
E01001105,Croydon,Theft and Handling,Other Theft,2,2013,5
E01004048,Southwark,Theft and Handling,Other Theft,3,2012,7
E01001229,Ealing,Theft and Handling,Theft/Taking Of Motor Vehicle,0,2014,8
E01000649,Bromley,Burglary,Burglary in a Dwelling,1,2010,12
E01000612,Brent,Drugs,Possession Of Drugs,0,2008,10
E01001709,Greenwich,Violence Against the Person,Wounding/GBH,1,2016,12
E01001398,Enfield,Criminal Damage,Other Criminal Damage,0,2010,11
E01000618,Brent,Theft and Handling,Other Theft Person,1,2009,5
E01000567,Brent,Theft and Handling,Other Theft Person,0,2014,4
E01003080,Lambeth,Theft and Handling,Theft/Taking of Pedal Cycle,0,2015,1
E01002048,Haringey,Drugs,Possession Of Drugs,0,2014,5
E01003229,Lewisham,Theft and Handling,Theft/Taking of Pedal Cycle,0,2015,12
E01001938,Hammersmith and Fulham,Criminal Damage,Other Criminal Damage,0,2016,5
E01000246,Barnet,Theft and Handling,Other Theft Person,0,2015,1
E01004697,Westminster,Violence Against the Person,Wounding/GBH,0,2010,5
E01001749,Hackney,Theft and Handling,Motor Vehicle Interference & Tampering,0,2013,12
E01004165,Sutton,Theft and Handling,Theft From Motor Vehicle,0,2015,12
E01001161,Croydon,Burglary,Burglary in Other Buildings,0,2013,12
E01000969,Camden,Theft and Handling,Motor Vehicle Interference & Tampering,1,2010,10
E01004498,Wandsworth,Violence Against the Person,Assault with Injury,1,2008,3
E01003000,Kingston upon Thames,Violence Against the Person,Assault with Injury,0,2009,7
E01002734,Islington,Theft and Handling,Theft From Shops,1,2014,7
E01002213,Harrow,Robbery,Business Property,0,2008,2
E01002553,Hillingdon,Criminal Damage,Criminal Damage To Motor Vehicle,5,2012,4
E01001738,Hackney,Theft and Handling,Handling Stolen Goods,0,2008,10
E01003299,Lewisham,Robbery,Personal Property,2,2011,8
E01002129,Harrow,Criminal Damage,Other Criminal Damage,1,2015,10
E01003090,Lambeth,Criminal Damage,Criminal Damage To Dwelling,0,2013,3
E01000139,Barnet,Criminal Damage,Criminal Damage To Other Building,0,2016,12
E01002334,Havering,Burglary,Burglary in a Dwelling,8,2012,5
E01004486,Wandsworth,Theft and Handling,Motor Vehicle Interference & Tampering,0,2008,8
E01004452,Waltham Forest,Robbery,Personal Property,0,2012,4
E01004035,Southwark,Drugs,Other Drugs,0,2014,11
E01003746,Redbridge,Theft and Handling,Other Theft Person,0,2008,7
E01001746,Hackney,Criminal Damage,Criminal Damage To Dwelling,1,2016,9
E01004410,Waltham Forest,Burglary,Burglary in a Dwelling,2,2014,2
E01000519,Brent,Burglary,Burglary in Other Buildings,0,2016,12
E01002393,Hillingdon,Theft and Handling,Theft/Taking Of Motor Vehicle,0,2013,8
E01001504,Enfield,Theft and Handling,Other Theft Person,0,2010,2
E01000259,Barnet,Violence Against the Person,Assault with Injury,1,2014,9
E01002041,Haringey,Robbery,Personal Property,0,2014,3
E01033597,Westminster,Robbery,Personal Property,0,2011,8
E01001920,Hammersmith and Fulham,Violence Against the Person,Offensive Weapon,1,2014,4
E01001318,Ealing,Violence Against the Person,Harassment,2,2015,3
E01003131,Lambeth,Theft and Handling,Motor Vehicle Interference & Tampering,0,2014,6
E01002770,Islington,Robbery,Business Property,1,2008,9
E01002804,Islington,Theft and Handling,Other Theft,1,2008,12
E01002658,Hounslow,Violence Against the Person,Offensive Weapon,0,2013,8
E01004257,Tower Hamlets,Burglary,Burglary in a Dwelling,0,2016,5
E01003372,Merton,Theft and Handling,Theft From Motor Vehicle,0,2015,12
E01004714,Westminster,Drugs,Drug Trafficking,0,2009,6
E01004344,Waltham Forest,Drugs,Possession Of Drugs,0,2013,12
E01002834,Kensington and Chelsea,Robbery,Personal Property,0,2009,5
E01002269,Havering,Theft and Handling,Handling Stolen Goods,0,2016,4
E01004478,Wandsworth,Violence Against the Person,Common Assault,0,2009,8
E01003889,Richmond upon Thames,Burglary,Burglary in a Dwelling,0,2013,9
E01003647,Redbridge,Criminal Damage,Criminal Damage To Motor Vehicle,0,2012,2
E01003429,Merton,Violence Against the Person,Other violence,1,2011,4
E01003882,Richmond upon Thames,Violence Against the Person,Common Assault,0,2015,4
E01002709,Islington,Criminal Damage,Other Criminal Damage,0,2015,9
E01000820,Bromley,Theft and Handling,Other Theft Person,0,2009,5
E01003577,Newham,Criminal Damage,Criminal Damage To Motor Vehicle,0,2008,4
E01002564,Hounslow,Criminal Damage,Criminal Damage To Motor Vehicle,0,2013,7
E01002691,Hounslow,Criminal Damage,Criminal Damage To Other Building,0,2016,1
E01004013,Southwark,Theft and Handling,Motor Vehicle Interference & Tampering,0,2013,9
E01004049,Southwark,Violence Against the Person,Other violence,0,2014,2
E01003796,Redbridge,Violence Against the Person,Common Assault,0,2014,1
E01003777,Redbridge,Theft and Handling,Theft/Taking Of Motor Vehicle,0,2011,1
E01000148,Barnet,Robbery,Personal Property,1,2013,7
E01002181,Harrow,Violence Against the Person,Harassment,0,2016,4
E01000527,Brent,Drugs,Other Drugs,0,2015,12
E01002073,Haringey,Robbery,Business Property,0,2012,11
E01003527,Newham,Violence Against the Person,Wounding/GBH,0,2008,7
E01002140,Harrow,Drugs,Drug Trafficking,0,2016,7
E01002156,Harrow,Criminal Damage,Criminal Damage To Other Building,0,2009,1
E01001725,Hackney,Theft and Handling,Theft/Taking Of Motor Vehicle,0,2009,11
E01004086,Sutton,Criminal Damage,Criminal Damage To Dwelling,1,2011,1
E01002905,Kensington and Chelsea,Criminal Damage,Criminal Damage To Dwelling,2,2015,4
E01002922,Kingston upon Thames,Theft and Handling,Other Theft Person,0,2014,12
E01000779,Bromley,Violence Against the Person,Harassment,0,2016,10
E01001406,Enfield,Violence Against the Person,Common Assault,0,2014,5
E01002417,Hillingdon,Criminal Damage,Criminal Damage To Other Building,0,2016,10
E01002466,Hillingdon,Violence Against the Person,Harassment,0,2016,12
E01002301,Havering,Criminal Damage,Criminal Damage To Motor Vehicle,1,2009,10
E01033424,Brent,Theft and Handling,Theft From Shops,11,2016,3
E01004172,Sutton,Theft and Handling,Other Theft Person,0,2015,5
E01003799,Richmond upon Thames,Theft and Handling,Theft From Shops,0,2011,4
E01000234,Barnet,Theft and Handling,Other Theft Person,0,2015,8
E01002877,Kensington and Chelsea,Violence Against the Person,Common Assault,0,2009,5
E01002363,Havering,Theft and Handling,Theft From Motor Vehicle,0,2013,2
E01000091,Barking and Dagenham,Drugs,Possession Of Drugs,0,2010,11
E01004581,Wandsworth,Criminal Damage,Criminal Damage To Motor Vehicle,0,2014,11
E01002083,Haringey,Theft and Handling,Theft/Taking Of Motor Vehicle,1,2012,9
E01000382,Bexley,Criminal Damage,Criminal Damage To Dwelling,0,2013,4
E01001666,Greenwich,Burglary,Burglary in Other Buildings,0,2008,7
E01003016,Lambeth,Theft and Handling,Other Theft Person,3,2013,10
E01003964,Southwark,Theft and Handling,Other Theft Person,1,2014,1
E01003214,Lewisham,Theft and Handling,Handling Stolen Goods,0,2008,8
E01000630,Brent,Criminal Damage,Criminal Damage To Motor Vehicle,0,2014,2
E01000551,Brent,Theft and Handling,Motor Vehicle Interference & Tampering,1,2014,10
E01000379,Bexley,Violence Against the Person,Offensive Weapon,0,2014,12
E01004067,Southwark,Theft and Handling,Theft/Taking of Pedal Cycle,0,2013,3
E01002465,Hillingdon,Robbery,Business Property,0,2013,6
E01001329,Ealing,Burglary,Burglary in Other Buildings,2,2009,4
E01001892,Hammersmith and Fulham,Drugs,Drug Trafficking,0,2015,3
E01004683,Westminster,Theft and Handling,Other Theft Person,0,2011,4
E01000161,Barnet,Other Notifiable Offences,Going Equipped,0,2015,9
E01003177,Lambeth,Criminal Damage,Criminal Damage To Dwelling,0,2014,6
E01002974,Kingston upon Thames,Drugs,Drug Trafficking,0,2016,9
E01001956,Hammersmith and Fulham,Theft and Handling,Handling Stolen Goods,0,2014,12
E01002421,Hillingdon,Other Notifiable Offences,Other Notifiable,0,2013,4
E01004252,Tower Hamlets,Drugs,Possession Of Drugs,2,2010,10
E01001593,Greenwich,Theft and Handling,Theft From Shops,0,2016,12
E01002741,Islington,Theft and Handling,Other Theft,0,2015,5
E01000679,Bromley,Theft and Handling,Motor Vehicle Interference & Tampering,0,2014,11
E01003188,Lambeth,Other Notifiable Offences,Other Notifiable,0,2010,8
E01000864,Camden,Violence Against the Person,Harassment,0,2013,11
E01033099,Wandsworth,Theft and Handling,Other Theft,0,2008,11
E01002999,Kingston upon Thames,Theft and Handling,Handling Stolen Goods,0,2013,8
E01003494,Newham,Theft and Handling,Theft/Taking of Pedal Cycle,0,2009,9
E01002940,Kingston upon Thames,Violence Against the Person,Common Assault,1,2016,8
E01003908,Richmond upon Thames,Violence Against the Person,Offensive Weapon,0,2009,6
E01004436,Waltham Forest,Theft and Handling,Motor Vehicle Interference & Tampering,0,2009,4
E01000016,Barking and Dagenham,Other Notifiable Offences,Other Notifiable,0,2015,7
E01002478,Hillingdon,Theft and Handling,Motor Vehicle Interference & Tampering,0,2016,7
E01001999,Haringey,Burglary,Burglary in Other Buildings,1,2010,12
E01000510,Brent,Criminal Damage,Criminal Damage To Motor Vehicle,0,2015,4
E01003418,Merton,Violence Against the Person,Offensive Weapon,0,2013,1
E01000688,Bromley,Violence Against the Person,Other violence,0,2011,7
E01004329,Waltham Forest,Violence Against the Person,Offensive Weapon,0,2009,12
E01002835,Kensington and Chelsea,Burglary,Burglary in Other Buildings,1,2014,6
E01003948,Southwark,Burglary,Burglary in a Dwelling,0,2014,3
E01003187,Lambeth,Robbery,Personal Property,0,2011,7
E01003725,Redbridge,Theft and Handling,Theft From Shops,0,2009,9
E01001021,Croydon,Theft and Handling,Motor Vehicle Interference & Tampering,0,2011,10
E01001379,Ealing,Burglary,Burglary in a Dwelling,0,2016,5
E01004363,Waltham Forest,Theft and Handling,Other Theft Person,1,2010,7
E01000103,Barking and Dagenham,Robbery,Business Property,0,2016,3
E01004322,Tower Hamlets,Theft and Handling,Theft/Taking of Pedal Cycle,0,2008,12
E01004568,Wandsworth,Robbery,Personal Property,0,2016,11
E01033099,Wandsworth,Criminal Damage,Criminal Damage To Motor Vehicle,1,2014,7
E01003367,Merton,Sexual Offences,Other Sexual,0,2014,5
E01002508,Hillingdon,Theft and Handling,Handling Stolen Goods,0,2010,3
E01002998,Kingston upon Thames,Theft and Handling,Theft/Taking Of Motor Vehicle,0,2011,4
E01003214,Lewisham,Theft and Handling,Other Theft Person,0,2015,10
E01002993,Kingston upon Thames,Criminal Damage,Other Criminal Damage,0,2012,8
E01001876,Hammersmith and Fulham,Violence Against the Person,Wounding/GBH,0,2011,9
E01002086,Haringey,Robbery,Personal Property,1,2010,6
E01002333,Havering,Theft and Handling,Other Theft Person,0,2011,6
E01001798,Hackney,Criminal Damage,Criminal Damage To Motor Vehicle,0,2008,7
E01000196,Barnet,Theft and Handling,Theft/Taking Of Motor Vehicle,0,2014,8
E01003311,Lewisham,Violence Against the Person,Other violence,0,2013,12
E01004729,Westminster,Violence Against the Person,Common Assault,1,2015,2
E01001667,Greenwich,Theft and Handling,Theft From Motor Vehicle,2,2012,2
E01004319,Tower Hamlets,Theft and Handling,Other Theft Person,0,2008,1
E01000294,Barnet,Theft and Handling,Other Theft,3,2016,2
E01000626,Brent,Violence Against the Person,Common Assault,0,2008,6
E01003658,Redbridge,Theft and Handling,Other Theft Person,0,2008,1
E01001152,Croydon,Robbery,Personal Property,0,2014,8
E01004340,Waltham Forest,Criminal Damage,Criminal Damage To Dwelling,1,2011,5
E01001432,Enfield,Drugs,Possession Of Drugs,2,2013,9
E01000970,Camden,Criminal Damage,Criminal Damage To Dwelling,0,2014,7
E01033486,Islington,Burglary,Burglary in Other Buildings,1,2013,7
E01004228,Tower Hamlets,Theft and Handling,Other Theft,2,2014,2
E01002572,Hounslow,Theft and Handling,Theft/Taking Of Motor Vehicle,0,2016,5
E01001525,Enfield,Violence Against the Person,Offensive Weapon,0,2016,4
E01002680,Hounslow,Criminal Damage,Criminal Damage To Other Building,0,2014,8
E01003251,Lewisham,Violence Against the Person,Murder,0,2015,6
E01004054,Southwark,Violence Against the Person,Assault with Injury,1,2010,4
E01000465,Bexley,Violence Against the Person,Other violence,0,2013,1
E01003512,Newham,Robbery,Personal Property,2,2014,1
E01003634,Newham,Theft and Handling,Other Theft Person,0,2012,8
E01003824,Richmond upon Thames,Violence Against the Person,Harassment,0,2010,1
E01004126,Sutton,Violence Against the Person,Harassment,2,2015,10
E01001302,Ealing,Robbery,Personal Property,0,2013,12
E01001221,Ealing,Theft and Handling,Handling Stolen Goods,3,2011,11
E01000441,Bexley,Violence Against the Person,Offensive Weapon,1,2016,9
E01002776,Islington,Criminal Damage,Criminal Damage To Dwelling,0,2011,12
E01002507,Hillingdon,Drugs,Possession Of Drugs,3,2015,10
E01004398,Waltham Forest,Drugs,Drug Trafficking,0,2012,10
E01003804,Richmond upon Thames,Drugs,Possession Of Drugs,0,2012,7
E01004205,Tower Hamlets,Other Notifiable Offences,Other Notifiable,0,2013,4
E01004447,Waltham Forest,Criminal Damage,Other Criminal Damage,0,2016,4
E01004662,Westminster,Criminal Damage,Other Criminal Damage,0,2014,5
E01000356,Bexley,Criminal Damage,Criminal Damage To Other Building,0,2008,4
E01003698,Redbridge,Violence Against the Person,Wounding/GBH,0,2008,11
E01004487,Wandsworth,Theft and Handling,Theft/Taking Of Motor Vehicle,1,2012,8
E01000878,Camden,Violence Against the Person,Offensive Weapon,0,2015,11
E01002666,Hounslow,Theft and Handling,Other Theft,0,2014,5
E01003932,Southwark,Criminal Damage,Criminal Damage To Other Building,1,2015,2
E01000682,Bromley,Violence Against the Person,Assault with Injury,0,2009,6
E01000141,Barnet,Other Notifiable Offences,Other Notifiable,0,2008,3
E01000331,Bexley,Other Notifiable Offences,Other Notifiable,0,2011,4
E01000342,Bexley,Theft and Handling,Other Theft Person,0,2016,3
E01002227,Harrow,Robbery,Business Property,0,2014,4
E01001477,Enfield,Criminal Damage,Criminal Damage To Dwelling,1,2013,8
E01003545,Newham,Theft and Handling,Theft From Shops,0,2011,7
E01003537,Newham,Robbery,Personal Property,1,2009,6
E01000291,Barnet,Criminal Damage,Criminal Damage To Motor Vehicle,1,2014,10
E01004485,Wandsworth,Theft and Handling,Theft/Taking of Pedal Cycle,0,2008,5
E01002775,Islington,Theft and Handling,Motor Vehicle Interference & Tampering,0,2013,10
E01001248,Ealing,Theft and Handling,Theft/Taking of Pedal Cycle,0,2016,7
E01000885,Camden,Criminal Damage,Other Criminal Damage,0,2011,10
E01002271,Havering,Drugs,Drug Trafficking,0,2010,4
E01001667,Greenwich,Theft and Handling,Other Theft,9,2013,8
E01000447,Bexley,Violence Against the Person,Offensive Weapon,0,2008,1
E01004613,Wandsworth,Criminal Damage,Criminal Damage To Dwelling,0,2009,5
E01001544,Enfield,Theft and Handling,Theft/Taking of Pedal Cycle,0,2010,5
E01003169,Lambeth,Violence Against the Person,Harassment,0,2009,4
E01004407,Waltham Forest,Burglary,Burglary in Other Buildings,0,2008,12
E01000875,Camden,Theft and Handling,Theft/Taking of Pedal Cycle,0,2010,5
E01002946,Kingston upon Thames,Burglary,Burglary in a Dwelling,0,2015,3
E01002805,Islington,Violence Against the Person,Assault with Injury,2,2016,12
E01000196,Barnet,Sexual Offences,Other Sexual,0,2016,10
E01033598,Westminster,Other Notifiable Offences,Other Notifiable,0,2009,4
E01003690,Redbridge,Theft and Handling,Theft From Motor Vehicle,2,2013,9
E01002628,Hounslow,Burglary,Burglary in Other Buildings,0,2016,9
E01002125,Harrow,Burglary,Burglary in a Dwelling,2,2008,5
E01001742,Hackney,Other Notifiable Offences,Going Equipped,0,2013,9
E01004207,Tower Hamlets,Criminal Damage,Criminal Damage To Motor Vehicle,1,2010,11
E01032790,Hammersmith and Fulham,Burglary,Burglary in Other Buildings,0,2010,9
E01000121,Barnet,Theft and Handling,Motor Vehicle Interference & Tampering,0,2013,2
E01004167,Sutton,Criminal Damage,Criminal Damage To Dwelling,0,2014,2
E01004242,Tower Hamlets,Theft and Handling,Theft/Taking Of Motor Vehicle,3,2013,9
E01003577,Newham,Burglary,Burglary in Other Buildings,0,2012,3
E01002952,Kingston upon Thames,Drugs,Possession Of Drugs,0,2016,9
E01000691,Bromley,Violence Against the Person,Harassment,0,2009,8
E01001340,Ealing,Theft and Handling,Theft From Shops,1,2009,10
E01000454,Bexley,Burglary,Burglary in a Dwelling,0,2011,11
E01002532,Hillingdon,Drugs,Drug Trafficking,1,2013,8
E01002862,Kensington and Chelsea,Violence Against the Person,Wounding/GBH,0,2012,8
E01002110,Harrow,Theft and Handling,Other Theft Person,0,2011,3
E01001420,Enfield,Theft and Handling,Theft From Motor Vehicle,3,2014,6
E01004450,Waltham Forest,Violence Against the Person,Harassment,0,2014,6
E01003994,Southwark,Burglary,Burglary in Other Buildings,0,2013,1
E01002873,Kensington and Chelsea,Other Notifiable Offences,Other Notifiable,0,2013,7
E01001621,Greenwich,Violence Against the Person,Offensive Weapon,0,2013,1
E01001330,Ealing,Theft and Handling,Motor Vehicle Interference & Tampering,0,2016,2
E01000920,Camden,Theft and Handling,Handling Stolen Goods,0,2016,12
E01000754,Bromley,Theft and Handling,Motor Vehicle Interference & Tampering,0,2008,11
E01001141,Croydon,Violence Against the Person,Offensive Weapon,0,2014,9
E01002202,Harrow,Theft and Handling,Theft/Taking of Pedal Cycle,1,2010,9
E01002180,Harrow,Theft and Handling,Theft From Shops,0,2014,6
E01003967,Southwark,Robbery,Personal Property,0,2009,5
E01004141,Sutton,Violence Against the Person,Other violence,0,2015,4
E01004449,Waltham Forest,Violence Against the Person,Wounding/GBH,0,2013,6
E01003734,Redbridge,Burglary,Burglary in Other Buildings,0,2009,9
E01001515,Enfield,Robbery,Personal Property,0,2015,2
E01001432,Enfield,Violence Against the Person,Offensive Weapon,0,2015,2
E01003018,Lambeth,Criminal Damage,Criminal Damage To Other Building,0,2016,8
E01004404,Waltham Forest,Violence Against the Person,Harassment,0,2015,2
E01000296,Barnet,Theft and Handling,Theft From Shops,1,2010,12
E01000939,Camden,Theft and Handling,Motor Vehicle Interference & Tampering,0,2012,9
E01002004,Haringey,Violence Against the Person,Wounding/GBH,1,2009,1
E01000629,Brent,Violence Against the Person,Common Assault,0,2011,3
E01003676,Redbridge,Robbery,Personal Property,0,2014,12
E01001665,Greenwich,Theft and Handling,Other Theft Person,1,2008,10
E01003720,Redbridge,Burglary,Burglary in Other Buildings,1,2013,12
E01002175,Harrow,Theft and Handling,Other Theft,2,2010,1
E01004713,Westminster,Burglary,Burglary in a Dwelling,0,2010,9
E01000376,Bexley,Other Notifiable Offences,Other Notifiable,0,2012,1
E01004336,Waltham Forest,Robbery,Personal Property,0,2016,2
E01000970,Camden,Criminal Damage,Criminal Damage To Dwelling,0,2016,11
E01002934,Kingston upon Thames,Theft and Handling,Other Theft,0,2015,9
E01000775,Bromley,Theft and Handling,Handling Stolen Goods,0,2010,5
E01000189,Barnet,Criminal Damage,Criminal Damage To Dwelling,0,2014,12
E01002207,Harrow,Violence Against the Person,Wounding/GBH,0,2012,10
E01002178,Harrow,Theft and Handling,Theft/Taking Of Motor Vehicle,0,2011,7
E01004545,Wandsworth,Theft and Handling,Theft/Taking of Pedal Cycle,0,2012,2
E01004252,Tower Hamlets,Other Notifiable Offences,Going Equipped,0,2015,4
E01003868,Richmond upon Thames,Theft and Handling,Motor Vehicle Interference & Tampering,0,2009,4
E01000209,Barnet,Criminal Damage,Criminal Damage To Motor Vehicle,0,2008,8
E01003127,Lambeth,Criminal Damage,Other Criminal Damage,0,2011,1
E01000847,Camden,Other Notifiable Offences,Going Equipped,0,2010,5
E01003046,Lambeth,Theft and Handling,Motor Vehicle Interference & Tampering,0,2014,1
E01003535,Newham,Criminal Damage,Criminal Damage To Dwelling,1,2009,1
E01000479,Brent,Criminal Damage,Criminal Damage To Motor Vehicle,0,2012,11
E01001969,Haringey,Robbery,Business Property,0,2015,4
E01000916,Camden,Other Notifiable Offences,Other Notifiable,0,2010,10
E01002189,Harrow,Robbery,Business Property,0,2008,4
E01004468,Waltham Forest,Burglary,Burglary in Other Buildings,2,2013,5
E01003131,Lambeth,Robbery,Personal Property,0,2016,2
E01001287,Ealing,Criminal Damage,Criminal Damage To Motor Vehicle,0,2010,6
E01004593,Wandsworth,Robbery,Business Property,0,2013,8
E01003955,Southwark,Drugs,Drug Trafficking,0,2009,11
E01004335,Waltham Forest,Robbery,Business Property,0,2011,6
E01003198,Lewisham,Theft and Handling,Other Theft,0,2010,1
E01004172,Sutton,Drugs,Possession Of Drugs,1,2012,8
E01001907,Hammersmith and Fulham,Robbery,Business Property,0,2013,1
E01001499,Enfield,Theft and Handling,Other Theft Person,0,2012,7
E01002860,Kensington and Chelsea,Other Notifiable Offences,Other Notifiable,0,2011,8
E01001140,Croydon,Violence Against the Person,Common Assault,2,2011,8
E01003561,Newham,Theft and Handling,Theft/Taking Of Motor Vehicle,0,2009,10
E01001885,Hammersmith and Fulham,Burglary,Burglary in Other Buildings,1,2012,5
E01001251,Ealing,Drugs,Other Drugs,0,2009,8
E01002285,Havering,Burglary,Burglary in Other Buildings,2,2012,8
E01002713,Islington,Theft and Handling,Motor Vehicle Interference & Tampering,0,2014,7
E01001220,Ealing,Violence Against the Person,Assault with Injury,0,2010,5
E01003217,Lewisham,Violence Against the Person,Common Assault,0,2011,10
E01001688,Greenwich,Criminal Damage,Criminal Damage To Other Building,0,2010,9
E01001861,Hammersmith and Fulham,Criminal Damage,Other Criminal Damage,1,2015,9
E01000621,Brent,Criminal Damage,Criminal Damage To Dwelling,1,2015,5
E01002405,Hillingdon,Theft and Handling,Theft/Taking Of Motor Vehicle,1,2014,7
E01002167,Harrow,Violence Against the Person,Assault with Injury,0,2013,6
E01003500,Newham,Theft and Handling,Other Theft,2,2008,8
E01002094,Haringey,Robbery,Personal Property,0,2015,12
E01002530,Hillingdon,Burglary,Burglary in Other Buildings,0,2011,9
E01000008,Barking and Dagenham,Drugs,Drug Trafficking,0,2008,9
E01002971,Kingston upon Thames,Burglary,Burglary in Other Buildings,1,2008,8
E01001346,Ealing,Criminal Damage,Other Criminal Damage,0,2016,5
E01002150,Harrow,Theft and Handling,Theft From Motor Vehicle,2,2008,1
E01003278,Lewisham,Burglary,Burglary in a Dwelling,0,2011,10
E01002110,Harrow,Violence Against the Person,Assault with Injury,0,2015,12
E01000610,Brent,Drugs,Possession Of Drugs,0,2015,1
E01004514,Wandsworth,Theft and Handling,Theft From Shops,0,2010,10
E01002055,Haringey,Theft and Handling,Theft/Taking Of Motor Vehicle,0,2009,2
E01001213,Ealing,Theft and Handling,Theft From Shops,0,2014,6
E01004305,Tower Hamlets,Violence Against the Person,Wounding/GBH,0,2014,7
E01004355,Waltham Forest,Violence Against the Person,Assault with Injury,0,2012,8
E01001101,Croydon,Criminal Damage,Criminal Damage To Motor Vehicle,0,2015,11
E01004069,Southwark,Violence Against the Person,Harassment,0,2011,7
E01001746,Hackney,Burglary,Burglary in Other Buildings,0,2015,8
E01004011,Southwark,Fraud or Forgery,Counted per Victim,0,2011,12
E01000918,Camden,Burglary,Burglary in Other Buildings,6,2013,5
E01002072,Haringey,Violence Against the Person,Wounding/GBH,0,2010,6
E01001228,Ealing,Theft and Handling,Theft From Motor Vehicle,0,2012,1
E01004754,Westminster,Sexual Offences,Other Sexual,0,2012,9
E01000555,Brent,Violence Against the Person,Other violence,0,2012,6
E01001412,Enfield,Theft and Handling,Theft From Motor Vehicle,9,2015,6
E01000313,Barnet,Violence Against the Person,Wounding/GBH,0,2015,11
E01003056,Lambeth,Fraud or Forgery,Other Fraud & Forgery,0,2016,1
E01003820,Richmond upon Thames,Violence Against the Person,Harassment,2,2014,7
E01004636,Wandsworth,Criminal Damage,Criminal Damage To Dwelling,0,2015,1
E01004612,Wandsworth,Robbery,Personal Property,0,2011,7
E01000072,Barking and Dagenham,Robbery,Business Property,0,2011,7
E01000437,Bexley,Violence Against the Person,Wounding/GBH,0,2008,11
E01000147,Barnet,Robbery,Personal Property,0,2013,1
E01000824,Bromley,Violence Against the Person,Wounding/GBH,1,2008,4
E01032720,Southwark,Theft and Handling,Theft From Motor Vehicle,0,2009,4
E01000726,Bromley,Theft and Handling,Other Theft,1,2013,4
E01002864,Kensington and Chelsea,Theft and Handling,Theft From Shops,1,2009,10
E01001484,Enfield,Violence Against the Person,Assault with Injury,0,2009,6
E01001696,Greenwich,Theft and Handling,Other Theft Person,2,2016,11
E01004526,Wandsworth,Violence Against the Person,Assault with Injury,3,2008,9
E01003837,Richmond upon Thames,Criminal Damage,Other Criminal Damage,0,2013,4
E01000488,Brent,Criminal Damage,Criminal Damage To Other Building,0,2008,12
E01002568,Hounslow,Criminal Damage,Other Criminal Damage,1,2015,2
E01003791,Redbridge,Theft and Handling,Theft/Taking Of Motor Vehicle,1,2012,2
E01003593,Newham,Theft and Handling,Theft From Motor Vehicle,0,2016,10
E01001880,Hammersmith and Fulham,Criminal Damage,Other Criminal Damage,0,2014,7
E01003915,Southwark,Violence Against the Person,Harassment,1,2013,4
E01003204,Lewisham,Theft and Handling,Handling Stolen Goods,0,2008,5
E01001160,Croydon,Violence Against the Person,Other violence,0,2013,9
E01001487,Enfield,Violence Against the Person,Common Assault,1,2014,11
E01001295,Ealing,Theft and Handling,Motor Vehicle Interference & Tampering,0,2009,5
E01000902,Camden,Theft and Handling,Theft From Shops,0,2010,11
E01001969,Haringey,Robbery,Personal Property,0,2011,6
E01033579,Newham,Violence Against the Person,Other violence,0,2013,10
E01000312,Barnet,Theft and Handling,Other Theft,0,2013,1
E01003813,Richmond upon Thames,Violence Against the Person,Offensive Weapon,0,2013,8
E01000440,Bexley,Violence Against the Person,Wounding/GBH,0,2012,10
E01004728,Westminster,Criminal Damage,Other Criminal Damage,0,2015,9
E01000349,Bexley,Theft and Handling,Motor Vehicle Interference & Tampering,0,2010,9
E01002016,Haringey,Criminal Damage,Criminal Damage To Dwelling,0,2010,11
E01001793,Hackney,Violence Against the Person,Other violence,0,2013,3
E01000573,Brent,Violence Against the Person,Assault with Injury,2,2009,7
E01004038,Southwark,Theft and Handling,Handling Stolen Goods,0,2015,2
E01002980,Kingston upon Thames,Robbery,Personal Property,0,2008,2
E01004281,Tower Hamlets,Theft and Handling,Theft/Taking Of Motor Vehicle,1,2011,5
E01001008,Croydon,Theft and Handling,Theft/Taking Of Motor Vehicle,0,2009,3
E01000311,Barnet,Violence Against the Person,Common Assault,1,2011,12
E01003035,Lambeth,Burglary,Burglary in Other Buildings,0,2010,5
E01002550,Hillingdon,Theft and Handling,Theft From Motor Vehicle,1,2012,2
E01001319,Ealing,Violence Against the Person,Wounding/GBH,0,2014,5
E01004482,Wandsworth,Theft and Handling,Motor Vehicle Interference & Tampering,0,2012,4
E01003390,Merton,Theft and Handling,Theft/Taking Of Motor Vehicle,0,2013,10
E01003874,Richmond upon Thames,Violence Against the Person,Offensive Weapon,0,2008,9
E01000472,Brent,Theft and Handling,Other Theft Person,0,2016,9
E01004408,Waltham Forest,Violence Against the Person,Common Assault,2,2010,9
E01004708,Westminster,Theft and Handling,Other Theft Person,0,2014,5
E01032786,Tower Hamlets,Theft and Handling,Theft From Shops,0,2012,1
E01001931,Hammersmith and Fulham,Fraud or Forgery,Counted per Victim,0,2008,5
E01004615,Wandsworth,Criminal Damage,Other Criminal Damage,0,2010,3
E01002014,Haringey,Criminal Damage,Criminal Damage To Dwelling,0,2016,1
E01003900,Richmond upon Thames,Violence Against the Person,Wounding/GBH,0,2010,8
E01001534,Enfield,Robbery,Business Property,0,2016,8
E01002825,Kensington and Chelsea,Theft and Handling,Theft From Motor Vehicle,3,2014,12
E01000261,Barnet,Theft and Handling,Theft From Motor Vehicle,0,2015,9
E01004221,Tower Hamlets,Criminal Damage,Criminal Damage To Motor Vehicle,0,2011,3
E01003955,Southwark,Violence Against the Person,Offensive Weapon,0,2012,8
E01004005,Southwark,Violence Against the Person,Offensive Weapon,1,2009,9
E01004250,Tower Hamlets,Violence Against the Person,Other violence,0,2012,11
E01000876,Camden,Violence Against the Person,Harassment,4,2015,6
E01002546,Hillingdon,Criminal Damage,Criminal Damage To Motor Vehicle,0,2014,6
E01002853,Kensington and Chelsea,Theft and Handling,Theft/Taking of Pedal Cycle,1,2008,4
E01032767,Tower Hamlets,Burglary,Burglary in a Dwelling,0,2010,10
E01001356,Ealing,Other Notifiable Offences,Other Notifiable,1,2015,7
E01003389,Merton,Violence Against the Person,Murder,0,2014,2
E01000944,Camden,Robbery,Business Property,0,2013,4
E01000837,Bromley,Violence Against the Person,Common Assault,0,2013,1
E01003140,Lambeth,Burglary,Burglary in Other Buildings,0,2009,12
E01002808,Islington,Burglary,Burglary in a Dwelling,1,2009,10
E01004360,Waltham Forest,Theft and Handling,Theft From Motor Vehicle,0,2016,5
E01003772,Redbridge,Theft and Handling,Theft From Motor Vehicle,1,2011,1
E01000640,Brent,Sexual Offences,Other Sexual,0,2012,10
E01001215,Ealing,Criminal Damage,Criminal Damage To Other Building,1,2016,11
E01001793,Hackney,Violence Against the Person,Common Assault,0,2014,8
E01004635,Wandsworth,Violence Against the Person,Common Assault,0,2016,11
E01002028,Haringey,Drugs,Possession Of Drugs,1,2016,10
E01001219,Ealing,Violence Against the Person,Common Assault,0,2011,8
E01001822,Hackney,Theft and Handling,Theft From Shops,0,2010,4
E01004719,Westminster,Criminal Damage,Other Criminal Damage,0,2008,12
E01000100,Barking and Dagenham,Violence Against the Person,Offensive Weapon,0,2016,5
E01000171,Barnet,Theft and Handling,Theft From Shops,0,2010,3
E01001429,Enfield,Theft and Handling,Theft From Shops,0,2008,4
E01004104,Sutton,Robbery,Personal Property,0,2010,12
E01003749,Redbridge,Robbery,Personal Property,0,2015,2
E01001711,Greenwich,Drugs,Drug Trafficking,0,2011,12
E01003212,Lewisham,Theft and Handling,Theft From Shops,0,2014,1
E01001618,Greenwich,Theft and Handling,Motor Vehicle Interference & Tampering,0,2008,9
E01003127,Lambeth,Violence Against the Person,Offensive Weapon,0,2013,9
E01033734,Greenwich,Other Notifiable Offences,Other Notifiable,0,2013,3
E01002924,Kingston upon Thames,Theft and Handling,Other Theft,0,2016,10
E01002401,Hillingdon,Criminal Damage,Criminal Damage To Dwelling,1,2008,12
E01002429,Hillingdon,Theft and Handling,Motor Vehicle Interference & Tampering,0,2012,11
E01000488,Brent,Drugs,Possession Of Drugs,0,2016,2
E01004337,Waltham Forest,Violence Against the Person,Offensive Weapon,0,2010,10
E01001090,Croydon,Burglary,Burglary in Other Buildings,0,2016,3
E01004093,Sutton,Other Notifiable Offences,Other Notifiable,0,2011,3
E01003115,Lambeth,Theft and Handling,Other Theft Person,0,2011,1
