E01000571,Brent,Violence Against the Person,Wounding/GBH,0,2011,4
E01000162,Barnet,Robbery,Personal Property,1,2014,7
E01002428,Hillingdon,Theft and Handling,Motor Vehicle Interference & Tampering,0,2015,10
E01001404,Enfield,Violence Against the Person,Common Assault,0,2016,11
E01003574,Newham,Theft and Handling,Motor Vehicle Interference & Tampering,0,2014,2
E01003896,Richmond upon Thames,Robbery,Business Property,0,2013,10
E01001147,Croydon,Theft and Handling,Other Theft,0,2012,11
E01003003,Kingston upon Thames,Criminal Damage,Criminal Damage To Motor Vehicle,0,2016,2
E01001773,Hackney,Theft and Handling,Other Theft,3,2010,2
E01002414,Hillingdon,Violence Against the Person,Common Assault,0,2008,1
E01001453,Enfield,Violence Against the Person,Offensive Weapon,0,2009,6
E01004420,Waltham Forest,Criminal Damage,Criminal Damage To Dwelling,1,2009,12
E01004202,Tower Hamlets,Criminal Damage,Other Criminal Damage,1,2010,11
E01003907,Richmond upon Thames,Theft and Handling,Motor Vehicle Interference & Tampering,0,2012,5
E01032573,Hounslow,Theft and Handling,Theft From Motor Vehicle,5,2015,5
E01003578,Newham,Burglary,Burglary in Other Buildings,1,2015,8
E01001927,Hammersmith and Fulham,Theft and Handling,Other Theft Person,0,2016,6
E01000448,Bexley,Other Notifiable Offences,Going Equipped,0,2015,7
E01002139,Harrow,Violence Against the Person,Other violence,0,2016,3
E01001037,Croydon,Robbery,Business Property,0,2008,3
E01001221,Ealing,Fraud or Forgery,Other Fraud & Forgery,0,2015,3
E01004406,Waltham Forest,Violence Against the Person,Assault with Injury,1,2011,11
E01001827,Hackney,Robbery,Personal Property,0,2016,3
E01002326,Havering,Drugs,Possession Of Drugs,0,2010,9
E01002639,Hounslow,Violence Against the Person,Common Assault,0,2008,11
E01003444,Merton,Burglary,Burglary in Other Buildings,0,2014,5
E01004130,Sutton,Violence Against the Person,Common Assault,0,2010,10
E01004402,Waltham Forest,Violence Against the Person,Wounding/GBH,0,2010,5
E01002135,Harrow,Burglary,Burglary in Other Buildings,0,2014,4
E01003203,Lewisham,Theft and Handling,Other Theft,11,2012,10
E01002579,Hounslow,Theft and Handling,Theft/Taking Of Motor Vehicle,0,2012,2
E01003416,Merton,Theft and Handling,Motor Vehicle Interference & Tampering,0,2012,5
E01003480,Newham,Criminal Damage,Other Criminal Damage,0,2009,6
E01002052,Haringey,Other Notifiable Offences,Other Notifiable,0,2014,11
E01002897,Kensington and Chelsea,Theft and Handling,Theft/Taking Of Motor Vehicle,0,2015,7
E01001858,Hammersmith and Fulham,Drugs,Drug Trafficking,0,2013,1
E01000393,Bexley,Theft and Handling,Theft From Shops,0,2008,7
E01004419,Waltham Forest,Burglary,Burglary in a Dwelling,3,2010,12
E01003295,Lewisham,Theft and Handling,Theft From Shops,0,2009,4
E01001634,Greenwich,Drugs,Possession Of Drugs,4,2013,11
E01002430,Hillingdon,Violence Against the Person,Assault with Injury,1,2008,2
E01000974,Camden,Theft and Handling,Handling Stolen Goods,0,2011,12
E01032775,Tower Hamlets,Violence Against the Person,Assault with Injury,0,2010,10
E01002385,Havering,Violence Against the Person,Wounding/GBH,0,2008,1
E01001668,Greenwich,Burglary,Burglary in Other Buildings,2,2013,6
E01002779,Islington,Violence Against the Person,Other violence,0,2015,2
E01002615,Hounslow,Burglary,Burglary in a Dwelling,1,2016,10
E01001973,Haringey,Criminal Damage,Criminal Damage To Motor Vehicle,0,2008,12
E01002857,Kensington and Chelsea,Theft and Handling,Theft From Shops,0,2013,8
E01000023,Barking and Dagenham,Criminal Damage,Criminal Damage To Dwelling,0,2014,3
E01001968,Haringey,Violence Against the Person,Common Assault,1,2010,3
E01003538,Newham,Theft and Handling,Theft/Taking Of Motor Vehicle,1,2012,8
E01001835,Hackney,Robbery,Personal Property,0,2008,3
E01003773,Redbridge,Theft and Handling,Theft From Shops,1,2016,9
E01001099,Croydon,Robbery,Business Property,0,2014,12
E01001699,Greenwich,Theft and Handling,Motor Vehicle Interference & Tampering,0,2010,8
E01001006,Croydon,Theft and Handling,Theft From Shops,1,2014,8
E01004571,Wandsworth,Burglary,Burglary in Other Buildings,3,2014,10
E01002860,Kensington and Chelsea,Theft and Handling,Other Theft,4,2008,5
E01003828,Richmond upon Thames,Criminal Damage,Criminal Damage To Dwelling,0,2011,4
E01000164,Barnet,Criminal Damage,Criminal Damage To Other Building,0,2016,10
E01003311,Lewisham,Criminal Damage,Criminal Damage To Other Building,0,2011,9
E01001713,Greenwich,Criminal Damage,Criminal Damage To Other Building,0,2010,10
E01033578,Newham,Drugs,Drug Trafficking,0,2013,3
E01000547,Brent,Other Notifiable Offences,Going Equipped,0,2014,5
E01002821,Kensington and Chelsea,Criminal Damage,Criminal Damage To Motor Vehicle,1,2015,9
E01000328,Bexley,Violence Against the Person,Offensive Weapon,0,2013,4
E01003400,Merton,Violence Against the Person,Assault with Injury,0,2016,9
E01003787,Redbridge,Criminal Damage,Criminal Damage To Dwelling,0,2012,8
E01001697,Greenwich,Other Notifiable Offences,Going Equipped,0,2009,12
E01000181,Barnet,Other Notifiable Offences,Going Equipped,0,2015,11
E01002055,Haringey,Theft and Handling,Theft/Taking of Pedal Cycle,0,2011,2
E01001914,Hammersmith and Fulham,Criminal Damage,Criminal Damage To Motor Vehicle,0,2008,11
E01004634,Wandsworth,Theft and Handling,Theft From Motor Vehicle,0,2009,10
E01004301,Tower Hamlets,Violence Against the Person,Wounding/GBH,0,2013,7
E01004250,Tower Hamlets,Theft and Handling,Theft/Taking Of Motor Vehicle,0,2010,11
E01002997,Kingston upon Thames,Theft and Handling,Motor Vehicle Interference & Tampering,0,2016,10
E01003945,Southwark,Criminal Damage,Other Criminal Damage,1,2013,11
E01004197,Tower Hamlets,Criminal Damage,Criminal Damage To Dwelling,0,2015,10
E01001945,Hammersmith and Fulham,Robbery,Business Property,0,2012,9
E01003265,Lewisham,Fraud or Forgery,Counted per Victim,0,2013,7
E01003357,Merton,Burglary,Burglary in Other Buildings,1,2013,6
E01003641,Redbridge,Theft and Handling,Theft/Taking of Pedal Cycle,0,2013,3
E01003364,Merton,Theft and Handling,Theft/Taking Of Motor Vehicle,0,2009,3
E01000517,Brent,Violence Against the Person,Other violence,0,2015,12
E01000874,Camden,Theft and Handling,Other Theft Person,0,2010,5
E01002002,Haringey,Theft and Handling,Motor Vehicle Interference & Tampering,0,2013,12
E01001376,Ealing,Theft and Handling,Theft/Taking Of Motor Vehicle,1,2012,4
E01003754,Redbridge,Theft and Handling,Theft From Shops,0,2015,1
E01002870,Kensington and Chelsea,Robbery,Business Property,0,2016,1
E01002557,Hounslow,Robbery,Business Property,0,2013,6
E01001158,Croydon,Theft and Handling,Other Theft,0,2011,10
E01001560,Enfield,Theft and Handling,Other Theft,1,2010,5
E01000479,Brent,Burglary,Burglary in Other Buildings,0,2016,5
E01000799,Bromley,Robbery,Personal Property,0,2016,12
E01000893,Camden,Burglary,Burglary in Other Buildings,1,2011,8
E01003232,Lewisham,Violence Against the Person,Offensive Weapon,0,2010,4
E01000430,Bexley,Violence Against the Person,Other violence,0,2014,6
E01000354,Bexley,Violence Against the Person,Other violence,0,2012,10
E01002420,Hillingdon,Other Notifiable Offences,Other Notifiable,0,2012,8
E01002881,Kensington and Chelsea,Criminal Damage,Criminal Damage To Dwelling,1,2015,10
E01002050,Haringey,Theft and Handling,Motor Vehicle Interference & Tampering,0,2012,11
E01003745,Redbridge,Violence Against the Person,Common Assault,0,2012,7
E01003880,Richmond upon Thames,Theft and Handling,Theft/Taking of Pedal Cycle,2,2013,5
E01000824,Bromley,Robbery,Business Property,0,2010,8
E01000194,Barnet,Other Notifiable Offences,Other Notifiable,0,2008,10
E01004670,Westminster,Violence Against the Person,Murder,0,2010,4
E01000925,Camden,Theft and Handling,Other Theft Person,0,2016,6
E01003733,Redbridge,Theft and Handling,Handling Stolen Goods,0,2014,11
E01002933,Kingston upon Thames,Theft and Handling,Theft/Taking Of Motor Vehicle,0,2015,6
E01003015,Lambeth,Drugs,Possession Of Drugs,0,2015,4
E01004275,Tower Hamlets,Theft and Handling,Motor Vehicle Interference & Tampering,0,2014,1
E01000611,Brent,Violence Against the Person,Offensive Weapon,0,2016,11
E01000385,Bexley,Theft and Handling,Theft/Taking Of Motor Vehicle,2,2014,2
E01000066,Barking and Dagenham,Robbery,Business Property,0,2008,1
E01001007,Croydon,Violence Against the Person,Other violence,0,2015,5
E01001830,Hackney,Other Notifiable Offences,Going Equipped,0,2016,3
E01000408,Bexley,Theft and Handling,Motor Vehicle Interference & Tampering,0,2016,5
E01004156,Sutton,Burglary,Burglary in a Dwelling,0,2008,8
E01000113,Barking and Dagenham,Theft and Handling,Other Theft,0,2010,12
E01033573,Barnet,Theft and Handling,Handling Stolen Goods,0,2009,2
E01001401,Enfield,Burglary,Burglary in a Dwelling,0,2014,4
E01004650,Westminster,Burglary,Burglary in Other Buildings,0,2015,10
E01002233,Harrow,Criminal Damage,Criminal Damage To Dwelling,0,2015,8
E01004305,Tower Hamlets,Other Notifiable Offences,Other Notifiable,2,2011,4
E01001541,Enfield,Theft and Handling,Theft/Taking Of Motor Vehicle,0,2016,2
E01001356,Ealing,Theft and Handling,Handling Stolen Goods,0,2015,5
E01003481,Newham,Fraud or Forgery,Other Fraud & Forgery,0,2014,12
E01001709,Greenwich,Theft and Handling,Other Theft,2,2015,1
E01003875,Richmond upon Thames,Violence Against the Person,Assault with Injury,1,2008,1
E01002702,Islington,Burglary,Burglary in a Dwelling,1,2014,3
E01003892,Richmond upon Thames,Drugs,Possession Of Drugs,0,2008,2
E01000436,Bexley,Violence Against the Person,Assault with Injury,0,2009,10
E01003429,Merton,Violence Against the Person,Other violence,0,2008,3
E01000384,Bexley,Theft and Handling,Other Theft,0,2009,3
E01003254,Lewisham,Violence Against the Person,Offensive Weapon,0,2014,2
E01004762,Westminster,Violence Against the Person,Wounding/GBH,0,2008,5
E01000399,Bexley,Robbery,Personal Property,0,2013,6
E01002488,Hillingdon,Criminal Damage,Criminal Damage To Motor Vehicle,0,2015,7
E01002747,Islington,Violence Against the Person,Other violence,0,2008,12
E01003476,Merton,Robbery,Personal Property,0,2009,4
E01002624,Hounslow,Theft and Handling,Theft From Motor Vehicle,0,2009,8
E01004542,Wandsworth,Other Notifiable Offences,Going Equipped,0,2009,6
E01004744,Westminster,Robbery,Business Property,0,2012,12
E01004315,Tower Hamlets,Other Notifiable Offences,Going Equipped,0,2012,11
E01002419,Hillingdon,Violence Against the Person,Wounding/GBH,0,2013,5
E01000214,Barnet,Burglary,Burglary in a Dwelling,1,2014,10
E01003015,Lambeth,Drugs,Possession Of Drugs,0,2015,1
E01001095,Croydon,Robbery,Personal Property,1,2009,5
E01004712,Westminster,Violence Against the Person,Offensive Weapon,0,2014,11
E01032573,Hounslow,Burglary,Burglary in Other Buildings,0,2008,10
E01000601,Brent,Burglary,Burglary in a Dwelling,1,2008,5
E01000386,Bexley,Criminal Damage,Other Criminal Damage,0,2013,2
E01002525,Hillingdon,Criminal Damage,Criminal Damage To Other Building,0,2008,5
E01004565,Wandsworth,Theft and Handling,Other Theft Person,0,2016,11
E01002436,Hillingdon,Violence Against the Person,Other violence,0,2009,5
E01033464,Brent,Violence Against the Person,Murder,0,2009,5
E01001807,Hackney,Theft and Handling,Other Theft,1,2011,3
E01004544,Wandsworth,Violence Against the Person,Offensive Weapon,0,2011,8
E01003097,Lambeth,Theft and Handling,Theft From Motor Vehicle,1,2012,9
E01004262,Tower Hamlets,Burglary,Burglary in Other Buildings,0,2011,7
E01004140,Sutton,Fraud or Forgery,Other Fraud & Forgery,0,2009,5
E01002593,Hounslow,Drugs,Drug Trafficking,1,2010,7
E01003082,Lambeth,Violence Against the Person,Other violence,0,2015,11
E01003494,Newham,Theft and Handling,Motor Vehicle Interference & Tampering,0,2015,6
E01001000,Croydon,Theft and Handling,Theft/Taking of Pedal Cycle,0,2012,12
E01004081,Sutton,Drugs,Possession Of Drugs,0,2016,11
E01003353,Lewisham,Violence Against the Person,Wounding/GBH,0,2014,8
E01002731,Islington,Theft and Handling,Theft/Taking of Pedal Cycle,4,2011,1
E01002809,Islington,Drugs,Other Drugs,0,2015,4
E01002865,Kensington and Chelsea,Burglary,Burglary in Other Buildings,1,2010,8
E01002894,Kensington and Chelsea,Theft and Handling,Theft From Shops,0,2015,4
E01000907,Camden,Violence Against the Person,Other violence,0,2009,2
E01002953,Kingston upon Thames,Criminal Damage,Other Criminal Damage,0,2011,5
E01000437,Bexley,Theft and Handling,Theft/Taking Of Motor Vehicle,0,2011,4
E01000949,Camden,Theft and Handling,Theft/Taking Of Motor Vehicle,0,2012,8
E01003020,Lambeth,Theft and Handling,Motor Vehicle Interference & Tampering,0,2016,10
E01002975,Kingston upon Thames,Violence Against the Person,Harassment,0,2015,4
E01001614,Greenwich,Criminal Damage,Criminal Damage To Other Building,0,2012,7
E01000807,Bromley,Other Notifiable Offences,Other Notifiable,1,2010,2
E01003526,Newham,Theft and Handling,Other Theft Person,0,2009,2
E01003471,Merton,Theft and Handling,Other Theft Person,0,2016,4
E01032512,Westminster,Violence Against the Person,Other violence,0,2008,3
E01002753,Islington,Violence Against the Person,Other violence,0,2015,8
E01000832,Bromley,Violence Against the Person,Wounding/GBH,0,2012,10
E01004739,Westminster,Criminal Damage,Criminal Damage To Dwelling,0,2012,10
E01000318,Barnet,Theft and Handling,Theft/Taking Of Motor Vehicle,0,2013,11
E01003587,Newham,Criminal Damage,Criminal Damage To Other Building,0,2012,4
E01000508,Brent,Drugs,Drug Trafficking,0,2014,3
E01000517,Brent,Theft and Handling,Other Theft Person,1,2014,6
E01003126,Lambeth,Violence Against the Person,Assault with Injury,0,2013,2
E01000360,Bexley,Criminal Damage,Criminal Damage To Other Building,0,2011,12
E01004296,Tower Hamlets,Other Notifiable Offences,Going Equipped,0,2014,10
E01001957,Hammersmith and Fulham,Theft and Handling,Other Theft,0,2012,6
E01000120,Barnet,Robbery,Personal Property,0,2015,5
E01004218,Tower Hamlets,Theft and Handling,Theft From Motor Vehicle,1,2009,4
E01001227,Ealing,Violence Against the Person,Other violence,0,2013,4
E01003217,Lewisham,Drugs,Possession Of Drugs,1,2012,6
E01003142,Lambeth,Other Notifiable Offences,Other Notifiable,0,2011,3
E01004737,Westminster,Theft and Handling,Theft/Taking of Pedal Cycle,0,2014,6
E01001978,Haringey,Violence Against the Person,Offensive Weapon,0,2013,6
E01001841,Hackney,Robbery,Personal Property,2,2013,8
E01004641,Wandsworth,Theft and Handling,Other Theft,0,2011,8
E01001411,Enfield,Burglary,Burglary in a Dwelling,2,2010,11
E01003401,Merton,Theft and Handling,Motor Vehicle Interference & Tampering,0,2010,2
E01001884,Hammersmith and Fulham,Criminal Damage,Criminal Damage To Motor Vehicle,0,2010,5
E01001427,Enfield,Violence Against the Person,Wounding/GBH,0,2011,4
E01000360,Bexley,Violence Against the Person,Harassment,3,2014,4
E01001274,Ealing,Theft and Handling,Handling Stolen Goods,0,2008,7
E01001527,Enfield,Theft and Handling,Theft/Taking of Pedal Cycle,0,2011,2
E01003797,Richmond upon Thames,Theft and Handling,Motor Vehicle Interference & Tampering,0,2010,3
E01003805,Richmond upon Thames,Theft and Handling,Theft/Taking Of Motor Vehicle,0,2009,9
E01003101,Lambeth,Theft and Handling,Theft/Taking Of Motor Vehicle,3,2009,7
E01000615,Brent,Theft and Handling,Handling Stolen Goods,0,2016,3
E01001152,Croydon,Burglary,Burglary in a Dwelling,0,2016,1
E01001686,Greenwich,Burglary,Burglary in a Dwelling,0,2016,6
E01002523,Hillingdon,Theft and Handling,Theft From Shops,0,2016,11
E01002601,Hounslow,Burglary,Burglary in a Dwelling,0,2012,10
E01001253,Ealing,Drugs,Other Drugs,0,2010,2
E01001344,Ealing,Theft and Handling,Theft From Shops,0,2016,1
E01002447,Hillingdon,Sexual Offences,Rape,0,2014,11
E01003159,Lambeth,Criminal Damage,Criminal Damage To Motor Vehicle,0,2016,3
E01002198,Harrow,Drugs,Drug Trafficking,0,2011,12
E01001657,Greenwich,Criminal Damage,Criminal Damage To Motor Vehicle,0,2015,6
E01032788,Hammersmith and Fulham,Theft and Handling,Other Theft Person,0,2009,2
E01001115,Croydon,Theft and Handling,Other Theft,3,2014,4
E01003322,Lewisham,Violence Against the Person,Offensive Weapon,0,2012,11
E01000381,Bexley,Theft and Handling,Other Theft,0,2014,9
E01003479,Newham,Theft and Handling,Theft From Motor Vehicle,0,2008,5
E01002363,Havering,Criminal Damage,Other Criminal Damage,0,2015,3
E01003305,Lewisham,Violence Against the Person,Other violence,0,2016,7
E01001140,Croydon,Theft and Handling,Theft From Motor Vehicle,3,2008,3
E01002708,Islington,Violence Against the Person,Offensive Weapon,0,2016,2
E01003943,Southwark,Violence Against the Person,Other violence,0,2014,9
E01000976,Croydon,Theft and Handling,Theft/Taking of Pedal Cycle,0,2014,9
E01001680,Greenwich,Criminal Damage,Criminal Damage To Dwelling,0,2014,8
E01001961,Hammersmith and Fulham,Criminal Damage,Criminal Damage To Motor Vehicle,0,2011,1
E01004546,Wandsworth,Other Notifiable Offences,Going Equipped,0,2015,7
E01003988,Southwark,Drugs,Drug Trafficking,0,2016,5
E01001427,Enfield,Theft and Handling,Other Theft Person,0,2016,3
E01002603,Hounslow,Violence Against the Person,Wounding/GBH,0,2008,5
E01002474,Hillingdon,Drugs,Drug Trafficking,0,2016,3
E01002181,Harrow,Violence Against the Person,Other violence,1,2009,2
E01004251,Tower Hamlets,Robbery,Personal Property,0,2008,2
E01002593,Hounslow,Violence Against the Person,Offensive Weapon,1,2011,9
E01001558,Enfield,Burglary,Burglary in Other Buildings,4,2011,8
E01003979,Southwark,Fraud or Forgery,Other Fraud & Forgery,0,2011,1
E01001444,Enfield,Theft and Handling,Other Theft,1,2015,10
E01000213,Barnet,Criminal Damage,Other Criminal Damage,0,2014,4
E01003125,Lambeth,Criminal Damage,Criminal Damage To Other Building,0,2010,8
E01004376,Waltham Forest,Theft and Handling,Theft/Taking Of Motor Vehicle,0,2010,10
E01002564,Hounslow,Theft and Handling,Theft/Taking of Pedal Cycle,1,2011,2
E01001621,Greenwich,Drugs,Drug Trafficking,1,2010,1
E01001438,Enfield,Violence Against the Person,Common Assault,2,2010,1
E01004434,Waltham Forest,Theft and Handling,Other Theft,1,2010,7
E01003375,Merton,Violence Against the Person,Harassment,0,2009,4
E01000281,Barnet,Criminal Damage,Other Criminal Damage,0,2013,9
E01004566,Wandsworth,Violence Against the Person,Offensive Weapon,0,2008,10
E01000043,Barking and Dagenham,Criminal Damage,Criminal Damage To Dwelling,0,2011,5
E01001307,Ealing,Drugs,Possession Of Drugs,0,2016,11
E01003917,Southwark,Violence Against the Person,Harassment,4,2014,7
E01000269,Barnet,Theft and Handling,Other Theft,1,2013,3
E01002951,Kingston upon Thames,Violence Against the Person,Other violence,0,2016,9
E01001198,Ealing,Criminal Damage,Criminal Damage To Other Building,0,2014,3
E01001733,Hackney,Sexual Offences,Other Sexual,0,2016,5
E01003127,Lambeth,Violence Against the Person,Harassment,1,2011,2
E01033486,Islington,Drugs,Drug Trafficking,0,2013,11
E01003622,Newham,Criminal Damage,Other Criminal Damage,0,2013,8
E01000932,Camden,Violence Against the Person,Wounding/GBH,1,2014,1
E01003840,Richmond upon Thames,Violence Against the Person,Assault with Injury,0,2009,5
E01000681,Bromley,Theft and Handling,Other Theft,0,2016,12
E01003362,Merton,Criminal Damage,Criminal Damage To Motor Vehicle,0,2009,2
E01001216,Ealing,Theft and Handling,Other Theft,2,2016,6
E01000995,Croydon,Criminal Damage,Criminal Damage To Other Building,0,2013,9
E01002102,Haringey,Violence Against the Person,Wounding/GBH,1,2009,9
E01002292,Havering,Violence Against the Person,Other violence,0,2009,11
E01001714,Hackney,Violence Against the Person,Common Assault,0,2015,11
E01002160,Harrow,Other Notifiable Offences,Other Notifiable,0,2008,10
E01001312,Ealing,Theft and Handling,Theft From Shops,3,2012,2
E01004713,Westminster,Theft and Handling,Motor Vehicle Interference & Tampering,0,2008,4
E01000572,Brent,Theft and Handling,Theft/Taking of Pedal Cycle,0,2010,10
E01000497,Brent,Theft and Handling,Theft From Motor Vehicle,3,2013,7
E01032743,Ealing,Violence Against the Person,Assault with Injury,2,2016,8
E01002625,Hounslow,Theft and Handling,Handling Stolen Goods,0,2012,7
E01003657,Redbridge,Theft and Handling,Motor Vehicle Interference & Tampering,0,2010,3
E01000129,Barnet,Theft and Handling,Theft From Motor Vehicle,2,2013,5
E01003595,Newham,Violence Against the Person,Assault with Injury,1,2009,1
E01004645,Wandsworth,Criminal Damage,Other Criminal Damage,1,2008,4
E01002988,Kingston upon Thames,Theft and Handling,Theft From Shops,0,2015,9
E01000217,Barnet,Other Notifiable Offences,Other Notifiable,1,2012,2
E01000404,Bexley,Theft and Handling,Other Theft,0,2014,3
E01003848,Richmond upon Thames,Violence Against the Person,Wounding/GBH,0,2013,6
E01000672,Bromley,Violence Against the Person,Offensive Weapon,0,2008,4
E01002283,Havering,Criminal Damage,Criminal Damage To Motor Vehicle,0,2009,7
E01000609,Brent,Theft and Handling,Theft/Taking Of Motor Vehicle,1,2015,12
E01000268,Barnet,Violence Against the Person,Common Assault,1,2012,4
E01001947,Hammersmith and Fulham,Violence Against the Person,Offensive Weapon,0,2013,7
E01000088,Barking and Dagenham,Burglary,Burglary in a Dwelling,1,2012,5
E01033571,Richmond upon Thames,Criminal Damage,Other Criminal Damage,0,2008,8
E01000864,Camden,Other Notifiable Offences,Other Notifiable,0,2008,4
E01003929,Southwark,Drugs,Other Drugs,0,2013,10
E01002648,Hounslow,Other Notifiable Offences,Going Equipped,0,2013,4
E01000948,Camden,Theft and Handling,Theft/Taking Of Motor Vehicle,0,2011,7
E01000234,Barnet,Violence Against the Person,Offensive Weapon,0,2008,12
E01002846,Kensington and Chelsea,Theft and Handling,Motor Vehicle Interference & Tampering,0,2010,2
E01004440,Waltham Forest,Drugs,Other Drugs,0,2013,7
E01000438,Bexley,Criminal Damage,Criminal Damage To Other Building,0,2013,10
E01001147,Croydon,Violence Against the Person,Harassment,2,2014,12
E01003550,Newham,Robbery,Business Property,0,2009,6
E01003080,Lambeth,Violence Against the Person,Offensive Weapon,0,2016,3
E01001271,Ealing,Drugs,Drug Trafficking,0,2011,12
E01002868,Kensington and Chelsea,Other Notifiable Offences,Other Notifiable,0,2009,8
E01003031,Lambeth,Criminal Damage,Criminal Damage To Motor Vehicle,0,2012,7
E01003175,Lambeth,Fraud or Forgery,Counted per Victim,0,2011,9
E01003520,Newham,Theft and Handling,Theft/Taking Of Motor Vehicle,0,2008,2
E01002782,Islington,Violence Against the Person,Offensive Weapon,1,2012,3
E01003701,Redbridge,Theft and Handling,Other Theft Person,1,2010,1
E01002698,Islington,Criminal Damage,Criminal Damage To Motor Vehicle,0,2011,8
E01000920,Camden,Theft and Handling,Theft/Taking Of Motor Vehicle,2,2009,5
E01000530,Brent,Drugs,Other Drugs,0,2016,12
E01003719,Redbridge,Theft and Handling,Theft/Taking of Pedal Cycle,0,2008,6
E01003532,Newham,Criminal Damage,Criminal Damage To Dwelling,0,2015,11
E01004724,Westminster,Criminal Damage,Criminal Damage To Dwelling,0,2010,5
E01003603,Newham,Other Notifiable Offences,Other Notifiable,0,2008,11
E01003887,Richmond upon Thames,Criminal Damage,Criminal Damage To Other Building,0,2013,12
E01000708,Bromley,Other Notifiable Offences,Other Notifiable,0,2010,5
E01003327,Lewisham,Theft and Handling,Theft From Motor Vehicle,0,2014,10
E01032584,Southwark,Criminal Damage,Criminal Damage To Other Building,0,2009,10
E01000086,Barking and Dagenham,Burglary,Burglary in Other Buildings,0,2015,10
E01004011,Southwark,Theft and Handling,Other Theft,0,2009,5
E01001961,Hammersmith and Fulham,Robbery,Personal Property,0,2015,8
E01001012,Croydon,Drugs,Possession Of Drugs,2,2016,8
E01000592,Brent,Theft and Handling,Theft From Motor Vehicle,0,2015,8
E01002153,Harrow,Criminal Damage,Other Criminal Damage,0,2008,1
E01003571,Newham,Theft and Handling,Motor Vehicle Interference & Tampering,0,2015,12
E01002201,Harrow,Burglary,Burglary in Other Buildings,0,2010,7
E01001340,Ealing,Theft and Handling,Theft From Motor Vehicle,2,2009,8
E01000730,Bromley,Other Notifiable Offences,Other Notifiable,0,2012,12
E01003721,Redbridge,Other Notifiable Offences,Other Notifiable,0,2013,2
E01003543,Newham,Criminal Damage,Criminal Damage To Motor Vehicle,2,2008,11
E01003635,Newham,Drugs,Possession Of Drugs,0,2015,9
E01004451,Waltham Forest,Drugs,Possession Of Drugs,1,2010,12
E01004103,Sutton,Violence Against the Person,Assault with Injury,0,2012,10
E01004338,Waltham Forest,Violence Against the Person,Assault with Injury,0,2016,12
E01001110,Croydon,Robbery,Business Property,0,2016,4
E01001914,Hammersmith and Fulham,Theft and Handling,Theft/Taking of Pedal Cycle,1,2011,2
E01003826,Richmond upon Thames,Other Notifiable Offences,Other Notifiable,0,2010,1
E01000683,Bromley,Violence Against the Person,Assault with Injury,0,2016,8
E01000647,Bromley,Criminal Damage,Criminal Damage To Other Building,0,2016,6
E01003989,Southwark,Theft and Handling,Other Theft,1,2014,12
E01003016,Lambeth,Criminal Damage,Criminal Damage To Motor Vehicle,0,2015,7
E01003816,Richmond upon Thames,Theft and Handling,Other Theft,1,2008,1
E01000703,Bromley,Robbery,Business Property,0,2010,9
E01000272,Barnet,Theft and Handling,Theft From Shops,0,2014,7
E01000245,Barnet,Violence Against the Person,Wounding/GBH,0,2009,9
E01000165,Barnet,Theft and Handling,Theft From Shops,0,2011,11
E01002408,Hillingdon,Criminal Damage,Other Criminal Damage,0,2014,9
E01003173,Lambeth,Theft and Handling,Handling Stolen Goods,0,2015,11
E01002343,Havering,Robbery,Business Property,0,2012,9
E01003227,Lewisham,Theft and Handling,Theft/Taking Of Motor Vehicle,0,2014,3
E01001348,Ealing,Burglary,Burglary in a Dwelling,0,2014,12
E01002616,Hounslow,Theft and Handling,Theft From Shops,0,2009,7
E01004739,Westminster,Violence Against the Person,Other violence,0,2013,9
E01001690,Greenwich,Robbery,Personal Property,2,2009,8
E01002411,Hillingdon,Theft and Handling,Theft From Shops,1,2015,10
E01001060,Croydon,Theft and Handling,Theft/Taking of Pedal Cycle,0,2009,4
E01004521,Wandsworth,Theft and Handling,Other Theft,1,2016,11
E01002759,Islington,Theft and Handling,Other Theft,0,2013,7
E01003788,Redbridge,Theft and Handling,Motor Vehicle Interference & Tampering,1,2016,7
E01000811,Bromley,Theft and Handling,Other Theft,0,2014,7
E01002507,Hillingdon,Drugs,Other Drugs,0,2013,7
E01002419,Hillingdon,Violence Against the Person,Wounding/GBH,0,2016,9
E01001931,Hammersmith and Fulham,Theft and Handling,Other Theft Person,0,2012,3
E01001625,Greenwich,Criminal Damage,Other Criminal Damage,0,2012,2
E01001332,Ealing,Criminal Damage,Criminal Damage To Other Building,0,2016,5
E01004706,Westminster,Violence Against the Person,Common Assault,0,2010,8
E01000006,Barking and Dagenham,Drugs,Possession Of Drugs,1,2010,8
E01003753,Redbridge,Theft and Handling,Theft From Motor Vehicle,0,2016,1
E01002312,Havering,Theft and Handling,Theft/Taking Of Motor Vehicle,0,2015,4
E01033457,Brent,Theft and Handling,Other Theft,0,2009,3
E01003517,Newham,Violence Against the Person,Assault with Injury,0,2008,9
E01004729,Westminster,Theft and Handling,Theft From Motor Vehicle,0,2012,8
E01004480,Wandsworth,Theft and Handling,Motor Vehicle Interference & Tampering,0,2012,8
E01004679,Westminster,Drugs,Possession Of Drugs,0,2013,9
E01004319,Tower Hamlets,Criminal Damage,Criminal Damage To Dwelling,0,2008,12
E01003824,Richmond upon Thames,Violence Against the Person,Other violence,0,2013,9
E01004289,Tower Hamlets,Burglary,Burglary in Other Buildings,1,2016,5
E01001271,Ealing,Criminal Damage,Criminal Damage To Motor Vehicle,0,2012,8
E01003002,Kingston upon Thames,Burglary,Burglary in a Dwelling,1,2010,4
E01000703,Bromley,Drugs,Possession Of Drugs,1,2009,5
E01004068,Southwark,Theft and Handling,Handling Stolen Goods,0,2009,8
E01001192,Croydon,Theft and Handling,Handling Stolen Goods,0,2016,12
E01002322,Havering,Violence Against the Person,Harassment,1,2010,7
E01004662,Westminster,Criminal Damage,Criminal Damage To Motor Vehicle,0,2014,5
E01000222,Barnet,Criminal Damage,Other Criminal Damage,0,2010,12
E01002888,Kensington and Chelsea,Theft and Handling,Theft/Taking of Pedal Cycle,0,2012,1
E01004228,Tower Hamlets,Drugs,Possession Of Drugs,2,2009,2
E01003189,Lewisham,Other Notifiable Offences,Other Notifiable,0,2010,4
E01003497,Newham,Other Notifiable Offences,Going Equipped,0,2014,10
E01000431,Bexley,Criminal Damage,Criminal Damage To Motor Vehicle,1,2016,8
E01000888,Camden,Violence Against the Person,Common Assault,0,2012,3
E01001152,Croydon,Theft and Handling,Other Theft,1,2015,12
E01000893,Camden,Criminal Damage,Criminal Damage To Dwelling,0,2008,11
E01000901,Camden,Violence Against the Person,Common Assault,0,2008,6
E01001499,Enfield,Violence Against the Person,Offensive Weapon,0,2016,10
E01004729,Westminster,Criminal Damage,Criminal Damage To Dwelling,0,2016,9
E01004056,Southwark,Drugs,Drug Trafficking,1,2013,10
E01000133,Barnet,Criminal Damage,Other Criminal Damage,0,2013,7
E01000410,Bexley,Theft and Handling,Theft From Motor Vehicle,0,2014,1
E01000984,Croydon,Theft and Handling,Theft/Taking Of Motor Vehicle,0,2010,2
E01000208,Barnet,Burglary,Burglary in Other Buildings,2,2016,3
E01002028,Haringey,Robbery,Business Property,0,2008,11
E01000798,Bromley,Theft and Handling,Handling Stolen Goods,0,2011,12
E01002704,Islington,Robbery,Personal Property,3,2008,2
E01002270,Havering,Violence Against the Person,Assault with Injury,0,2014,10
E01004648,Westminster,Violence Against the Person,Other violence,0,2013,4
E01004447,Waltham Forest,Drugs,Drug Trafficking,0,2016,7
E01003716,Redbridge,Violence Against the Person,Wounding/GBH,1,2016,11
E01000294,Barnet,Robbery,Personal Property,0,2015,2
E01033583,Newham,Theft and Handling,Motor Vehicle Interference & Tampering,0,2013,3
E01001899,Hammersmith and Fulham,Drugs,Other Drugs,0,2014,2
E01004000,Southwark,Criminal Damage,Criminal Damage To Motor Vehicle,0,2014,10
E01003953,Southwark,Theft and Handling,Other Theft Person,1,2014,1
E01000983,Croydon,Theft and Handling,Theft From Shops,0,2013,11
E01001015,Croydon,Violence Against the Person,Common Assault,0,2016,2
E01004552,Wandsworth,Theft and Handling,Theft From Shops,4,2011,2
E01002440,Hillingdon,Violence Against the Person,Offensive Weapon,0,2011,7
E01001876,Hammersmith and Fulham,Theft and Handling,Theft From Shops,0,2016,9
E01003828,Richmond upon Thames,Criminal Damage,Criminal Damage To Motor Vehicle,0,2011,1
E01002278,Havering,Theft and Handling,Other Theft Person,0,2014,2
E01004471,Waltham Forest,Criminal Damage,Criminal Damage To Other Building,0,2016,3
E01001731,Hackney,Other Notifiable Offences,Going Equipped,0,2011,8
E01004397,Waltham Forest,Other Notifiable Offences,Going Equipped,0,2016,9
E01002790,Islington,Drugs,Drug Trafficking,0,2010,12
E01003177,Lambeth,Criminal Damage,Criminal Damage To Dwelling,0,2014,8
E01003143,Lambeth,Robbery,Business Property,0,2009,5
E01001325,Ealing,Violence Against the Person,Harassment,1,2008,3
E01001687,Greenwich,Theft and Handling,Handling Stolen Goods,0,2011,4
E01033595,Westminster,Theft and Handling,Other Theft Person,72,2015,6
E01001545,Enfield,Theft and Handling,Theft From Motor Vehicle,1,2008,6
E01003340,Lewisham,Theft and Handling,Theft/Taking of Pedal Cycle,1,2013,1
E01004074,Southwark,Robbery,Business Property,0,2013,7
E01003913,Southwark,Robbery,Business Property,0,2010,11
E01000805,Bromley,Theft and Handling,Other Theft,1,2010,5
E01002397,Hillingdon,Fraud or Forgery,Other Fraud & Forgery,0,2013,6
E01004723,Westminster,Violence Against the Person,Offensive Weapon,0,2014,4
E01004081,Sutton,Criminal Damage,Criminal Damage To Other Building,0,2015,3
E01000273,Barnet,Criminal Damage,Criminal Damage To Other Building,0,2011,1
E01001200,Ealing,Violence Against the Person,Harassment,1,2009,5
E01004033,Southwark,Violence Against the Person,Offensive Weapon,0,2009,2
E01004170,Sutton,Robbery,Business Property,0,2012,7
E01001231,Ealing,Violence Against the Person,Harassment,1,2008,11
E01003502,Newham,Drugs,Possession Of Drugs,1,2008,7
E01002716,Islington,Violence Against the Person,Assault with Injury,1,2014,8
E01000745,Bromley,Theft and Handling,Other Theft,0,2011,6
E01003355,Merton,Drugs,Possession Of Drugs,0,2010,9
E01002461,Hillingdon,Theft and Handling,Other Theft Person,0,2016,12
E01003270,Lewisham,Violence Against the Person,Common Assault,0,2009,11
E01002484,Hillingdon,Violence Against the Person,Other violence,0,2012,3
E01000966,Camden,Theft and Handling,Handling Stolen Goods,0,2014,1
E01000322,Barnet,Theft and Handling,Theft/Taking Of Motor Vehicle,0,2014,6
E01000261,Barnet,Criminal Damage,Other Criminal Damage,0,2014,9
E01002371,Havering,Criminal Damage,Criminal Damage To Dwelling,1,2011,9
E01002841,Kensington and Chelsea,Violence Against the Person,Wounding/GBH,0,2014,7
E01000951,Camden,Other Notifiable Offences,Other Notifiable,0,2013,9
E01003359,Merton,Criminal Damage,Criminal Damage To Dwelling,0,2016,12
E01002805,Islington,Violence Against the Person,Other violence,0,2015,5
E01003921,Southwark,Fraud or Forgery,Counted per Victim,0,2011,7
E01002507,Hillingdon,Other Notifiable Offences,Other Notifiable,0,2011,9
E01001239,Ealing,Theft and Handling,Theft/Taking of Pedal Cycle,1,2016,11
E01002013,Haringey,Drugs,Drug Trafficking,0,2015,8
E01002268,Havering,Other Notifiable Offences,Other Notifiable,0,2009,8
E01004762,Westminster,Theft and Handling,Motor Vehicle Interference & Tampering,1,2014,11
E01002374,Havering,Theft and Handling,Other Theft,0,2008,12
E01003578,Newham,Drugs,Possession Of Drugs,3,2012,8
E01003658,Redbridge,Robbery,Personal Property,2,2012,6
E01002403,Hillingdon,Theft and Handling,Other Theft Person,1,2012,10
E01003063,Lambeth,Drugs,Possession Of Drugs,0,2016,12
E01004413,Waltham Forest,Theft and Handling,Other Theft,0,2014,8
E01002149,Harrow,Burglary,Burglary in a Dwelling,1,2012,8
E01004167,Sutton,Theft and Handling,Other Theft,1,2014,8
E01000555,Brent,Robbery,Personal Property,0,2012,9
E01004710,Westminster,Violence Against the Person,Common Assault,2,2013,11
E01001922,Hammersmith and Fulham,Theft and Handling,Theft From Motor Vehicle,0,2016,11
E01001509,Enfield,Robbery,Personal Property,0,2009,3
E01001655,Greenwich,Theft and Handling,Other Theft,0,2008,4
E01001659,Greenwich,Robbery,Business Property,0,2016,3
E01000883,Camden,Violence Against the Person,Other violence,0,2015,1
E01001111,Croydon,Theft and Handling,Theft From Shops,2,2015,2
E01004450,Waltham Forest,Criminal Damage,Other Criminal Damage,0,2013,6
E01003814,Richmond upon Thames,Burglary,Burglary in Other Buildings,0,2011,12
E01001474,Enfield,Other Notifiable Offences,Going Equipped,0,2016,9
E01004241,Tower Hamlets,Drugs,Possession Of Drugs,1,2011,7
E01002079,Haringey,Violence Against the Person,Offensive Weapon,0,2015,8
E01001113,Croydon,Drugs,Possession Of Drugs,2,2009,5
E01000645,Bromley,Robbery,Personal Property,0,2013,7
E01000374,Bexley,Drugs,Possession Of Drugs,0,2015,7
E01001394,Enfield,Violence Against the Person,Common Assault,3,2016,2
E01004204,Tower Hamlets,Criminal Damage,Criminal Damage To Other Building,0,2014,8
E01004636,Wandsworth,Robbery,Business Property,0,2012,1
E01001208,Ealing,Violence Against the Person,Wounding/GBH,0,2008,12
E01003861,Richmond upon Thames,Violence Against the Person,Common Assault,0,2014,3
E01003332,Lewisham,Burglary,Burglary in Other Buildings,1,2015,7
E01003251,Lewisham,Criminal Damage,Other Criminal Damage,0,2016,4
E01004404,Waltham Forest,Robbery,Business Property,0,2016,3
E01001631,Greenwich,Other Notifiable Offences,Other Notifiable,1,2010,5
E01000250,Barnet,Violence Against the Person,Other violence,0,2009,1
E01000064,Barking and Dagenham,Theft and Handling,Theft/Taking of Pedal Cycle,0,2015,8
E01000409,Bexley,Violence Against the Person,Other violence,3,2014,3
E01001232,Ealing,Fraud or Forgery,Counted per Victim,0,2008,1
E01001188,Croydon,Violence Against the Person,Common Assault,0,2014,7
E01000605,Brent,Robbery,Business Property,0,2013,2
E01001358,Ealing,Criminal Damage,Criminal Damage To Dwelling,0,2011,9
E01001540,Enfield,Violence Against the Person,Wounding/GBH,0,2016,1
E01001341,Ealing,Robbery,Business Property,0,2013,7
E01001316,Ealing,Violence Against the Person,Common Assault,1,2013,2
E01003096,Lambeth,Criminal Damage,Criminal Damage To Other Building,0,2009,8
E01000609,Brent,Theft and Handling,Theft From Shops,0,2009,9
E01003697,Redbridge,Burglary,Burglary in a Dwelling,1,2016,10
E01003856,Richmond upon Thames,Violence Against the Person,Other violence,0,2010,3
E01003444,Merton,Burglary,Burglary in a Dwelling,2,2016,8
E01001821,Hackney,Theft and Handling,Theft/Taking Of Motor Vehicle,1,2014,2
E01003319,Lewisham,Violence Against the Person,Wounding/GBH,0,2016,5
E01003174,Lambeth,Theft and Handling,Motor Vehicle Interference & Tampering,0,2009,8
E01003081,Lambeth,Criminal Damage,Criminal Damage To Motor Vehicle,1,2016,4
E01002636,Hounslow,Violence Against the Person,Wounding/GBH,0,2009,5
E01000237,Barnet,Theft and Handling,Motor Vehicle Interference & Tampering,0,2011,3
E01001756,Hackney,Burglary,Burglary in Other Buildings,1,2016,2
E01001149,Croydon,Violence Against the Person,Other violence,1,2012,12
E01001047,Croydon,Violence Against the Person,Wounding/GBH,0,2009,6
E01002569,Hounslow,Sexual Offences,Rape,0,2010,6
E01002497,Hillingdon,Violence Against the Person,Wounding/GBH,0,2010,9
E01001245,Ealing,Drugs,Possession Of Drugs,0,2009,5
E01001507,Enfield,Violence Against the Person,Offensive Weapon,1,2010,3
E01004235,Tower Hamlets,Drugs,Drug Trafficking,0,2015,11
E01004248,Tower Hamlets,Burglary,Burglary in a Dwelling,1,2012,5
E01001408,Enfield,Theft and Handling,Handling Stolen Goods,0,2009,11
E01003016,Lambeth,Drugs,Possession Of Drugs,2,2009,1
E01002243,Havering,Drugs,Possession Of Drugs,1,2016,8
E01003666,Redbridge,Theft and Handling,Other Theft Person,0,2009,8
E01004527,Wandsworth,Criminal Damage,Criminal Damage To Other Building,0,2014,3
E01002280,Havering,Criminal Damage,Criminal Damage To Other Building,0,2015,5
E01001963,Haringey,Sexual Offences,Other Sexual,0,2015,11
E01000238,Barnet,Criminal Damage,Other Criminal Damage,0,2011,5
E01003445,Merton,Theft and Handling,Theft/Taking of Pedal Cycle,0,2016,3
E01003389,Merton,Drugs,Other Drugs,0,2011,4
E01004319,Tower Hamlets,Drugs,Drug Trafficking,0,2016,6
E01002077,Haringey,Drugs,Other Drugs,0,2014,10
E01001826,Hackney,Drugs,Drug Trafficking,0,2009,12
E01001215,Ealing,Theft and Handling,Other Theft,2,2008,10
E01000568,Brent,Drugs,Possession Of Drugs,3,2011,4
E01002537,Hillingdon,Violence Against the Person,Murder,0,2013,7
E01000747,Bromley,Theft and Handling,Handling Stolen Goods,1,2009,10
E01004423,Waltham Forest,Drugs,Drug Trafficking,0,2011,3
E01002596,Hounslow,Drugs,Drug Trafficking,0,2015,8
E01002972,Kingston upon Thames,Criminal Damage,Criminal Damage To Motor Vehicle,0,2010,2
E01003380,Merton,Theft and Handling,Theft/Taking of Pedal Cycle,0,2011,5
E01004477,Wandsworth,Criminal Damage,Criminal Damage To Motor Vehicle,0,2015,3
E01001176,Croydon,Violence Against the Person,Common Assault,0,2009,1
E01003196,Lewisham,Violence Against the Person,Assault with Injury,0,2010,8
E01000452,Bexley,Violence Against the Person,Common Assault,0,2012,4
E01003471,Merton,Theft and Handling,Theft/Taking of Pedal Cycle,0,2010,5
E01003835,Richmond upon Thames,Burglary,Burglary in Other Buildings,1,2008,10
E01002430,Hillingdon,Criminal Damage,Criminal Damage To Other Building,0,2011,6
E01000481,Brent,Theft and Handling,Handling Stolen Goods,0,2015,12
E01003595,Newham,Drugs,Possession Of Drugs,0,2016,5
E01002077,Haringey,Violence Against the Person,Harassment,3,2012,3
E01003308,Lewisham,Criminal Damage,Criminal Damage To Other Building,1,2008,12
E01002516,Hillingdon,Theft and Handling,Theft/Taking Of Motor Vehicle,0,2012,5
E01004634,Wandsworth,Theft and Handling,Other Theft Person,1,2010,2
E01003549,Newham,Theft and Handling,Theft From Shops,0,2009,4
E01002379,Havering,Robbery,Personal Property,0,2009,3
E01000588,Brent,Theft and Handling,Motor Vehicle Interference & Tampering,0,2011,8
E01004421,Waltham Forest,Violence Against the Person,Harassment,0,2010,11
E01004643,Wandsworth,Theft and Handling,Motor Vehicle Interference & Tampering,0,2008,7
E01001554,Enfield,Violence Against the Person,Wounding/GBH,2,2014,6
E01002214,Harrow,Drugs,Drug Trafficking,0,2016,4
E01033589,Redbridge,Theft and Handling,Motor Vehicle Interference & Tampering,0,2008,10
E01004490,Wandsworth,Robbery,Business Property,0,2016,1
E01003325,Lewisham,Burglary,Burglary in a Dwelling,0,2015,7
E01001085,Croydon,Violence Against the Person,Other violence,0,2010,2
E01003186,Lambeth,Theft and Handling,Theft From Motor Vehicle,0,2012,1
E01001987,Haringey,Criminal Damage,Other Criminal Damage,0,2012,8
E01002710,Islington,Robbery,Personal Property,1,2009,7
E01003955,Southwark,Drugs,Drug Trafficking,0,2009,9
E01004178,Sutton,Theft and Handling,Theft From Motor Vehicle,0,2016,3
E01001695,Greenwich,Sexual Offences,Other Sexual,0,2012,7
E01002249,Havering,Burglary,Burglary in a Dwelling,3,2012,9
E01032562,Bromley,Violence Against the Person,Assault with Injury,0,2009,12
E01002842,Kensington and Chelsea,Theft and Handling,Other Theft,0,2012,5
E01003090,Lambeth,Other Notifiable Offences,Going Equipped,0,2012,12
E01000015,Barking and Dagenham,Theft and Handling,Theft From Motor Vehicle,0,2011,9
E01001846,Hackney,Theft and Handling,Handling Stolen Goods,0,2008,3
E01004215,Tower Hamlets,Drugs,Possession Of Drugs,0,2008,10
E01000613,Brent,Burglary,Burglary in a Dwelling,0,2015,2
E01002269,Havering,Burglary,Burglary in a Dwelling,2,2016,7
E01002088,Haringey,Burglary,Burglary in Other Buildings,0,2008,5
E01002037,Haringey,Violence Against the Person,Assault with Injury,3,2014,5
E01000366,Bexley,Theft and Handling,Other Theft Person,0,2013,2
E01000911,Camden,Theft and Handling,Theft/Taking of Pedal Cycle,0,2013,11
E01003716,Redbridge,Violence Against the Person,Offensive Weapon,0,2008,1
E01001129,Croydon,Violence Against the Person,Common Assault,0,2009,1
E01032739,City of London,Theft and Handling,Theft/Taking of Pedal Cycle,0,2012,6
E01002496,Hillingdon,Violence Against the Person,Other violence,0,2012,11
E01003494,Newham,Violence Against the Person,Assault with Injury,0,2011,12
E01002710,Islington,Robbery,Personal Property,2,2011,1
E01003094,Lambeth,Theft and Handling,Theft From Motor Vehicle,0,2009,2
E01002666,Hounslow,Theft and Handling,Other Theft Person,0,2014,8
E01001102,Croydon,Theft and Handling,Theft/Taking of Pedal Cycle,0,2015,12
E01000934,Camden,Robbery,Business Property,0,2009,5
E01002407,Hillingdon,Violence Against the Person,Murder,0,2011,6
E01002150,Harrow,Violence Against the Person,Wounding/GBH,0,2009,4
E01001745,Hackney,Criminal Damage,Other Criminal Damage,0,2016,4
E01000156,Barnet,Burglary,Burglary in Other Buildings,1,2013,8
E01002052,Haringey,Drugs,Possession Of Drugs,0,2009,5
E01002300,Havering,Drugs,Drug Trafficking,0,2009,11
E01003731,Redbridge,Theft and Handling,Theft/Taking Of Motor Vehicle,0,2012,9
E01003660,Redbridge,Burglary,Burglary in Other Buildings,0,2015,12
E01033571,Richmond upon Thames,Burglary,Burglary in Other Buildings,0,2008,1
E01002052,Haringey,Criminal Damage,Criminal Damage To Motor Vehicle,0,2011,6
E01032742,Havering,Robbery,Business Property,0,2016,3
E01001779,Hackney,Theft and Handling,Other Theft,3,2010,2
E01000519,Brent,Robbery,Business Property,0,2008,7
E01002049,Haringey,Criminal Damage,Criminal Damage To Other Building,0,2014,11
E01000978,Croydon,Other Notifiable Offences,Other Notifiable,0,2008,3
E01001799,Hackney,Burglary,Burglary in a Dwelling,0,2010,2
E01002328,Havering,Theft and Handling,Handling Stolen Goods,0,2015,3
E01001335,Ealing,Drugs,Drug Trafficking,0,2009,8
E01032720,Southwark,Burglary,Burglary in Other Buildings,3,2016,1
E01002579,Hounslow,Criminal Damage,Other Criminal Damage,0,2010,5
E01032805,Southwark,Theft and Handling,Theft/Taking Of Motor Vehicle,0,2016,12
E01003967,Southwark,Violence Against the Person,Murder,0,2012,8
E01001690,Greenwich,Theft and Handling,Motor Vehicle Interference & Tampering,0,2012,4
E01003904,Richmond upon Thames,Violence Against the Person,Harassment,0,2012,12
E01001227,Ealing,Theft and Handling,Theft/Taking of Pedal Cycle,0,2008,4
E01001819,Hackney,Theft and Handling,Motor Vehicle Interference & Tampering,0,2012,3
E01004085,Sutton,Theft and Handling,Other Theft,2,2008,7
E01001420,Enfield,Criminal Damage,Other Criminal Damage,0,2013,9
E01001347,Ealing,Violence Against the Person,Wounding/GBH,1,2015,3
E01032741,Havering,Drugs,Other Drugs,0,2012,3
E01000154,Barnet,Theft and Handling,Theft From Shops,0,2009,1
E01002676,Hounslow,Theft and Handling,Theft/Taking of Pedal Cycle,0,2013,2
E01000402,Bexley,Criminal Damage,Criminal Damage To Other Building,0,2010,12
E01000317,Barnet,Theft and Handling,Other Theft Person,0,2016,8
E01002494,Hillingdon,Other Notifiable Offences,Other Notifiable,0,2008,2
E01000334,Bexley,Violence Against the Person,Common Assault,0,2012,3
E01002807,Islington,Violence Against the Person,Offensive Weapon,0,2013,7
E01004442,Waltham Forest,Drugs,Possession Of Drugs,1,2011,10
E01002658,Hounslow,Violence Against the Person,Common Assault,0,2008,12
E01002594,Hounslow,Theft and Handling,Theft From Motor Vehicle,0,2010,9
E01000602,Brent,Criminal Damage,Other Criminal Damage,0,2013,2
E01003721,Redbridge,Theft and Handling,Motor Vehicle Interference & Tampering,0,2008,10
E01000860,Camden,Robbery,Business Property,2,2015,8
E01004717,Westminster,Burglary,Burglary in a Dwelling,0,2016,4
E01003524,Newham,Drugs,Drug Trafficking,0,2014,6
E01001064,Croydon,Criminal Damage,Criminal Damage To Other Building,1,2013,8
E01001836,Hackney,Violence Against the Person,Assault with Injury,0,2012,12
E01003373,Merton,Theft and Handling,Handling Stolen Goods,0,2012,8
E01002337,Havering,Theft and Handling,Motor Vehicle Interference & Tampering,0,2010,12
E01001305,Ealing,Theft and Handling,Handling Stolen Goods,0,2008,7
E01003109,Lambeth,Violence Against the Person,Offensive Weapon,1,2008,4
E01001519,Enfield,Violence Against the Person,Murder,0,2013,3
E01000214,Barnet,Violence Against the Person,Offensive Weapon,0,2014,11
E01001715,Hackney,Violence Against the Person,Offensive Weapon,0,2011,1
E01003432,Merton,Criminal Damage,Criminal Damage To Motor Vehicle,1,2009,2
E01004761,Westminster,Robbery,Business Property,0,2010,6
E01002727,Islington,Theft and Handling,Other Theft Person,2,2014,9
E01002483,Hillingdon,Violence Against the Person,Harassment,0,2013,11
E01000605,Brent,Violence Against the Person,Assault with Injury,0,2012,11
E01001586,Greenwich,Criminal Damage,Criminal Damage To Other Building,0,2010,12
E01001125,Croydon,Drugs,Possession Of Drugs,0,2012,5
E01000746,Bromley,Drugs,Drug Trafficking,0,2011,4
E01001082,Croydon,Robbery,Personal Property,0,2008,12
E01003014,Lambeth,Theft and Handling,Other Theft,3,2016,11
E01003095,Lambeth,Criminal Damage,Criminal Damage To Other Building,0,2013,1
E01003456,Merton,Theft and Handling,Motor Vehicle Interference & Tampering,0,2016,5
E01032787,Tower Hamlets,Violence Against the Person,Assault with Injury,0,2015,10
E01004414,Waltham Forest,Violence Against the Person,Assault with Injury,2,2009,6
E01033132,Wandsworth,Criminal Damage,Criminal Damage To Dwelling,0,2014,12
E01000443,Bexley,Burglary,Burglary in Other Buildings,0,2009,11
E01003239,Lewisham,Criminal Damage,Criminal Damage To Dwelling,1,2009,4
E01004090,Sutton,Robbery,Personal Property,0,2010,5
E01004315,Tower Hamlets,Violence Against the Person,Murder,0,2010,5
E01001448,Enfield,Theft and Handling,Handling Stolen Goods,0,2010,10
E01004753,Westminster,Drugs,Other Drugs,0,2013,6
E01003772,Redbridge,Burglary,Burglary in Other Buildings,3,2010,9
E01003992,Southwark,Drugs,Drug Trafficking,0,2011,3
E01004322,Tower Hamlets,Violence Against the Person,Wounding/GBH,0,2014,7
E01004525,Wandsworth,Violence Against the Person,Offensive Weapon,0,2009,2
E01001990,Haringey,Violence Against the Person,Offensive Weapon,0,2015,12
E01001424,Enfield,Theft and Handling,Other Theft Person,0,2008,8
E01000054,Barking and Dagenham,Theft and Handling,Handling Stolen Goods,0,2011,7
E01004527,Wandsworth,Theft and Handling,Other Theft Person,0,2009,5
E01004492,Wandsworth,Other Notifiable Offences,Other Notifiable,1,2008,8
E01003672,Redbridge,Theft and Handling,Handling Stolen Goods,0,2010,10
E01003676,Redbridge,Criminal Damage,Other Criminal Damage,0,2015,3
E01001947,Hammersmith and Fulham,Burglary,Burglary in a Dwelling,0,2015,11
E01004342,Waltham Forest,Criminal Damage,Criminal Damage To Motor Vehicle,0,2016,9
E01003064,Lambeth,Violence Against the Person,Harassment,0,2014,10
E01003595,Newham,Theft and Handling,Motor Vehicle Interference & Tampering,0,2008,12
E01002498,Hillingdon,Drugs,Drug Trafficking,0,2008,5
E01001385,Ealing,Burglary,Burglary in Other Buildings,0,2016,8
E01000845,Camden,Burglary,Burglary in a Dwelling,0,2009,11
E01002649,Hounslow,Drugs,Possession Of Drugs,0,2016,3
E01000254,Barnet,Theft and Handling,Theft From Motor Vehicle,1,2010,7
E01001274,Ealing,Theft and Handling,Other Theft,0,2008,11
E01000621,Brent,Theft and Handling,Motor Vehicle Interference & Tampering,0,2009,8
E01001725,Hackney,Criminal Damage,Criminal Damage To Other Building,0,2008,7
E01002271,Havering,Theft and Handling,Theft/Taking Of Motor Vehicle,0,2012,7
E01002084,Haringey,Theft and Handling,Theft/Taking Of Motor Vehicle,0,2012,12
E01000767,Bromley,Theft and Handling,Motor Vehicle Interference & Tampering,0,2009,7
E01003107,Lambeth,Criminal Damage,Other Criminal Damage,0,2015,2
E01002738,Islington,Theft and Handling,Other Theft Person,3,2013,8
E01001380,Ealing,Theft and Handling,Theft From Shops,0,2012,1
E01004549,Wandsworth,Violence Against the Person,Other violence,0,2009,8
E01003831,Richmond upon Thames,Violence Against the Person,Harassment,0,2008,4
E01033324,Lewisham,Violence Against the Person,Assault with Injury,2,2015,8
E01001950,Hammersmith and Fulham,Burglary,Burglary in a Dwelling,2,2008,12
E01032803,Southwark,Burglary,Burglary in a Dwelling,0,2015,8
E01000964,Camden,Violence Against the Person,Assault with Injury,0,2014,8
E01001181,Croydon,Theft and Handling,Theft/Taking of Pedal Cycle,0,2009,1
E01002395,Hillingdon,Drugs,Drug Trafficking,0,2008,1
E01004179,Sutton,Violence Against the Person,Wounding/GBH,0,2016,9
E01001826,Hackney,Criminal Damage,Criminal Damage To Dwelling,0,2009,5
E01001538,Enfield,Theft and Handling,Theft From Motor Vehicle,0,2014,9
E01003039,Lambeth,Criminal Damage,Criminal Damage To Other Building,1,2008,11
E01003932,Southwark,Burglary,Burglary in a Dwelling,1,2014,8
E01001998,Haringey,Criminal Damage,Criminal Damage To Other Building,0,2013,7
E01000984,Croydon,Theft and Handling,Handling Stolen Goods,0,2016,7
E01004128,Sutton,Criminal Damage,Criminal Damage To Motor Vehicle,0,2009,11
E01001038,Croydon,Violence Against the Person,Assault with Injury,1,2012,2
E01003880,Richmond upon Thames,Burglary,Burglary in a Dwelling,0,2009,7
E01003302,Lewisham,Theft and Handling,Theft/Taking of Pedal Cycle,1,2013,2
E01001601,Greenwich,Criminal Damage,Criminal Damage To Motor Vehicle,1,2012,8
E01002721,Islington,Robbery,Personal Property,0,2015,5
E01001371,Ealing,Violence Against the Person,Wounding/GBH,0,2015,3
E01003540,Newham,Drugs,Drug Trafficking,0,2010,10
E01003255,Lewisham,Criminal Damage,Criminal Damage To Dwelling,1,2008,5
E01003760,Redbridge,Theft and Handling,Theft/Taking Of Motor Vehicle,0,2014,3
E01003256,Lewisham,Theft and Handling,Other Theft Person,0,2016,4
E01000837,Bromley,Robbery,Business Property,0,2014,8
E01003927,Southwark,Other Notifiable Offences,Going Equipped,0,2009,3
E01003360,Merton,Burglary,Burglary in Other Buildings,0,2016,4
E01000426,Bexley,Violence Against the Person,Wounding/GBH,0,2014,12
E01001027,Croydon,Violence Against the Person,Offensive Weapon,0,2011,6
E01000948,Camden,Drugs,Drug Trafficking,0,2013,11
E01003443,Merton,Criminal Damage,Criminal Damage To Dwelling,0,2016,1
E01002672,Hounslow,Violence Against the Person,Harassment,1,2011,5
E01004058,Southwark,Criminal Damage,Criminal Damage To Motor Vehicle,0,2014,12
E01033724,Hillingdon,Theft and Handling,Theft/Taking Of Motor Vehicle,0,2011,8
E01003141,Lambeth,Theft and Handling,Other Theft Person,1,2012,5
E01001424,Enfield,Burglary,Burglary in Other Buildings,0,2011,10
E01004516,Wandsworth,Robbery,Personal Property,1,2012,12
E01002098,Haringey,Theft and Handling,Other Theft,1,2016,12
E01001504,Enfield,Violence Against the Person,Offensive Weapon,0,2010,10
E01004517,Wandsworth,Drugs,Drug Trafficking,0,2012,11
E01001895,Hammersmith and Fulham,Burglary,Burglary in Other Buildings,0,2015,11
E01002845,Kensington and Chelsea,Violence Against the Person,Other violence,0,2011,12
E01004142,Sutton,Other Notifiable Offences,Other Notifiable,1,2008,8
E01001725,Hackney,Burglary,Burglary in a Dwelling,1,2014,7
E01003188,Lambeth,Sexual Offences,Other Sexual,0,2011,2
E01000633,Brent,Criminal Damage,Other Criminal Damage,0,2010,7
E01001333,Ealing,Other Notifiable Offences,Other Notifiable,1,2015,4
E01002409,Hillingdon,Burglary,Burglary in a Dwelling,1,2011,7
E01002391,Havering,Violence Against the Person,Other violence,0,2008,5
E01000884,Camden,Other Notifiable Offences,Other Notifiable,0,2009,12
E01002615,Hounslow,Theft and Handling,Other Theft Person,0,2014,8
E01001952,Hammersmith and Fulham,Violence Against the Person,Common Assault,0,2015,2
E01003300,Lewisham,Criminal Damage,Criminal Damage To Other Building,0,2011,5
E01004696,Westminster,Criminal Damage,Other Criminal Damage,0,2014,1
E01003994,Southwark,Robbery,Business Property,1,2009,4
E01002286,Havering,Theft and Handling,Theft/Taking of Pedal Cycle,0,2012,3
E01002852,Kensington and Chelsea,Violence Against the Person,Offensive Weapon,0,2008,5
E01003784,Redbridge,Criminal Damage,Criminal Damage To Motor Vehicle,0,2014,11
E01004636,Wandsworth,Burglary,Burglary in Other Buildings,0,2016,9
E01001589,Greenwich,Criminal Damage,Other Criminal Damage,0,2012,4
E01033000,Hounslow,Violence Against the Person,Assault with Injury,1,2016,11
E01001525,Enfield,Other Notifiable Offences,Other Notifiable,0,2016,6
E01004510,Wandsworth,Theft and Handling,Other Theft,0,2016,11
E01000446,Bexley,Other Notifiable Offences,Other Notifiable,0,2015,7
E01001099,Croydon,Violence Against the Person,Other violence,0,2015,9
E01004496,Wandsworth,Theft and Handling,Motor Vehicle Interference & Tampering,0,2009,3
E01001168,Croydon,Violence Against the Person,Common Assault,2,2014,11
E01000025,Barking and Dagenham,Theft and Handling,Other Theft,0,2015,4
E01002054,Haringey,Criminal Damage,Other Criminal Damage,0,2008,2
E01003967,Southwark,Violence Against the Person,Wounding/GBH,0,2012,10
E01004068,Southwark,Fraud or Forgery,Other Fraud & Forgery,0,2015,12
E01000727,Bromley,Violence Against the Person,Assault with Injury,0,2013,9
E01003552,Newham,Burglary,Burglary in Other Buildings,0,2016,1
E01002001,Haringey,Theft and Handling,Theft/Taking Of Motor Vehicle,0,2014,11
E01003749,Redbridge,Theft and Handling,Theft/Taking of Pedal Cycle,0,2012,3
E01000273,Barnet,Criminal Damage,Criminal Damage To Other Building,0,2011,11
E01004515,Wandsworth,Other Notifiable Offences,Other Notifiable,0,2009,3
E01004156,Sutton,Robbery,Personal Property,1,2009,6
E01001200,Ealing,Burglary,Burglary in Other Buildings,1,2008,9
E01001776,Hackney,Violence Against the Person,Harassment,0,2013,8
E01001329,Ealing,Criminal Damage,Criminal Damage To Dwelling,1,2009,2
E01000090,Barking and Dagenham,Robbery,Business Property,0,2009,3
E01004691,Westminster,Criminal Damage,Criminal Damage To Other Building,0,2010,5
E01002147,Harrow,Theft and Handling,Motor Vehicle Interference & Tampering,0,2013,1
E01001240,Ealing,Violence Against the Person,Assault with Injury,0,2013,5
E01001333,Ealing,Violence Against the Person,Assault with Injury,1,2013,9
E01000969,Camden,Drugs,Drug Trafficking,0,2011,6
E01001154,Croydon,Burglary,Burglary in Other Buildings,2,2013,12
E01001413,Enfield,Drugs,Drug Trafficking,0,2012,4
E01000002,City of London,Burglary,Burglary in Other Buildings,0,2011,11
E01001284,Ealing,Violence Against the Person,Assault with Injury,0,2012,11
E01002869,Kensington and Chelsea,Violence Against the Person,Other violence,0,2014,6
E01003577,Newham,Violence Against the Person,Common Assault,0,2016,10
E01001673,Greenwich,Theft and Handling,Handling Stolen Goods,0,2010,11
E01001121,Croydon,Theft and Handling,Other Theft,0,2013,1
E01004529,Wandsworth,Theft and Handling,Other Theft,1,2010,3
E01001788,Hackney,Theft and Handling,Theft/Taking of Pedal Cycle,1,2012,5
E01003279,Lewisham,Theft and Handling,Theft From Shops,0,2012,7
E01003615,Newham,Criminal Damage,Other Criminal Damage,0,2015,9
E01003418,Merton,Other Notifiable Offences,Other Notifiable,0,2016,5
E01002609,Hounslow,Robbery,Business Property,0,2013,8
E01000314,Barnet,Violence Against the Person,Other violence,0,2013,8
E01000338,Bexley,Criminal Damage,Other Criminal Damage,0,2010,11
E01003820,Richmond upon Thames,Violence Against the Person,Common Assault,1,2015,11
E01003740,Redbridge,Robbery,Personal Property,0,2014,6
E01000259,Barnet,Burglary,Burglary in a Dwelling,2,2015,4
E01001189,Croydon,Burglary,Burglary in Other Buildings,1,2013,3
E01004164,Sutton,Theft and Handling,Handling Stolen Goods,0,2011,10
E01002928,Kingston upon Thames,Theft and Handling,Other Theft Person,0,2011,7
E01004410,Waltham Forest,Drugs,Possession Of Drugs,0,2011,11
E01004596,Wandsworth,Violence Against the Person,Common Assault,0,2010,2
E01002333,Havering,Criminal Damage,Criminal Damage To Motor Vehicle,0,2008,5
E01004478,Wandsworth,Burglary,Burglary in Other Buildings,0,2012,1
E01002962,Kingston upon Thames,Drugs,Drug Trafficking,0,2013,8
E01000720,Bromley,Theft and Handling,Other Theft,2,2008,2
E01004639,Wandsworth,Other Notifiable Offences,Other Notifiable,0,2014,4
E01001467,Enfield,Violence Against the Person,Murder,0,2011,6
E01003371,Merton,Burglary,Burglary in a Dwelling,0,2011,12
E01003795,Redbridge,Violence Against the Person,Assault with Injury,0,2012,9
E01003793,Redbridge,Drugs,Possession Of Drugs,1,2009,11
E01002269,Havering,Theft and Handling,Other Theft,2,2015,4
E01003176,Lambeth,Violence Against the Person,Wounding/GBH,0,2011,1
E01000174,Barnet,Theft and Handling,Other Theft,2,2015,5
E01003646,Redbridge,Violence Against the Person,Assault with Injury,1,2014,9
E01002342,Havering,Violence Against the Person,Other violence,0,2014,3
E01003635,Newham,Criminal Damage,Criminal Damage To Motor Vehicle,0,2011,3
E01004271,Tower Hamlets,Theft and Handling,Theft/Taking Of Motor Vehicle,0,2014,6
E01002921,Kingston upon Thames,Criminal Damage,Other Criminal Damage,0,2010,9
E01003900,Richmond upon Thames,Violence Against the Person,Assault with Injury,3,2010,8
E01000207,Barnet,Other Notifiable Offences,Other Notifiable,0,2010,4
E01003693,Redbridge,Burglary,Burglary in Other Buildings,0,2008,3
E01001865,Hammersmith and Fulham,Theft and Handling,Theft/Taking Of Motor Vehicle,0,2015,11
E01000410,Bexley,Drugs,Possession Of Drugs,1,2014,3
E01002816,Kensington and Chelsea,Drugs,Possession Of Drugs,0,2016,8
E01003978,Southwark,Criminal Damage,Criminal Damage To Motor Vehicle,0,2011,5
E01002673,Hounslow,Criminal Damage,Criminal Damage To Motor Vehicle,0,2016,12
E01001840,Hackney,Robbery,Personal Property,0,2016,6
E01003478,Merton,Robbery,Personal Property,0,2012,2
E01004408,Waltham Forest,Robbery,Business Property,0,2010,9
E01002331,Havering,Violence Against the Person,Wounding/GBH,0,2016,1
E01003487,Newham,Theft and Handling,Handling Stolen Goods,0,2009,7
E01000559,Brent,Violence Against the Person,Assault with Injury,3,2011,10
E01003444,Merton,Criminal Damage,Other Criminal Damage,0,2016,2
E01002469,Hillingdon,Theft and Handling,Other Theft Person,0,2009,11
E01003691,Redbridge,Violence Against the Person,Assault with Injury,0,2012,12
E01001946,Hammersmith and Fulham,Criminal Damage,Other Criminal Damage,1,2015,7
E01002061,Haringey,Violence Against the Person,Offensive Weapon,0,2010,11
E01002161,Harrow,Theft and Handling,Other Theft,0,2009,4
E01002849,Kensington and Chelsea,Theft and Handling,Motor Vehicle Interference & Tampering,0,2015,3
E01003745,Redbridge,Drugs,Drug Trafficking,0,2012,8
E01002559,Hounslow,Fraud or Forgery,Counted per Victim,0,2012,1
E01002731,Islington,Theft and Handling,Theft From Shops,8,2013,6
E01000260,Barnet,Theft and Handling,Theft/Taking of Pedal Cycle,0,2015,7
E01000900,Camden,Theft and Handling,Other Theft,2,2015,3
E01000471,Brent,Violence Against the Person,Other violence,0,2014,8
E01001199,Ealing,Violence Against the Person,Offensive Weapon,0,2012,10
E01002513,Hillingdon,Violence Against the Person,Other violence,0,2014,11
E01000996,Croydon,Criminal Damage,Criminal Damage To Other Building,0,2012,5
E01001539,Enfield,Violence Against the Person,Wounding/GBH,0,2009,5
E01000438,Bexley,Theft and Handling,Theft From Motor Vehicle,0,2015,1
E01002132,Harrow,Violence Against the Person,Harassment,0,2009,4
E01002771,Islington,Theft and Handling,Theft/Taking of Pedal Cycle,0,2011,4
E01000280,Barnet,Theft and Handling,Handling Stolen Goods,0,2009,5
E01003710,Redbridge,Violence Against the Person,Offensive Weapon,0,2012,11
E01001956,Hammersmith and Fulham,Burglary,Burglary in a Dwelling,3,2012,8
E01004475,Wandsworth,Drugs,Drug Trafficking,0,2009,7
E01001155,Croydon,Theft and Handling,Handling Stolen Goods,0,2010,12
E01002469,Hillingdon,Criminal Damage,Criminal Damage To Dwelling,0,2015,11
E01001146,Croydon,Violence Against the Person,Other violence,0,2016,10
E01001041,Croydon,Violence Against the Person,Wounding/GBH,0,2009,4
E01004518,Wandsworth,Theft and Handling,Theft/Taking of Pedal Cycle,0,2013,8
E01004007,Southwark,Theft and Handling,Other Theft Person,0,2015,1
E01004427,Waltham Forest,Violence Against the Person,Assault with Injury,0,2014,3
E01001737,Hackney,Theft and Handling,Theft/Taking Of Motor Vehicle,0,2016,10
E01003250,Lewisham,Theft and Handling,Theft From Shops,0,2014,10
E01000543,Brent,Criminal Damage,Criminal Damage To Dwelling,0,2015,6
E01004398,Waltham Forest,Violence Against the Person,Other violence,0,2015,1
E01004044,Southwark,Violence Against the Person,Other violence,0,2011,2
E01002181,Harrow,Criminal Damage,Other Criminal Damage,2,2014,12
E01004037,Southwark,Theft and Handling,Theft/Taking Of Motor Vehicle,0,2014,9
E01001659,Greenwich,Theft and Handling,Other Theft Person,0,2014,4
E01003556,Newham,Violence Against the Person,Common Assault,1,2011,11
E01004280,Tower Hamlets,Theft and Handling,Other Theft,0,2015,6
E01032573,Hounslow,Burglary,Burglary in Other Buildings,3,2012,1
E01002596,Hounslow,Theft and Handling,Theft/Taking of Pedal Cycle,1,2010,6
E01003044,Lambeth,Robbery,Personal Property,0,2015,10
E01032784,Tower Hamlets,Robbery,Business Property,0,2012,6
E01032782,Tower Hamlets,Violence Against the Person,Offensive Weapon,0,2011,12
E01003168,Lambeth,Violence Against the Person,Wounding/GBH,0,2011,11
E01003206,Lewisham,Criminal Damage,Criminal Damage To Motor Vehicle,3,2012,5
E01001373,Ealing,Violence Against the Person,Wounding/GBH,2,2011,4
E01004058,Southwark,Violence Against the Person,Assault with Injury,0,2014,7
E01004178,Sutton,Theft and Handling,Theft From Motor Vehicle,3,2012,12
E01002342,Havering,Robbery,Personal Property,0,2013,4
E01002572,Hounslow,Theft and Handling,Handling Stolen Goods,0,2010,3
E01004070,Southwark,Violence Against the Person,Common Assault,0,2015,3
E01000322,Barnet,Burglary,Burglary in Other Buildings,0,2015,8
E01002252,Havering,Theft and Handling,Theft/Taking Of Motor Vehicle,0,2012,2
E01033569,Kingston upon Thames,Violence Against the Person,Common Assault,0,2009,5
E01000678,Bromley,Violence Against the Person,Wounding/GBH,0,2009,8
E01004430,Waltham Forest,Violence Against the Person,Wounding/GBH,0,2010,1
E01002330,Havering,Drugs,Drug Trafficking,0,2014,11
E01002932,Kingston upon Thames,Theft and Handling,Motor Vehicle Interference & Tampering,0,2011,5
E01003010,Kingston upon Thames,Drugs,Possession Of Drugs,0,2013,10
E01003876,Richmond upon Thames,Burglary,Burglary in Other Buildings,6,2011,3
E01002729,Islington,Other Notifiable Offences,Other Notifiable,0,2010,10
E01003316,Lewisham,Criminal Damage,Other Criminal Damage,0,2016,7
E01002905,Kensington and Chelsea,Burglary,Burglary in a Dwelling,1,2016,9
E01004613,Wandsworth,Theft and Handling,Theft From Motor Vehicle,0,2016,5
E01001351,Ealing,Criminal Damage,Criminal Damage To Other Building,3,2009,12
E01033603,Westminster,Criminal Damage,Other Criminal Damage,0,2013,1
E01003609,Newham,Sexual Offences,Rape,0,2015,10
E01000689,Bromley,Violence Against the Person,Harassment,4,2009,1
E01003994,Southwark,Theft and Handling,Theft/Taking Of Motor Vehicle,0,2015,1
E01033706,Hackney,Theft and Handling,Theft/Taking of Pedal Cycle,2,2013,2
E01000559,Brent,Violence Against the Person,Assault with Injury,1,2015,10
E01002432,Hillingdon,Criminal Damage,Criminal Damage To Motor Vehicle,0,2010,11
E01000444,Bexley,Theft and Handling,Other Theft,1,2010,11
E01001475,Enfield,Violence Against the Person,Other violence,0,2016,6
E01001496,Enfield,Criminal Damage,Criminal Damage To Dwelling,0,2013,12
E01004509,Wandsworth,Theft and Handling,Theft/Taking of Pedal Cycle,3,2012,4
E01001111,Croydon,Theft and Handling,Other Theft,1,2008,6
E01000007,Barking and Dagenham,Criminal Damage,Criminal Damage To Other Building,1,2008,7
E01001100,Croydon,Violence Against the Person,Other violence,0,2012,4
E01002438,Hillingdon,Violence Against the Person,Wounding/GBH,2,2010,3
E01001600,Greenwich,Theft and Handling,Handling Stolen Goods,1,2014,5
E01001116,Croydon,Theft and Handling,Other Theft,0,2011,10
E01004490,Wandsworth,Criminal Damage,Criminal Damage To Dwelling,0,2009,1
E01000885,Camden,Violence Against the Person,Assault with Injury,0,2013,3
E01001675,Greenwich,Violence Against the Person,Offensive Weapon,0,2014,1
E01004666,Westminster,Burglary,Burglary in a Dwelling,1,2015,7
E01002147,Harrow,Violence Against the Person,Common Assault,0,2011,10
E01003495,Newham,Criminal Damage,Criminal Damage To Dwelling,0,2016,4
E01001362,Ealing,Violence Against the Person,Offensive Weapon,1,2011,5
E01003469,Merton,Theft and Handling,Other Theft Person,0,2012,9
E01001941,Hammersmith and Fulham,Burglary,Burglary in a Dwelling,1,2015,3
E01001819,Hackney,Criminal Damage,Criminal Damage To Motor Vehicle,0,2011,2
E01003013,Lambeth,Theft and Handling,Theft From Shops,0,2009,1
E01004052,Southwark,Violence Against the Person,Harassment,0,2011,7
E01032788,Hammersmith and Fulham,Theft and Handling,Motor Vehicle Interference & Tampering,0,2008,12
E01001089,Croydon,Violence Against the Person,Wounding/GBH,0,2008,7
E01000520,Brent,Violence Against the Person,Other violence,1,2015,10
E01004281,Tower Hamlets,Theft and Handling,Other Theft,1,2011,4
E01001190,Croydon,Burglary,Burglary in a Dwelling,3,2011,11
E01003188,Lambeth,Criminal Damage,Criminal Damage To Other Building,0,2008,8
E01003911,Southwark,Burglary,Burglary in a Dwelling,1,2014,2
E01003495,Newham,Drugs,Drug Trafficking,0,2015,3
E01000495,Brent,Robbery,Personal Property,0,2009,4
E01002207,Harrow,Theft and Handling,Other Theft Person,0,2015,11
E01004717,Westminster,Criminal Damage,Criminal Damage To Other Building,0,2015,6
E01000469,Bexley,Theft and Handling,Handling Stolen Goods,0,2016,11
E01000780,Bromley,Theft and Handling,Motor Vehicle Interference & Tampering,0,2014,6
E01032788,Hammersmith and Fulham,Theft and Handling,Motor Vehicle Interference & Tampering,0,2008,9
E01000407,Bexley,Theft and Handling,Theft From Motor Vehicle,1,2015,8
E01000981,Croydon,Violence Against the Person,Other violence,0,2014,5
E01003977,Southwark,Robbery,Business Property,0,2015,8
E01003183,Lambeth,Criminal Damage,Other Criminal Damage,0,2010,9
E01000335,Bexley,Drugs,Drug Trafficking,0,2010,3
E01002853,Kensington and Chelsea,Drugs,Other Drugs,0,2009,1
E01003863,Richmond upon Thames,Violence Against the Person,Wounding/GBH,0,2012,12
E01002488,Hillingdon,Theft and Handling,Other Theft,1,2011,6
E01001720,Hackney,Violence Against the Person,Assault with Injury,0,2012,10
E01004536,Wandsworth,Fraud or Forgery,Counted per Victim,0,2009,10
E01003798,Richmond upon Thames,Criminal Damage,Criminal Damage To Dwelling,0,2010,9
E01004445,Waltham Forest,Robbery,Business Property,0,2009,3
E01002781,Islington,Robbery,Business Property,0,2015,4
E01000918,Camden,Theft and Handling,Other Theft,20,2013,7
E01002836,Kensington and Chelsea,Violence Against the Person,Harassment,0,2011,6
E01000369,Bexley,Drugs,Possession Of Drugs,0,2014,12
E01002804,Islington,Violence Against the Person,Common Assault,1,2012,7
E01000238,Barnet,Drugs,Drug Trafficking,0,2009,3
E01003400,Merton,Theft and Handling,Theft From Shops,0,2011,10
E01001562,Enfield,Violence Against the Person,Wounding/GBH,0,2015,10
E01003637,Newham,Theft and Handling,Handling Stolen Goods,0,2013,10
E01000824,Bromley,Sexual Offences,Rape,0,2012,11
E01002508,Hillingdon,Robbery,Personal Property,0,2015,6
E01002077,Haringey,Theft and Handling,Motor Vehicle Interference & Tampering,2,2016,12
E01003392,Merton,Fraud or Forgery,Other Fraud & Forgery,0,2008,4
E01001372,Ealing,Drugs,Drug Trafficking,0,2010,2
E01004094,Sutton,Theft and Handling,Other Theft,2,2016,10
E01003976,Southwark,Violence Against the Person,Assault with Injury,1,2014,3
E01004508,Wandsworth,Theft and Handling,Other Theft Person,0,2009,8
E01002505,Hillingdon,Violence Against the Person,Assault with Injury,1,2014,2
E01004753,Westminster,Theft and Handling,Theft/Taking Of Motor Vehicle,0,2016,4
